condition,condition_key,trial,file,event_type,sample,time_seconds,signed_peak_uv,vertical_z,vertical_horizontal_ratio,width_seconds,velocity_z,signed_delta_uv,direction
Eyes closed,eyes_closed,1,OpenBCI-RAW-2026-06-05_16-34-55.txt,blink-like,502.0,2.008,-982.105659449336,-62.68907253819732,0.33838101964222783,0.6560539991251756,,,
Eyes closed,eyes_closed,1,OpenBCI-RAW-2026-06-05_16-34-55.txt,blink-like,772.0,3.088,333.58635517256675,21.17050732892807,0.36796807921477603,0.6001051116046083,,,
Eyes closed,eyes_closed,1,OpenBCI-RAW-2026-06-05_16-34-55.txt,blink-like,1026.0,4.104,-105.89341264250513,-6.841054860012354,0.38387951279043253,0.6422693819458127,,,
Eyes closed,eyes_closed,1,OpenBCI-RAW-2026-06-05_16-34-55.txt,blink-like,1313.0,5.252,-224.1401459187271,-14.377865346814357,2.1054552777982214,0.09173876730793563,,,
Eyes closed,eyes_closed,1,OpenBCI-RAW-2026-06-05_16-34-55.txt,blink-like,3117.0,12.468,-160.5495229298229,-10.324726110523748,5.599095780225601,0.19824417966536204,,,
Eyes closed,eyes_closed,1,OpenBCI-RAW-2026-06-05_16-34-55.txt,blink-like,4651.0,18.604,-323.3348012031966,-20.700334454153623,4.675837555412112,0.16328582693170393,,,
Eyes closed,eyes_closed,1,OpenBCI-RAW-2026-06-05_16-34-55.txt,blink-like,5546.0,22.184,-280.8883517376148,-17.99488258587746,4.030447680671926,0.13804316498682964,,,
Eyes closed,eyes_closed,1,OpenBCI-RAW-2026-06-05_16-34-55.txt,blink-like,6316.0,25.264,-141.6296290506757,-9.118809882255208,6.105736542855892,0.1862226346395655,,,
Eyes closed,eyes_closed,1,OpenBCI-RAW-2026-06-05_16-34-55.txt,blink-like,7789.0,31.156,-201.94424841432038,-12.96314319390365,3.1508512625628318,0.16261583270146002,,,
Eyes closed,eyes_closed,1,OpenBCI-RAW-2026-06-05_16-34-55.txt,blink-like,9798.0,39.192,-79.25943695233813,-5.143458472144566,1.400128074978105,0.16451295803011454,,,
Eyes closed,eyes_closed,1,OpenBCI-RAW-2026-06-05_16-34-55.txt,blink-like,9976.0,39.904,-172.0271199459963,-11.056285208674142,4.858479995958208,0.1478027109143295,,,
Eyes closed,eyes_closed,1,OpenBCI-RAW-2026-06-05_16-34-55.txt,blink-like,10876.0,43.504,-177.94729971473961,-11.43362563684976,14.828149804950733,0.10985961334987224,,,
Eyes closed,eyes_closed,1,OpenBCI-RAW-2026-06-05_16-34-55.txt,blink-like,12006.0,48.024,-143.4805993798017,-9.236787032243177,8.961361852243915,0.13851650297003654,,,
Eyes closed,eyes_closed,1,OpenBCI-RAW-2026-06-05_16-34-55.txt,blink-like,12389.0,49.556,-131.28402763915392,-8.459401921880625,23.237451877393816,0.09700351913561463,,,
Eyes closed,eyes_closed,1,OpenBCI-RAW-2026-06-05_16-34-55.txt,blink-like,12548.0,50.192,-114.49781131617506,-7.389482037318413,12.942110956162365,0.14805303712921158,,,
Eyes closed,eyes_closed,1,OpenBCI-RAW-2026-06-05_16-34-55.txt,blink-like,13250.0,53.0,-207.05464549880085,-13.288869691971566,4.68230771232487,0.12178811567902449,,,
Eyes closed,eyes_closed,1,OpenBCI-RAW-2026-06-05_16-34-55.txt,blink-like,13559.0,54.236,-111.20511017977007,-7.179611846682438,2.7978908455014615,0.08209693047609472,,,
Eyes closed,eyes_closed,1,OpenBCI-RAW-2026-06-05_16-34-55.txt,blink-like,13933.0,55.732,-195.48201466784258,-12.55125332837268,7.468893194467603,0.12071349229949556,,,
Eyes closed,eyes_closed,1,OpenBCI-RAW-2026-06-05_16-34-55.txt,blink-like,14486.0,57.944,-154.51399037314047,-9.94003332615415,8.94648410182231,0.08858018104691291,,,
Eyes closed,eyes_closed,1,OpenBCI-RAW-2026-06-05_16-34-55.txt,blink-like,14899.0,59.596,-155.99670357882573,-10.034538502981523,7.322242268348459,0.12265436019428307,,,
Eyes closed,eyes_closed,1,OpenBCI-RAW-2026-06-05_16-34-55.txt,blink-like,15297.0,61.188,-130.20957323733285,-8.390918345388757,5.043073126675552,0.10525450356869988,,,
Eyes closed,eyes_closed,1,OpenBCI-RAW-2026-06-05_16-34-55.txt,blink-like,22149.0,88.596,-176.10824197290415,-11.31640777137079,1.2319023935990918,0.1468040538050991,,,
Eyes closed,eyes_closed,1,OpenBCI-RAW-2026-06-05_16-34-55.txt,blink-like,22701.0,90.804,-193.15478553488856,-12.402920393935782,4.2707874018341,0.11501573207424372,,,
Eyes closed,eyes_closed,1,OpenBCI-RAW-2026-06-05_16-34-55.txt,blink-like,24622.0,98.488,-99.17760742215098,-6.413002855447904,13.326665961096388,0.23045140740583883,,,
Eyes closed,eyes_closed,1,OpenBCI-RAW-2026-06-05_16-34-55.txt,blink-like,25239.0,100.956,-163.63348235560485,-10.521291521652778,5.633573659035238,0.11765783216762066,,,
Eyes closed,eyes_closed,1,OpenBCI-RAW-2026-06-05_16-34-55.txt,blink-like,27380.0,109.52,83.4038299274935,5.224373109076076,1.4642313451129652,0.35548256943661544,,,
Eyes closed,eyes_closed,1,OpenBCI-RAW-2026-06-05_16-34-55.txt,blink-like,27506.0,110.024,-246.1627502376418,-15.78154213837325,1.8651166886701611,0.16250120421823522,,,
Eyes closed,eyes_closed,1,OpenBCI-RAW-2026-06-05_16-34-55.txt,blink-like,28883.0,115.532,90.14302334761979,5.653915830757407,2.2980858907273993,0.3165069797761826,,,
Eyes closed,eyes_closed,1,OpenBCI-RAW-2026-06-05_16-34-55.txt,blink-like,28976.0,115.904,-205.57761923407932,-13.194726989397019,2.8548933581656413,0.19561936912263628,,,
Eyes closed,eyes_closed,1,OpenBCI-RAW-2026-06-05_16-34-55.txt,blink-like,30116.0,120.464,265.64938175055136,16.84034040133484,1.8110026505920866,0.23432125853101024,,,
Eyes closed,eyes_closed,1,OpenBCI-RAW-2026-06-05_16-34-55.txt,blink-like,30404.0,121.616,-202.1034348258422,-12.973289417672145,0.5716117428050528,0.10305670342546364,,,
Eyes closed,eyes_closed,1,OpenBCI-RAW-2026-06-05_16-34-55.txt,blink-like,30815.0,123.26,-365.8300825025216,-23.40889876593202,7.5959617735663665,0.08925204241645406,,,
Eyes closed,eyes_closed,1,OpenBCI-RAW-2026-06-05_16-34-55.txt,blink-like,31389.0,125.556,-398.26351254529663,-25.476140785196336,17.39124168346733,0.07340177508223861,,,
Eyes closed,eyes_closed,1,OpenBCI-RAW-2026-06-05_16-34-55.txt,blink-like,31931.0,127.724,-172.23753691106995,-11.069696765552111,0.5333976192807001,0.2739265754482185,,,
Eyes closed,eyes_closed,1,OpenBCI-RAW-2026-06-05_16-34-55.txt,blink-like,32263.0,129.052,-384.5720520853605,-24.603474455099654,8.938807945191856,0.08140586618147791,,,
Eyes closed,eyes_closed,1,OpenBCI-RAW-2026-06-05_16-34-55.txt,blink-like,32940.0,131.76,-451.3329505940469,-28.85868071786558,10.70044094632572,0.09403320273969439,,,
Eyes closed,eyes_closed,1,OpenBCI-RAW-2026-06-05_16-34-55.txt,blink-like,33501.0,134.004,-455.9568865788173,-29.15340115753228,7.692845999871235,0.07797713024594123,,,
Eyes closed,eyes_closed,1,OpenBCI-RAW-2026-06-05_16-34-55.txt,blink-like,33782.0,135.128,-106.99616976625238,-6.911342395442521,1.375129234797336,0.25915054343789234,,,
Eyes closed,eyes_closed,1,OpenBCI-RAW-2026-06-05_16-34-55.txt,blink-like,34019.0,136.076,-313.2644075917302,-20.058467689007344,1.230176731168678,0.11094298536199494,,,
Eyes closed,eyes_closed,1,OpenBCI-RAW-2026-06-05_16-34-55.txt,blink-like,34174.0,136.696,-81.31177822658992,-5.274270603775673,0.25527733606910025,0.053345082778017965,,,
Eyes closed,eyes_closed,1,OpenBCI-RAW-2026-06-05_16-34-55.txt,blink-like,34283.0,137.132,-461.30214927202746,-29.49409752016912,0.8197759895658522,0.08072673461926752,,,
Eyes closed,eyes_closed,1,OpenBCI-RAW-2026-06-05_16-34-55.txt,blink-like,34562.0,138.248,-281.8018146008155,-18.05310488340675,0.5901477940290822,0.10551082531374413,,,
Eyes closed,eyes_closed,1,OpenBCI-RAW-2026-06-05_16-34-55.txt,horizontal-saccade-like,1594.0,6.376,,,,,34.314548087493534,352.7018150245149,positive
Eyes closed,eyes_closed,1,OpenBCI-RAW-2026-06-05_16-34-55.txt,horizontal-saccade-like,1827.0,7.308,,,,,34.95225378929057,359.9251574664995,positive
Eyes closed,eyes_closed,1,OpenBCI-RAW-2026-06-05_16-34-55.txt,horizontal-saccade-like,1864.0,7.456,,,,,31.91872410045821,332.73013001713025,positive
Eyes closed,eyes_closed,1,OpenBCI-RAW-2026-06-05_16-34-55.txt,horizontal-saccade-like,2066.0,8.264,,,,,26.7753134584222,274.60457351276636,positive
Eyes closed,eyes_closed,1,OpenBCI-RAW-2026-06-05_16-34-55.txt,horizontal-saccade-like,2633.0,10.532,,,,,-6.577139989080363,-57.76537610902096,negative
Eyes closed,eyes_closed,1,OpenBCI-RAW-2026-06-05_16-34-55.txt,horizontal-saccade-like,2919.0,11.676,,,,,-9.80986095193487,-100.17310108813672,negative
Eyes closed,eyes_closed,1,OpenBCI-RAW-2026-06-05_16-34-55.txt,horizontal-saccade-like,3295.0,13.18,,,,,-12.798181637710236,-120.87107363050245,negative
Eyes closed,eyes_closed,1,OpenBCI-RAW-2026-06-05_16-34-55.txt,horizontal-saccade-like,3723.0,14.892,,,,,-7.338773424471981,-59.49351855247039,negative
Eyes closed,eyes_closed,1,OpenBCI-RAW-2026-06-05_16-34-55.txt,horizontal-saccade-like,4521.0,18.084,,,,,6.671447320168819,59.80075744738269,positive
Eyes closed,eyes_closed,1,OpenBCI-RAW-2026-06-05_16-34-55.txt,horizontal-saccade-like,5957.0,23.828,,,,,-9.585698275221151,-72.71918314367687,negative
Eyes closed,eyes_closed,1,OpenBCI-RAW-2026-06-05_16-34-55.txt,horizontal-saccade-like,8835.0,35.34,,,,,7.412190060215745,69.33141656198747,positive
Eyes closed,eyes_closed,1,OpenBCI-RAW-2026-06-05_16-34-55.txt,horizontal-saccade-like,9244.0,36.976,,,,,-6.063037456012827,-49.59313928153186,negative
Eyes closed,eyes_closed,1,OpenBCI-RAW-2026-06-05_16-34-55.txt,horizontal-saccade-like,11598.0,46.392,,,,,7.082767289803536,46.068645822124864,positive
Eyes closed,eyes_closed,1,OpenBCI-RAW-2026-06-05_16-34-55.txt,horizontal-saccade-like,14072.0,56.288,,,,,-9.080219419706706,-60.49405770865533,negative
Eyes closed,eyes_closed,1,OpenBCI-RAW-2026-06-05_16-34-55.txt,horizontal-saccade-like,14126.0,56.504,,,,,8.509169790647885,59.72484955336098,positive
Eyes closed,eyes_closed,1,OpenBCI-RAW-2026-06-05_16-34-55.txt,horizontal-saccade-like,14301.0,57.204,,,,,6.977560374141457,45.258514525145465,positive
Eyes closed,eyes_closed,1,OpenBCI-RAW-2026-06-05_16-34-55.txt,horizontal-saccade-like,14741.0,58.964,,,,,11.126542149578277,75.7403515739813,positive
Eyes closed,eyes_closed,1,OpenBCI-RAW-2026-06-05_16-34-55.txt,horizontal-saccade-like,15056.0,60.224,,,,,6.62349493875411,41.054162839451806,positive
Eyes closed,eyes_closed,1,OpenBCI-RAW-2026-06-05_16-34-55.txt,horizontal-saccade-like,16031.0,64.124,,,,,-9.605878562725875,-70.96695928118666,negative
Eyes closed,eyes_closed,1,OpenBCI-RAW-2026-06-05_16-34-55.txt,horizontal-saccade-like,16161.0,64.644,,,,,6.474984782278778,45.92316226110205,positive
Eyes closed,eyes_closed,1,OpenBCI-RAW-2026-06-05_16-34-55.txt,horizontal-saccade-like,16467.0,65.868,,,,,-7.848453042620317,-59.28930206905176,negative
Eyes closed,eyes_closed,1,OpenBCI-RAW-2026-06-05_16-34-55.txt,horizontal-saccade-like,16908.0,67.632,,,,,9.436746243437378,64.59187035536314,positive
Eyes closed,eyes_closed,1,OpenBCI-RAW-2026-06-05_16-34-55.txt,horizontal-saccade-like,17100.0,68.4,,,,,6.258227327219364,46.47372695637603,positive
Eyes closed,eyes_closed,1,OpenBCI-RAW-2026-06-05_16-34-55.txt,horizontal-saccade-like,17972.0,71.888,,,,,9.04457620578737,59.12268706713145,positive
Eyes closed,eyes_closed,1,OpenBCI-RAW-2026-06-05_16-34-55.txt,horizontal-saccade-like,18144.0,72.576,,,,,9.80049981422531,64.96795828740986,positive
Eyes closed,eyes_closed,1,OpenBCI-RAW-2026-06-05_16-34-55.txt,horizontal-saccade-like,19554.0,78.216,,,,,13.6081304656133,97.86980116917093,positive
Eyes closed,eyes_closed,1,OpenBCI-RAW-2026-06-05_16-34-55.txt,horizontal-saccade-like,19770.0,79.08,,,,,-10.212633059199494,-71.52437900598675,negative
Eyes closed,eyes_closed,1,OpenBCI-RAW-2026-06-05_16-34-55.txt,horizontal-saccade-like,19846.0,79.384,,,,,6.522181330766917,44.74276704362114,positive
Eyes closed,eyes_closed,1,OpenBCI-RAW-2026-06-05_16-34-55.txt,horizontal-saccade-like,20190.0,80.76,,,,,9.717916158104925,65.01299937715032,positive
Eyes closed,eyes_closed,1,OpenBCI-RAW-2026-06-05_16-34-55.txt,horizontal-saccade-like,21010.0,84.04,,,,,9.606040383740526,65.78044451185959,positive
Eyes closed,eyes_closed,1,OpenBCI-RAW-2026-06-05_16-34-55.txt,horizontal-saccade-like,22829.0,91.316,,,,,20.39076021404662,164.76412625706934,positive
Eyes closed,eyes_closed,1,OpenBCI-RAW-2026-06-05_16-34-55.txt,horizontal-saccade-like,22980.0,91.92,,,,,-10.163246001360147,-70.57832585788555,negative
Eyes closed,eyes_closed,1,OpenBCI-RAW-2026-06-05_16-34-55.txt,horizontal-saccade-like,23733.0,94.932,,,,,8.578072891833227,61.528548628843744,positive
Eyes closed,eyes_closed,1,OpenBCI-RAW-2026-06-05_16-34-55.txt,horizontal-saccade-like,24218.0,96.872,,,,,10.787427183139835,77.26112467998392,positive
Eyes closed,eyes_closed,1,OpenBCI-RAW-2026-06-05_16-34-55.txt,horizontal-saccade-like,24295.0,97.18,,,,,-8.21026421532508,-61.986486368607856,negative
Eyes closed,eyes_closed,1,OpenBCI-RAW-2026-06-05_16-34-55.txt,horizontal-saccade-like,24505.0,98.02,,,,,8.236395161735583,58.08884265129129,positive
Eyes closed,eyes_closed,1,OpenBCI-RAW-2026-06-05_16-34-55.txt,horizontal-saccade-like,24725.0,98.9,,,,,-6.280944390230507,-46.05947293750488,negative
Eyes closed,eyes_closed,1,OpenBCI-RAW-2026-06-05_16-34-55.txt,horizontal-saccade-like,24943.0,99.772,,,,,-6.580274607449391,-48.75415073502576,negative
Eyes closed,eyes_closed,1,OpenBCI-RAW-2026-06-05_16-34-55.txt,horizontal-saccade-like,25095.0,100.38,,,,,9.901928321056953,62.901862353425585,positive
Eyes closed,eyes_closed,1,OpenBCI-RAW-2026-06-05_16-34-55.txt,horizontal-saccade-like,25494.0,101.976,,,,,9.71774419386144,65.74653637016492,positive
Eyes closed,eyes_closed,1,OpenBCI-RAW-2026-06-05_16-34-55.txt,horizontal-saccade-like,27688.0,110.752,,,,,-6.269908685837155,-45.457106099470145,negative
Eyes closed,eyes_closed,1,OpenBCI-RAW-2026-06-05_16-34-55.txt,horizontal-saccade-like,28038.0,112.152,,,,,6.816848058549125,49.30613540181729,positive
Eyes closed,eyes_closed,1,OpenBCI-RAW-2026-06-05_16-34-55.txt,horizontal-saccade-like,28406.0,113.624,,,,,7.593893771206162,49.198573577286794,positive
Eyes closed,eyes_closed,1,OpenBCI-RAW-2026-06-05_16-34-55.txt,horizontal-saccade-like,29237.0,116.948,,,,,-8.749153210883106,-59.353812201014726,negative
Eyes closed,eyes_closed,1,OpenBCI-RAW-2026-06-05_16-34-55.txt,horizontal-saccade-like,29441.0,117.764,,,,,6.2340777503191225,43.298301797369696,positive
Eyes closed,eyes_closed,1,OpenBCI-RAW-2026-06-05_16-34-55.txt,horizontal-saccade-like,29630.0,118.52,,,,,-9.49637765009258,-63.48625962279362,negative
Eyes closed,eyes_closed,1,OpenBCI-RAW-2026-06-05_16-34-55.txt,horizontal-saccade-like,30226.0,120.904,,,,,-46.368428789054796,-296.2428188265532,negative
Eyes closed,eyes_closed,1,OpenBCI-RAW-2026-06-05_16-34-55.txt,horizontal-saccade-like,30284.0,121.136,,,,,20.117338190777296,168.60922240172573,positive
Eyes closed,eyes_closed,1,OpenBCI-RAW-2026-06-05_16-34-55.txt,horizontal-saccade-like,31787.0,127.148,,,,,-8.52401797923215,-75.568138863757,negative
Eyes closed,eyes_closed,1,OpenBCI-RAW-2026-06-05_16-34-55.txt,horizontal-saccade-like,31828.0,127.312,,,,,-8.309257432835173,-78.23988984106236,negative
Eyes closed,eyes_closed,1,OpenBCI-RAW-2026-06-05_16-34-55.txt,horizontal-saccade-like,32461.0,129.844,,,,,16.69148202523124,119.64527907122915,positive
Eyes closed,eyes_closed,1,OpenBCI-RAW-2026-06-05_16-34-55.txt,horizontal-saccade-like,33047.0,132.188,,,,,-7.033286450865672,-43.124504371033254,negative
Eyes closed,eyes_closed,1,OpenBCI-RAW-2026-06-05_16-34-55.txt,horizontal-saccade-like,33109.0,132.436,,,,,6.925357404958425,44.05329033082664,positive
Eyes closed,eyes_closed,1,OpenBCI-RAW-2026-06-05_16-34-55.txt,horizontal-saccade-like,33318.0,133.272,,,,,8.791092105571316,59.1056631097746,positive
Eyes closed,eyes_closed,1,OpenBCI-RAW-2026-06-05_16-34-55.txt,vertical-saccade-like,1674.0,6.696,,,,,-11.36630544615278,-131.43181651306213,negative
Eyes closed,eyes_closed,1,OpenBCI-RAW-2026-06-05_16-34-55.txt,vertical-saccade-like,1744.0,6.976,,,,,-11.100104361779112,-124.89077905940621,negative
Eyes closed,eyes_closed,1,OpenBCI-RAW-2026-06-05_16-34-55.txt,vertical-saccade-like,2953.0,11.812,,,,,6.815613072393532,67.36192452016121,positive
Eyes closed,eyes_closed,1,OpenBCI-RAW-2026-06-05_16-34-55.txt,vertical-saccade-like,11660.0,46.64,,,,,-7.255716491032979,-65.75707148363497,negative
Eyes closed,eyes_closed,1,OpenBCI-RAW-2026-06-05_16-34-55.txt,vertical-saccade-like,12258.0,49.032,,,,,7.242349614715435,57.914122402970534,positive
Eyes closed,eyes_closed,1,OpenBCI-RAW-2026-06-05_16-34-55.txt,vertical-saccade-like,12783.0,51.132,,,,,6.754454645375044,60.53415036620792,positive
Eyes closed,eyes_closed,1,OpenBCI-RAW-2026-06-05_16-34-55.txt,vertical-saccade-like,13787.0,55.148,,,,,-20.555356379284202,-185.26752118042785,negative
Eyes closed,eyes_closed,1,OpenBCI-RAW-2026-06-05_16-34-55.txt,vertical-saccade-like,13814.0,55.256,,,,,19.32496600561916,168.34439241405585,positive
Eyes closed,eyes_closed,1,OpenBCI-RAW-2026-06-05_16-34-55.txt,vertical-saccade-like,14740.0,58.96,,,,,7.292917068302889,54.42023159615823,positive
Eyes closed,eyes_closed,1,OpenBCI-RAW-2026-06-05_16-34-55.txt,vertical-saccade-like,15057.0,60.228,,,,,6.185380783865134,49.354929477429806,positive
Eyes closed,eyes_closed,1,OpenBCI-RAW-2026-06-05_16-34-55.txt,vertical-saccade-like,18144.0,72.576,,,,,7.386401913202235,54.55029511998767,positive
Eyes closed,eyes_closed,1,OpenBCI-RAW-2026-06-05_16-34-55.txt,vertical-saccade-like,19499.0,77.996,,,,,-7.523194371266417,-68.2373599520849,negative
Eyes closed,eyes_closed,1,OpenBCI-RAW-2026-06-05_16-34-55.txt,vertical-saccade-like,25493.0,101.972,,,,,6.10424603674651,49.28373666520559,positive
Eyes closed,eyes_closed,1,OpenBCI-RAW-2026-06-05_16-34-55.txt,vertical-saccade-like,27685.0,110.74,,,,,6.107228070913022,45.40338806679598,positive
Eyes closed,eyes_closed,1,OpenBCI-RAW-2026-06-05_16-34-55.txt,vertical-saccade-like,30220.0,120.88,,,,,-8.874717282498116,-66.38134898690902,negative
Eyes closed,eyes_closed,1,OpenBCI-RAW-2026-06-05_16-34-55.txt,vertical-saccade-like,31232.0,124.928,,,,,-26.616741728042946,-231.68421181822603,negative
Eyes closed,eyes_closed,1,OpenBCI-RAW-2026-06-05_16-34-55.txt,vertical-saccade-like,32141.0,128.564,,,,,-6.297560235230707,-58.24348627573109,negative
Eyes closed,eyes_closed,1,OpenBCI-RAW-2026-06-05_16-34-55.txt,vertical-saccade-like,32457.0,129.828,,,,,-6.323415302049253,-39.82786322104632,negative
Eyes closed,eyes_closed,1,OpenBCI-RAW-2026-06-05_16-34-55.txt,vertical-saccade-like,32756.0,131.024,,,,,9.765209103116897,90.87660932697409,positive
Eyes closed,eyes_closed,1,OpenBCI-RAW-2026-06-05_16-34-55.txt,vertical-saccade-like,33047.0,132.188,,,,,6.859775863415599,50.15003167105575,positive
Eyes closed,eyes_closed,1,OpenBCI-RAW-2026-06-05_16-34-55.txt,vertical-saccade-like,33107.0,132.428,,,,,-8.190445367428856,-56.72505759880412,negative
Eyes closed,eyes_closed,1,OpenBCI-RAW-2026-06-05_16-34-55.txt,vertical-saccade-like,33310.0,133.24,,,,,6.194667206948813,62.64959768748625,positive
Nature,nature,1,OpenBCI-RAW-2026-06-05_16-06-48.txt,blink-like,635.0,2.54,-279.0327311952673,-8.437873838328594,0.3532429488555702,0.07249938902068744,,,
Nature,nature,1,OpenBCI-RAW-2026-06-05_16-06-48.txt,blink-like,777.0,3.108,265.6756646096474,7.645814900464442,0.33993822440892807,0.6650133914884977,,,
Nature,nature,1,OpenBCI-RAW-2026-06-05_16-06-48.txt,blink-like,898.0,3.592,-339.13408905840004,-10.212495893164043,1.008877820926944,0.07974148113247702,,,
Nature,nature,1,OpenBCI-RAW-2026-06-05_16-06-48.txt,blink-like,1307.0,5.228,-383.9330461774896,-11.535281603234186,3.7084763815075275,0.08788021976526761,,,
Nature,nature,1,OpenBCI-RAW-2026-06-05_16-06-48.txt,blink-like,2222.0,8.888,-164.55449300678504,-5.057657259018901,2.1370635185999527,0.08526826421670558,,,
Nature,nature,1,OpenBCI-RAW-2026-06-05_16-06-48.txt,blink-like,2482.0,9.928,-281.52720172621036,-8.511528454076704,5.014560054105441,0.07784676329911963,,,
Nature,nature,1,OpenBCI-RAW-2026-06-05_16-06-48.txt,blink-like,2674.0,10.696,-351.589480892042,-10.58026816712721,5.33138586315822,0.08699855910290534,,,
Nature,nature,1,OpenBCI-RAW-2026-06-05_16-06-48.txt,blink-like,2918.0,11.672,-249.67793961443283,-7.571110383947443,4.107579070377731,0.07517005437158514,,,
Nature,nature,1,OpenBCI-RAW-2026-06-05_16-06-48.txt,blink-like,3467.0,13.868,-183.33000681998868,-5.6120447485604235,7.66719822878459,0.08395044632908866,,,
Nature,nature,1,OpenBCI-RAW-2026-06-05_16-06-48.txt,blink-like,3646.0,14.584,-403.2300439073656,-12.10506702874042,17.231496913557375,0.08753184641576808,,,
Nature,nature,1,OpenBCI-RAW-2026-06-05_16-06-48.txt,blink-like,5098.0,20.392,-272.8116521073807,-8.254183077474567,7.306779991580509,0.0821527645737624,,,
Nature,nature,1,OpenBCI-RAW-2026-06-05_16-06-48.txt,blink-like,5826.0,23.304,-343.3754685562831,-10.337731759165788,6.115386653676102,0.07938336625276497,,,
Nature,nature,1,OpenBCI-RAW-2026-06-05_16-06-48.txt,blink-like,6691.0,26.764,-316.5322334201274,-9.545127418940442,7.2371813816682256,0.08341040171221539,,,
Nature,nature,1,OpenBCI-RAW-2026-06-05_16-06-48.txt,blink-like,9522.0,38.088,-317.4081281002232,-9.570990096129048,4.680013022496345,0.08963440859253752,,,
Nature,nature,1,OpenBCI-RAW-2026-06-05_16-06-48.txt,blink-like,9947.0,39.788,-660.1056930120295,-19.689873902645335,2.6031846512365573,0.08577963292114874,,,
Nature,nature,1,OpenBCI-RAW-2026-06-05_16-06-48.txt,blink-like,10355.0,41.42,-173.72108785131556,-5.3283207175033125,1.3307485070681775,0.09184242153085506,,,
Nature,nature,1,OpenBCI-RAW-2026-06-05_16-06-48.txt,blink-like,11618.0,46.472,-465.5693076829338,-13.94576807629844,2.564534290342357,0.08277727001503081,,,
Nature,nature,1,OpenBCI-RAW-2026-06-05_16-06-48.txt,blink-like,11942.0,47.768,-467.32333045283826,-13.997559376908397,3.8599987386293866,0.08814066142850788,,,
Nature,nature,1,OpenBCI-RAW-2026-06-05_16-06-48.txt,blink-like,13066.0,52.264,-258.36977570293163,-7.827755567485408,2.07667674182461,0.08652534260618995,,,
Nature,nature,1,OpenBCI-RAW-2026-06-05_16-06-48.txt,blink-like,13472.0,53.888,-429.7482738498073,-12.888074890529882,11.16177746184944,0.08348244527440693,,,
Nature,nature,1,OpenBCI-RAW-2026-06-05_16-06-48.txt,blink-like,13862.0,55.448,-464.51583404171856,-13.91466199776115,14.34147660959705,0.09382128125501185,,,
Nature,nature,1,OpenBCI-RAW-2026-06-05_16-06-48.txt,blink-like,14136.0,56.544,-637.0613443439345,-19.009439868544998,13.60269197308914,0.1705622109762844,,,
Nature,nature,1,OpenBCI-RAW-2026-06-05_16-06-48.txt,blink-like,14673.0,58.692,-419.44305743242427,-12.58379117741001,5.313949614072687,0.08458866121048778,,,
Nature,nature,1,OpenBCI-RAW-2026-06-05_16-06-48.txt,blink-like,15252.0,61.008,-395.5217392914797,-11.877462730549812,7.368253707100704,0.09922434929944575,,,
Nature,nature,1,OpenBCI-RAW-2026-06-05_16-06-48.txt,blink-like,15764.0,63.056,-402.24435468739995,-12.075962431254487,4.4503345786234565,0.08309890067302331,,,
Nature,nature,1,OpenBCI-RAW-2026-06-05_16-06-48.txt,blink-like,16173.0,64.692,-471.9493550242309,-14.134152717266849,9.495111866262416,0.09229615586232831,,,
Nature,nature,1,OpenBCI-RAW-2026-06-05_16-06-48.txt,blink-like,16607.0,66.428,-517.8162270913022,-15.488470916564482,7.6515632553300845,0.11353389293678628,,,
Nature,nature,1,OpenBCI-RAW-2026-06-05_16-06-48.txt,blink-like,16946.0,67.784,-444.59924416601,-13.326581779489981,10.55536743858266,0.09356561811018037,,,
Nature,nature,1,OpenBCI-RAW-2026-06-05_16-06-48.txt,blink-like,17712.0,70.848,-391.5970097431657,-11.761576636402598,4.756220691162029,0.0788200258940924,,,
Nature,nature,1,OpenBCI-RAW-2026-06-05_16-06-48.txt,blink-like,18370.0,73.48,-454.55329408869113,-13.62049654540842,4.456360288123627,0.08379120626785153,,,
Nature,nature,1,OpenBCI-RAW-2026-06-05_16-06-48.txt,blink-like,18836.0,75.344,-441.5067968355169,-13.235270610637398,6.447740459510248,0.08409920596650045,,,
Nature,nature,1,OpenBCI-RAW-2026-06-05_16-06-48.txt,blink-like,19090.0,76.36,-308.5975980857027,-9.310840218747511,5.03927011102424,0.09244595004072471,,,
Nature,nature,1,OpenBCI-RAW-2026-06-05_16-06-48.txt,horizontal-saccade-like,1408.0,5.632,,,,,19.543031888633124,272.787800033826,positive
Nature,nature,1,OpenBCI-RAW-2026-06-05_16-06-48.txt,horizontal-saccade-like,1528.0,6.112,,,,,19.832381984307588,303.4535025386149,positive
Nature,nature,1,OpenBCI-RAW-2026-06-05_16-06-48.txt,horizontal-saccade-like,1664.0,6.656,,,,,23.450391293194357,362.3001301834274,positive
Nature,nature,1,OpenBCI-RAW-2026-06-05_16-06-48.txt,horizontal-saccade-like,1709.0,6.836,,,,,24.457463390110977,373.56370680420605,positive
Nature,nature,1,OpenBCI-RAW-2026-06-05_16-06-48.txt,horizontal-saccade-like,1900.0,7.6,,,,,21.62932587781253,329.1283804475106,positive
Nature,nature,1,OpenBCI-RAW-2026-06-05_16-06-48.txt,horizontal-saccade-like,1954.0,7.816,,,,,19.8854124427413,302.1372361779686,positive
Nature,nature,1,OpenBCI-RAW-2026-06-05_16-06-48.txt,horizontal-saccade-like,2120.0,8.48,,,,,15.587781633925285,229.1675171152874,positive
Nature,nature,1,OpenBCI-RAW-2026-06-05_16-06-48.txt,horizontal-saccade-like,2357.0,9.428,,,,,9.351554106915593,124.58171334073404,positive
Nature,nature,1,OpenBCI-RAW-2026-06-05_16-06-48.txt,horizontal-saccade-like,3058.0,12.232,,,,,-7.271740240564229,-112.10859208338479,negative
Nature,nature,1,OpenBCI-RAW-2026-06-05_16-06-48.txt,horizontal-saccade-like,3811.0,15.244,,,,,-8.08642258267536,-86.89143113058572,negative
Nature,nature,1,OpenBCI-RAW-2026-06-05_16-06-48.txt,horizontal-saccade-like,4029.0,16.116,,,,,-8.219493610769216,-81.28371935642156,negative
Nature,nature,1,OpenBCI-RAW-2026-06-05_16-06-48.txt,horizontal-saccade-like,4586.0,18.344,,,,,-24.161968131811257,-246.9744238934901,negative
Nature,nature,1,OpenBCI-RAW-2026-06-05_16-06-48.txt,horizontal-saccade-like,4707.0,18.828,,,,,23.987421363056136,277.70917794886464,positive
Nature,nature,1,OpenBCI-RAW-2026-06-05_16-06-48.txt,horizontal-saccade-like,4803.0,19.212,,,,,10.781150228449007,117.36223698795328,positive
Nature,nature,1,OpenBCI-RAW-2026-06-05_16-06-48.txt,horizontal-saccade-like,4860.0,19.44,,,,,11.652547249262385,127.24829198581926,positive
Nature,nature,1,OpenBCI-RAW-2026-06-05_16-06-48.txt,horizontal-saccade-like,5442.0,21.768,,,,,9.38185507423422,96.80352094831878,positive
Nature,nature,1,OpenBCI-RAW-2026-06-05_16-06-48.txt,horizontal-saccade-like,5675.0,22.7,,,,,-19.06611068762804,-199.24158386307943,negative
Nature,nature,1,OpenBCI-RAW-2026-06-05_16-06-48.txt,horizontal-saccade-like,5994.0,23.976,,,,,-16.464037778153237,-168.61856558736727,negative
Nature,nature,1,OpenBCI-RAW-2026-06-05_16-06-48.txt,horizontal-saccade-like,6165.0,24.66,,,,,11.50130448287333,113.59455279952272,positive
Nature,nature,1,OpenBCI-RAW-2026-06-05_16-06-48.txt,horizontal-saccade-like,7586.0,30.344,,,,,-24.066703692735995,-243.9138331047618,negative
Nature,nature,1,OpenBCI-RAW-2026-06-05_16-06-48.txt,horizontal-saccade-like,8255.0,33.02,,,,,18.20960635686845,178.58512252209687,positive
Nature,nature,1,OpenBCI-RAW-2026-06-05_16-06-48.txt,horizontal-saccade-like,9669.0,38.676,,,,,10.359492202876572,109.66743738224125,positive
Nature,nature,1,OpenBCI-RAW-2026-06-05_16-06-48.txt,horizontal-saccade-like,10991.0,43.964,,,,,27.83707793054973,282.18822585287387,positive
Nature,nature,1,OpenBCI-RAW-2026-06-05_16-06-48.txt,horizontal-saccade-like,11307.0,45.228,,,,,20.16490923469027,199.34203071815256,positive
Nature,nature,1,OpenBCI-RAW-2026-06-05_16-06-48.txt,horizontal-saccade-like,12165.0,48.66,,,,,21.693822819326716,221.73559700603596,positive
Nature,nature,1,OpenBCI-RAW-2026-06-05_16-06-48.txt,horizontal-saccade-like,14348.0,57.392,,,,,14.145725199223783,145.69966503706252,positive
Nature,nature,1,OpenBCI-RAW-2026-06-05_16-06-48.txt,horizontal-saccade-like,14441.0,57.764,,,,,10.940734768012897,115.038111089354,positive
Nature,nature,1,OpenBCI-RAW-2026-06-05_16-06-48.txt,horizontal-saccade-like,14488.0,57.952,,,,,-10.354208436561496,-96.23260916254037,negative
Nature,nature,1,OpenBCI-RAW-2026-06-05_16-06-48.txt,horizontal-saccade-like,14847.0,59.388,,,,,-22.91088664620057,-234.34614448879773,negative
Nature,nature,1,OpenBCI-RAW-2026-06-05_16-06-48.txt,horizontal-saccade-like,15033.0,60.132,,,,,21.934872260818594,237.75605813138665,positive
Nature,nature,1,OpenBCI-RAW-2026-06-05_16-06-48.txt,horizontal-saccade-like,15398.0,61.592,,,,,28.63663710535443,302.84749917515876,positive
Nature,nature,1,OpenBCI-RAW-2026-06-05_16-06-48.txt,horizontal-saccade-like,15457.0,61.828,,,,,11.084292839917666,116.20724491807641,positive
Nature,nature,1,OpenBCI-RAW-2026-06-05_16-06-48.txt,horizontal-saccade-like,15546.0,62.184,,,,,13.319761292061916,136.58060234609005,positive
Nature,nature,1,OpenBCI-RAW-2026-06-05_16-06-48.txt,horizontal-saccade-like,15925.0,63.7,,,,,8.996943235794694,92.10593863112014,positive
Nature,nature,1,OpenBCI-RAW-2026-06-05_16-06-48.txt,horizontal-saccade-like,16296.0,65.184,,,,,-7.007724526314295,-70.77776770472207,negative
Nature,nature,1,OpenBCI-RAW-2026-06-05_16-06-48.txt,horizontal-saccade-like,16756.0,67.024,,,,,-31.71454972479144,-333.4269908250373,negative
Nature,nature,1,OpenBCI-RAW-2026-06-05_16-06-48.txt,horizontal-saccade-like,17083.0,68.332,,,,,12.0247901013003,130.47692352611864,positive
Nature,nature,1,OpenBCI-RAW-2026-06-05_16-06-48.txt,horizontal-saccade-like,17281.0,69.124,,,,,8.39676818600454,88.18699950360575,positive
Nature,nature,1,OpenBCI-RAW-2026-06-05_16-06-48.txt,horizontal-saccade-like,17461.0,69.844,,,,,-24.85946727286445,-254.57420521277717,negative
Nature,nature,1,OpenBCI-RAW-2026-06-05_16-06-48.txt,horizontal-saccade-like,17547.0,70.188,,,,,9.20919547768334,108.30278512835078,positive
Nature,nature,1,OpenBCI-RAW-2026-06-05_16-06-48.txt,horizontal-saccade-like,17845.0,71.38,,,,,-27.215847415141923,-277.79120194728995,negative
Nature,nature,1,OpenBCI-RAW-2026-06-05_16-06-48.txt,horizontal-saccade-like,18212.0,72.848,,,,,9.753552098411495,99.46079231802238,positive
Nature,nature,1,OpenBCI-RAW-2026-06-05_16-06-48.txt,horizontal-saccade-like,18558.0,74.232,,,,,-29.925119485485432,-307.4086689164738,negative
Nature,nature,1,OpenBCI-RAW-2026-06-05_16-06-48.txt,horizontal-saccade-like,18644.0,74.576,,,,,6.920912509521529,67.3676619945993,positive
Nature,nature,1,OpenBCI-RAW-2026-06-05_16-06-48.txt,horizontal-saccade-like,18725.0,74.9,,,,,11.09399609819145,114.4328913471173,positive
Nature,nature,1,OpenBCI-RAW-2026-06-05_16-06-48.txt,horizontal-saccade-like,18960.0,75.84,,,,,8.4886529134671,79.28387380055827,positive
Nature,nature,1,OpenBCI-RAW-2026-06-05_16-06-48.txt,horizontal-saccade-like,19338.0,77.352,,,,,22.050846434325692,219.9696006809714,positive
Nature,nature,1,OpenBCI-RAW-2026-06-05_16-06-48.txt,horizontal-saccade-like,19431.0,77.724,,,,,-24.546951949567354,-246.3502745478109,negative
Nature,nature,1,OpenBCI-RAW-2026-06-05_16-06-48.txt,horizontal-saccade-like,19514.0,78.056,,,,,24.328586206809145,254.06747378584447,positive
Nature,nature,1,OpenBCI-RAW-2026-06-05_16-06-48.txt,vertical-saccade-like,1551.0,6.204,,,,,-7.006851941621825,-97.99981134375867,negative
Nature,nature,1,OpenBCI-RAW-2026-06-05_16-06-48.txt,vertical-saccade-like,1934.0,7.736,,,,,-6.467710327164207,-95.56411698279271,negative
Nature,nature,1,OpenBCI-RAW-2026-06-05_16-06-48.txt,vertical-saccade-like,2776.0,11.104,,,,,12.068413860982943,137.13395958284798,positive
Nature,nature,1,OpenBCI-RAW-2026-06-05_16-06-48.txt,vertical-saccade-like,3808.0,15.232,,,,,-8.679607592651148,-81.38868586714702,negative
Nature,nature,1,OpenBCI-RAW-2026-06-05_16-06-48.txt,vertical-saccade-like,3905.0,15.62,,,,,-6.133160303707695,-50.95996907642967,negative
Nature,nature,1,OpenBCI-RAW-2026-06-05_16-06-48.txt,vertical-saccade-like,4269.0,17.076,,,,,-10.04793676534954,-104.66011494629419,negative
Nature,nature,1,OpenBCI-RAW-2026-06-05_16-06-48.txt,vertical-saccade-like,4357.0,17.428,,,,,-6.105983503507287,-65.26564570582198,negative
Nature,nature,1,OpenBCI-RAW-2026-06-05_16-06-48.txt,vertical-saccade-like,4426.0,17.704,,,,,-9.255900470026706,-97.6423406991239,negative
Nature,nature,1,OpenBCI-RAW-2026-06-05_16-06-48.txt,vertical-saccade-like,4627.0,18.508,,,,,-16.798471949124476,-172.1534777021838,negative
Nature,nature,1,OpenBCI-RAW-2026-06-05_16-06-48.txt,vertical-saccade-like,4708.0,18.832,,,,,14.298402845082549,170.37832216133063,positive
Nature,nature,1,OpenBCI-RAW-2026-06-05_16-06-48.txt,vertical-saccade-like,4862.0,19.448,,,,,6.889146394237626,77.95995556833195,positive
Nature,nature,1,OpenBCI-RAW-2026-06-05_16-06-48.txt,vertical-saccade-like,5299.0,21.196,,,,,8.485269531960059,87.32576333214936,positive
Nature,nature,1,OpenBCI-RAW-2026-06-05_16-06-48.txt,vertical-saccade-like,5443.0,21.772,,,,,7.796714189268362,80.22435227986196,positive
Nature,nature,1,OpenBCI-RAW-2026-06-05_16-06-48.txt,vertical-saccade-like,5535.0,22.14,,,,,8.33726784959253,81.209706301018,positive
Nature,nature,1,OpenBCI-RAW-2026-06-05_16-06-48.txt,vertical-saccade-like,5671.0,22.684,,,,,-8.39442003222533,-86.3900895049976,negative
Nature,nature,1,OpenBCI-RAW-2026-06-05_16-06-48.txt,vertical-saccade-like,6164.0,24.656,,,,,8.977399097167984,94.39699742981664,positive
Nature,nature,1,OpenBCI-RAW-2026-06-05_16-06-48.txt,vertical-saccade-like,7586.0,30.344,,,,,8.509256036674213,99.43359718965851,positive
Nature,nature,1,OpenBCI-RAW-2026-06-05_16-06-48.txt,vertical-saccade-like,9667.0,38.668,,,,,-18.952410548049535,-192.2473557058708,negative
Nature,nature,1,OpenBCI-RAW-2026-06-05_16-06-48.txt,vertical-saccade-like,12165.0,48.66,,,,,8.954052681191966,93.42802793196478,positive
Nature,nature,1,OpenBCI-RAW-2026-06-05_16-06-48.txt,vertical-saccade-like,14262.0,57.048,,,,,-36.89231027297826,-344.48537067768495,negative
Nature,nature,1,OpenBCI-RAW-2026-06-05_16-06-48.txt,vertical-saccade-like,14438.0,57.752,,,,,-11.242605757713473,-115.39571171025348,negative
Nature,nature,1,OpenBCI-RAW-2026-06-05_16-06-48.txt,vertical-saccade-like,14490.0,57.96,,,,,8.733311686395549,94.4571832734462,positive
Nature,nature,1,OpenBCI-RAW-2026-06-05_16-06-48.txt,vertical-saccade-like,14846.0,59.384,,,,,8.540590395112254,91.11253601292556,positive
Nature,nature,1,OpenBCI-RAW-2026-06-05_16-06-48.txt,vertical-saccade-like,15031.0,60.124,,,,,-7.787069820195133,-80.95665703920892,negative
Nature,nature,1,OpenBCI-RAW-2026-06-05_16-06-48.txt,vertical-saccade-like,15396.0,61.584,,,,,-9.825517540334848,-105.98778508927707,negative
Nature,nature,1,OpenBCI-RAW-2026-06-05_16-06-48.txt,vertical-saccade-like,15456.0,61.824,,,,,-9.859964677894185,-101.2474499260862,negative
Nature,nature,1,OpenBCI-RAW-2026-06-05_16-06-48.txt,vertical-saccade-like,17217.0,68.868,,,,,-6.928885720674019,-69.30250848183837,negative
Nature,nature,1,OpenBCI-RAW-2026-06-05_16-06-48.txt,vertical-saccade-like,17460.0,69.84,,,,,-16.135116746680197,-174.77487506318218,negative
Nature,nature,1,OpenBCI-RAW-2026-06-05_16-06-48.txt,vertical-saccade-like,17522.0,70.088,,,,,-6.215226245639387,-68.37584465664199,negative
Nature,nature,1,OpenBCI-RAW-2026-06-05_16-06-48.txt,vertical-saccade-like,17548.0,70.192,,,,,-8.84865815528415,-93.3341611669178,negative
Nature,nature,1,OpenBCI-RAW-2026-06-05_16-06-48.txt,vertical-saccade-like,18110.0,72.44,,,,,-17.89027774367174,-185.5473281571474,negative
Nature,nature,1,OpenBCI-RAW-2026-06-05_16-06-48.txt,vertical-saccade-like,18558.0,74.232,,,,,11.438716105939484,139.80443784229857,positive
Nature,nature,1,OpenBCI-RAW-2026-06-05_16-06-48.txt,vertical-saccade-like,18725.0,74.9,,,,,-8.408359340299679,-88.36634655673546,negative
Nature,nature,1,OpenBCI-RAW-2026-06-05_16-06-48.txt,vertical-saccade-like,19196.0,76.784,,,,,-8.129906112469833,-83.92756502568388,negative
Nature,nature,1,OpenBCI-RAW-2026-06-05_16-06-48.txt,vertical-saccade-like,19354.0,77.416,,,,,6.182155483619091,72.51039402472998,positive
Nature,nature,2,OpenBCI-RAW-2026-06-05_16-09-00.txt,blink-like,593.0,2.372,-632.8652852241266,-12.214879229512936,0.30817901013687476,0.7116999069889298,,,
Nature,nature,2,OpenBCI-RAW-2026-06-05_16-09-00.txt,blink-like,764.0,3.056,274.06984207220336,5.167314012836232,0.29502703944084196,0.6506909325986826,,,
Nature,nature,2,OpenBCI-RAW-2026-06-05_16-09-00.txt,blink-like,1590.0,6.36,-485.9082974470782,-9.398321922410672,8.243933908247344,0.09566050551913213,,,
Nature,nature,2,OpenBCI-RAW-2026-06-05_16-09-00.txt,blink-like,1905.0,7.62,-464.34520138317833,-8.985046604909842,5.6960653032103306,0.08348139576654466,,,
Nature,nature,2,OpenBCI-RAW-2026-06-05_16-09-00.txt,blink-like,2071.0,8.284,-365.7493167795024,-7.095371514045833,1.8345890626553272,0.08083962457413509,,,
Nature,nature,2,OpenBCI-RAW-2026-06-05_16-09-00.txt,blink-like,2503.0,10.012,-505.9053891970703,-9.781583417772046,5.081066807248856,0.0891794245791898,,,
Nature,nature,2,OpenBCI-RAW-2026-06-05_16-09-00.txt,blink-like,3696.0,14.784,-419.65635368242596,-8.12854632927482,4.6578876011465775,0.07833672676782953,,,
Nature,nature,2,OpenBCI-RAW-2026-06-05_16-09-00.txt,blink-like,4671.0,18.684,-533.2364899176396,-10.305407514945667,22.61380830822744,0.08381231852303608,,,
Nature,nature,2,OpenBCI-RAW-2026-06-05_16-09-00.txt,blink-like,6603.0,26.412,-440.1496761179955,-8.52131851333915,3.1776692773853887,0.082392843136804,,,
Nature,nature,2,OpenBCI-RAW-2026-06-05_16-09-00.txt,blink-like,6816.0,27.264,-485.7574923561082,-9.395431612889872,10.500194915662874,0.09219216538299224,,,
Nature,nature,2,OpenBCI-RAW-2026-06-05_16-09-00.txt,blink-like,8282.0,33.128,-412.5766988148644,-7.992858643029889,6.03870850931926,0.08747965752624441,,,
Nature,nature,2,OpenBCI-RAW-2026-06-05_16-09-00.txt,blink-like,8656.0,34.624,-472.80690291092475,-9.147222406339917,5.396494028618412,0.08372708205018717,,,
Nature,nature,2,OpenBCI-RAW-2026-06-05_16-09-00.txt,blink-like,9576.0,38.304,-365.9516329675628,-7.099249078130713,1.791611395852981,0.08102973581113475,,,
Nature,nature,2,OpenBCI-RAW-2026-06-05_16-09-00.txt,blink-like,10148.0,40.592,-441.16185622908586,-8.540717817388034,7.02046147482325,0.0745154869453545,,,
Nature,nature,2,OpenBCI-RAW-2026-06-05_16-09-00.txt,blink-like,10539.0,42.156,-474.4531483724835,-9.178774119219822,7.041694671750683,0.08575994429788261,,,
Nature,nature,2,OpenBCI-RAW-2026-06-05_16-09-00.txt,blink-like,11538.0,46.152,-396.3201170074619,-7.681287244005225,2.2126185333878006,0.0935901535479934,,,
Nature,nature,2,OpenBCI-RAW-2026-06-05_16-09-00.txt,blink-like,12456.0,49.824,-389.51899867837705,-7.550937950541803,1.9206103686044522,0.0929019470196945,,,
Nature,nature,2,OpenBCI-RAW-2026-06-05_16-09-00.txt,blink-like,12798.0,51.192,-556.3661760354123,-10.74870788079713,3.1491284633336654,0.08282701389762223,,,
Nature,nature,2,OpenBCI-RAW-2026-06-05_16-09-00.txt,blink-like,13751.0,55.004,-464.0209977697131,-8.978832963283764,4.500063438302842,0.08447305738554133,,,
Nature,nature,2,OpenBCI-RAW-2026-06-05_16-09-00.txt,blink-like,14237.0,56.948,-258.10309393077137,-5.032238891822174,2.0692766965865954,0.07857481785273558,,,
Nature,nature,2,OpenBCI-RAW-2026-06-05_16-09-00.txt,blink-like,16526.0,66.104,-398.79956203666563,-7.728807944587065,2.3384605600550605,0.08412995738549216,,,
Nature,nature,2,OpenBCI-RAW-2026-06-05_16-09-00.txt,blink-like,16760.0,67.04,-601.7801137339779,-11.619105131067654,3.896372680149826,0.0851949987395492,,,
Nature,nature,2,OpenBCI-RAW-2026-06-05_16-09-00.txt,blink-like,17628.0,70.512,-362.1913356980487,-7.027179740622282,3.0986624681339703,0.07865922400589626,,,
Nature,nature,2,OpenBCI-RAW-2026-06-05_16-09-00.txt,blink-like,17755.0,71.02,-558.9354812042523,-10.797950828389732,4.261024877436835,0.09046550611012208,,,
Nature,nature,2,OpenBCI-RAW-2026-06-05_16-09-00.txt,blink-like,18067.0,72.268,-405.73167249727027,-7.8616678151301205,0.7094347110620471,0.08165555403036706,,,
Nature,nature,2,OpenBCI-RAW-2026-06-05_16-09-00.txt,blink-like,18269.0,73.076,-504.7327943385907,-9.759109626856217,5.448734401864394,0.08455199046577036,,,
Nature,nature,2,OpenBCI-RAW-2026-06-05_16-09-00.txt,blink-like,18571.0,74.284,-298.39879062398,-5.804540642714205,1.914043255272542,0.09841382348377374,,,
Nature,nature,2,OpenBCI-RAW-2026-06-05_16-09-00.txt,blink-like,19383.0,77.532,-617.2451692076207,-11.915506245828619,4.472843651646516,0.09486468337535917,,,
Nature,nature,2,OpenBCI-RAW-2026-06-05_16-09-00.txt,blink-like,19628.0,78.512,-326.69589792067524,-6.346879088350278,0.5945190886172026,0.08870222226451734,,,
Nature,nature,2,OpenBCI-RAW-2026-06-05_16-09-00.txt,blink-like,19765.0,79.06,-527.7412959079413,-10.200087386409544,3.5117229079367807,0.08741441942394886,,,
Nature,nature,2,OpenBCI-RAW-2026-06-05_16-09-00.txt,blink-like,19878.0,79.512,-578.2609662000563,-11.16834040156747,4.584533324361834,0.08345456840119732,,,
Nature,nature,2,OpenBCI-RAW-2026-06-05_16-09-00.txt,blink-like,20054.0,80.216,-464.02464123094677,-8.978902793357966,5.374156404417932,0.08240409232053207,,,
Nature,nature,2,OpenBCI-RAW-2026-06-05_16-09-00.txt,blink-like,20282.0,81.128,-624.7532560008171,-12.059405199118393,9.718841625874385,0.09318985332344891,,,
Nature,nature,2,OpenBCI-RAW-2026-06-05_16-09-00.txt,blink-like,20555.0,82.22,-416.89932700371685,-8.075705537181458,4.56290180747282,0.07206756958883488,,,
Nature,nature,2,OpenBCI-RAW-2026-06-05_16-09-00.txt,blink-like,20649.0,82.596,-497.4279451109176,-9.619105896644374,3.844603282642629,0.08012722163740546,,,
Nature,nature,2,OpenBCI-RAW-2026-06-05_16-09-00.txt,blink-like,21046.0,84.184,271.36453935319105,5.115464555002231,0.5392660908824319,0.31910431858304944,,,
Nature,nature,2,OpenBCI-RAW-2026-06-05_16-09-00.txt,blink-like,21147.0,84.588,-621.5870720521281,-11.998722555365246,3.532741691421202,0.09257498422419302,,,
Nature,nature,2,OpenBCI-RAW-2026-06-05_16-09-00.txt,blink-like,21266.0,85.064,-503.81723075968233,-9.74156206190338,9.1288941484559,0.08031656443193788,,,
Nature,nature,2,OpenBCI-RAW-2026-06-05_16-09-00.txt,blink-like,21464.0,85.856,-421.33751649224644,-8.160767263223278,5.646340442002243,0.07931388597888872,,,
Nature,nature,2,OpenBCI-RAW-2026-06-05_16-09-00.txt,horizontal-saccade-like,1130.0,4.52,,,,,-21.67151734909453,-318.16980552418863,negative
Nature,nature,2,OpenBCI-RAW-2026-06-05_16-09-00.txt,horizontal-saccade-like,1180.0,4.72,,,,,26.606715573887172,283.8860699846973,positive
Nature,nature,2,OpenBCI-RAW-2026-06-05_16-09-00.txt,horizontal-saccade-like,1320.0,5.28,,,,,17.91211866308156,241.48550548862113,positive
Nature,nature,2,OpenBCI-RAW-2026-06-05_16-09-00.txt,horizontal-saccade-like,1442.0,5.768,,,,,35.955912763296524,496.8937953720779,positive
Nature,nature,2,OpenBCI-RAW-2026-06-05_16-09-00.txt,horizontal-saccade-like,1778.0,7.112,,,,,21.343597110432523,359.2925666646988,positive
Nature,nature,2,OpenBCI-RAW-2026-06-05_16-09-00.txt,horizontal-saccade-like,2288.0,9.152,,,,,-10.89109428224509,-79.03127801763094,negative
Nature,nature,2,OpenBCI-RAW-2026-06-05_16-09-00.txt,horizontal-saccade-like,2711.0,10.844,,,,,-11.041972920397948,-150.96135986426498,negative
Nature,nature,2,OpenBCI-RAW-2026-06-05_16-09-00.txt,horizontal-saccade-like,2828.0,11.312,,,,,-6.7548975558652415,-103.64779685476242,negative
Nature,nature,2,OpenBCI-RAW-2026-06-05_16-09-00.txt,horizontal-saccade-like,2929.0,11.716,,,,,16.496588180881666,154.08588181748473,positive
Nature,nature,2,OpenBCI-RAW-2026-06-05_16-09-00.txt,horizontal-saccade-like,3048.0,12.192,,,,,-8.902864824953875,-131.30349578820505,negative
Nature,nature,2,OpenBCI-RAW-2026-06-05_16-09-00.txt,horizontal-saccade-like,3122.0,12.488,,,,,13.337334022451452,125.80299267072405,positive
Nature,nature,2,OpenBCI-RAW-2026-06-05_16-09-00.txt,horizontal-saccade-like,3188.0,12.752,,,,,-58.19699911558068,-830.4955517202925,negative
Nature,nature,2,OpenBCI-RAW-2026-06-05_16-09-00.txt,horizontal-saccade-like,3291.0,13.164,,,,,-20.74589447629441,-273.7277395729616,negative
Nature,nature,2,OpenBCI-RAW-2026-06-05_16-09-00.txt,horizontal-saccade-like,3339.0,13.356,,,,,-26.5966424617248,-332.09105173801936,negative
Nature,nature,2,OpenBCI-RAW-2026-06-05_16-09-00.txt,horizontal-saccade-like,3497.0,13.988,,,,,11.599707102138595,112.74378311333066,positive
Nature,nature,2,OpenBCI-RAW-2026-06-05_16-09-00.txt,horizontal-saccade-like,3560.0,14.24,,,,,16.864481609921842,177.7651254775442,positive
Nature,nature,2,OpenBCI-RAW-2026-06-05_16-09-00.txt,horizontal-saccade-like,3902.0,15.608,,,,,-7.2499571793213065,-83.4589714332451,negative
Nature,nature,2,OpenBCI-RAW-2026-06-05_16-09-00.txt,horizontal-saccade-like,4020.0,16.08,,,,,-64.52445194847402,-850.3237395089709,negative
Nature,nature,2,OpenBCI-RAW-2026-06-05_16-09-00.txt,horizontal-saccade-like,4120.0,16.48,,,,,69.78110640984094,967.0019448231632,positive
Nature,nature,2,OpenBCI-RAW-2026-06-05_16-09-00.txt,horizontal-saccade-like,4254.0,17.016,,,,,17.630959917601135,208.0422233384238,positive
Nature,nature,2,OpenBCI-RAW-2026-06-05_16-09-00.txt,horizontal-saccade-like,4523.0,18.092,,,,,8.08688777237475,97.99564238112998,positive
Nature,nature,2,OpenBCI-RAW-2026-06-05_16-09-00.txt,horizontal-saccade-like,4935.0,19.74,,,,,-6.306499612969943,-67.73719925113,negative
Nature,nature,2,OpenBCI-RAW-2026-06-05_16-09-00.txt,horizontal-saccade-like,4994.0,19.976,,,,,-15.3484430765978,-167.5763181710817,negative
Nature,nature,2,OpenBCI-RAW-2026-06-05_16-09-00.txt,horizontal-saccade-like,5055.0,20.22,,,,,-7.445331712093076,-80.40022936129697,negative
Nature,nature,2,OpenBCI-RAW-2026-06-05_16-09-00.txt,horizontal-saccade-like,5177.0,20.708,,,,,-14.245602189418603,-153.72728643499437,negative
Nature,nature,2,OpenBCI-RAW-2026-06-05_16-09-00.txt,horizontal-saccade-like,5594.0,22.376,,,,,26.415713964724386,305.0054473563379,positive
Nature,nature,2,OpenBCI-RAW-2026-06-05_16-09-00.txt,horizontal-saccade-like,6271.0,25.084,,,,,20.86851179384225,245.6033261243785,positive
Nature,nature,2,OpenBCI-RAW-2026-06-05_16-09-00.txt,horizontal-saccade-like,7453.0,29.812,,,,,-32.48679178482655,-370.7846119794463,negative
Nature,nature,2,OpenBCI-RAW-2026-06-05_16-09-00.txt,horizontal-saccade-like,7641.0,30.564,,,,,33.513899255538824,374.23562033861765,positive
Nature,nature,2,OpenBCI-RAW-2026-06-05_16-09-00.txt,horizontal-saccade-like,9042.0,36.168,,,,,43.52318391314597,512.176109938104,positive
Nature,nature,2,OpenBCI-RAW-2026-06-05_16-09-00.txt,horizontal-saccade-like,9136.0,36.544,,,,,14.409306043505262,160.44225541974004,positive
Nature,nature,2,OpenBCI-RAW-2026-06-05_16-09-00.txt,horizontal-saccade-like,9286.0,37.144,,,,,-16.79101637949536,-194.35413232101496,negative
Nature,nature,2,OpenBCI-RAW-2026-06-05_16-09-00.txt,horizontal-saccade-like,9363.0,37.452,,,,,-8.56164377790573,-95.49719699374992,negative
Nature,nature,2,OpenBCI-RAW-2026-06-05_16-09-00.txt,horizontal-saccade-like,9462.0,37.848,,,,,-33.03174557313727,-371.43556695630144,negative
Nature,nature,2,OpenBCI-RAW-2026-06-05_16-09-00.txt,horizontal-saccade-like,9850.0,39.4,,,,,-31.71302423814524,-350.97608170715137,negative
Nature,nature,2,OpenBCI-RAW-2026-06-05_16-09-00.txt,horizontal-saccade-like,9916.0,39.664,,,,,23.277108922094005,265.8543815565175,positive
Nature,nature,2,OpenBCI-RAW-2026-06-05_16-09-00.txt,horizontal-saccade-like,10041.0,40.164,,,,,24.204776645180672,286.3015532157724,positive
Nature,nature,2,OpenBCI-RAW-2026-06-05_16-09-00.txt,horizontal-saccade-like,10400.0,41.6,,,,,-6.433217994145431,-68.78442798096134,negative
Nature,nature,2,OpenBCI-RAW-2026-06-05_16-09-00.txt,horizontal-saccade-like,10936.0,43.744,,,,,-7.756851813464062,-82.3204466024725,negative
Nature,nature,2,OpenBCI-RAW-2026-06-05_16-09-00.txt,horizontal-saccade-like,11918.0,47.672,,,,,29.57140263883156,346.3212580318065,positive
Nature,nature,2,OpenBCI-RAW-2026-06-05_16-09-00.txt,horizontal-saccade-like,12329.0,49.316,,,,,-41.01292570450054,-480.1499190031978,negative
Nature,nature,2,OpenBCI-RAW-2026-06-05_16-09-00.txt,horizontal-saccade-like,12654.0,50.616,,,,,9.989042410596893,122.38531787404136,positive
Nature,nature,2,OpenBCI-RAW-2026-06-05_16-09-00.txt,horizontal-saccade-like,12958.0,51.832,,,,,-31.05839060973982,-346.857010475906,negative
Nature,nature,2,OpenBCI-RAW-2026-06-05_16-09-00.txt,horizontal-saccade-like,13262.0,53.048,,,,,22.743221251662966,255.05424422933356,positive
Nature,nature,2,OpenBCI-RAW-2026-06-05_16-09-00.txt,horizontal-saccade-like,13440.0,53.76,,,,,22.14654424242849,248.44446542583174,positive
Nature,nature,2,OpenBCI-RAW-2026-06-05_16-09-00.txt,horizontal-saccade-like,13613.0,54.452,,,,,15.918546706767009,169.84722798247094,positive
Nature,nature,2,OpenBCI-RAW-2026-06-05_16-09-00.txt,horizontal-saccade-like,13984.0,55.936,,,,,-56.93758518941038,-720.564168553957,negative
Nature,nature,2,OpenBCI-RAW-2026-06-05_16-09-00.txt,horizontal-saccade-like,14087.0,56.348,,,,,50.3968820637063,709.2679201637211,positive
Nature,nature,2,OpenBCI-RAW-2026-06-05_16-09-00.txt,horizontal-saccade-like,14515.0,58.06,,,,,-13.925001710612458,-158.42071580250644,negative
Nature,nature,2,OpenBCI-RAW-2026-06-05_16-09-00.txt,horizontal-saccade-like,15304.0,61.216,,,,,13.220435403854225,153.4327312037268,positive
Nature,nature,2,OpenBCI-RAW-2026-06-05_16-09-00.txt,horizontal-saccade-like,15775.0,63.1,,,,,-48.78842708196028,-561.0711866278499,negative
Nature,nature,2,OpenBCI-RAW-2026-06-05_16-09-00.txt,horizontal-saccade-like,17321.0,69.284,,,,,-25.458508353614885,-283.33042012125907,negative
Nature,nature,2,OpenBCI-RAW-2026-06-05_16-09-00.txt,horizontal-saccade-like,17895.0,71.58,,,,,21.624429840477166,248.4180246417438,positive
Nature,nature,2,OpenBCI-RAW-2026-06-05_16-09-00.txt,horizontal-saccade-like,17946.0,71.784,,,,,67.0679716517188,913.880900070598,positive
Nature,nature,2,OpenBCI-RAW-2026-06-05_16-09-00.txt,horizontal-saccade-like,18447.0,73.788,,,,,42.66263843879463,478.10503713876153,positive
Nature,nature,2,OpenBCI-RAW-2026-06-05_16-09-00.txt,horizontal-saccade-like,18747.0,74.988,,,,,-11.306461901408497,-127.94872538554826,negative
Nature,nature,2,OpenBCI-RAW-2026-06-05_16-09-00.txt,horizontal-saccade-like,18779.0,75.116,,,,,-17.82985938603704,-194.28427067238974,negative
Nature,nature,2,OpenBCI-RAW-2026-06-05_16-09-00.txt,horizontal-saccade-like,18969.0,75.876,,,,,14.993121331364062,167.4417201176383,positive
Nature,nature,2,OpenBCI-RAW-2026-06-05_16-09-00.txt,horizontal-saccade-like,19035.0,76.14,,,,,18.77912841455378,218.05681481464933,positive
Nature,nature,2,OpenBCI-RAW-2026-06-05_16-09-00.txt,horizontal-saccade-like,19097.0,76.388,,,,,16.25031659252759,178.88386926584707,positive
Nature,nature,2,OpenBCI-RAW-2026-06-05_16-09-00.txt,horizontal-saccade-like,19181.0,76.724,,,,,12.579505551985024,139.65230505662757,positive
Nature,nature,2,OpenBCI-RAW-2026-06-05_16-09-00.txt,horizontal-saccade-like,19499.0,77.996,,,,,-57.07961863958951,-873.48081342797,negative
Nature,nature,2,OpenBCI-RAW-2026-06-05_16-09-00.txt,horizontal-saccade-like,20764.0,83.056,,,,,34.97502822270488,391.8525624991035,positive
Nature,nature,2,OpenBCI-RAW-2026-06-05_16-09-00.txt,horizontal-saccade-like,20829.0,83.316,,,,,-31.023689853581978,-354.82975830896896,negative
Nature,nature,2,OpenBCI-RAW-2026-06-05_16-09-00.txt,vertical-saccade-like,883.0,3.532,,,,,10.542565919396111,192.62274492389315,positive
Nature,nature,2,OpenBCI-RAW-2026-06-05_16-09-00.txt,vertical-saccade-like,975.0,3.9,,,,,8.680965829441565,149.94475532727165,positive
Nature,nature,2,OpenBCI-RAW-2026-06-05_16-09-00.txt,vertical-saccade-like,1257.0,5.028,,,,,-7.87074605954959,-96.50511653043736,negative
Nature,nature,2,OpenBCI-RAW-2026-06-05_16-09-00.txt,vertical-saccade-like,1321.0,5.284,,,,,8.385937712532963,99.07961710038148,positive
Nature,nature,2,OpenBCI-RAW-2026-06-05_16-09-00.txt,vertical-saccade-like,1441.0,5.764,,,,,6.875998036281383,70.99639951694644,positive
Nature,nature,2,OpenBCI-RAW-2026-06-05_16-09-00.txt,vertical-saccade-like,1738.0,6.952,,,,,20.28094170824148,234.70266015068023,positive
Nature,nature,2,OpenBCI-RAW-2026-06-05_16-09-00.txt,vertical-saccade-like,2709.0,10.836,,,,,-9.523939399140483,-103.41623351708006,negative
Nature,nature,2,OpenBCI-RAW-2026-06-05_16-09-00.txt,vertical-saccade-like,2805.0,11.22,,,,,16.089723551197704,197.8519172366664,positive
Nature,nature,2,OpenBCI-RAW-2026-06-05_16-09-00.txt,vertical-saccade-like,2870.0,11.48,,,,,-7.934602130671628,-91.04610833318344,negative
Nature,nature,2,OpenBCI-RAW-2026-06-05_16-09-00.txt,vertical-saccade-like,3192.0,12.768,,,,,8.173864353773647,144.4825813519169,positive
Nature,nature,2,OpenBCI-RAW-2026-06-05_16-09-00.txt,vertical-saccade-like,3560.0,14.24,,,,,8.86863018529275,112.39336516555898,positive
Nature,nature,2,OpenBCI-RAW-2026-06-05_16-09-00.txt,vertical-saccade-like,3847.0,15.388,,,,,6.811735521852566,84.68032432796093,positive
Nature,nature,2,OpenBCI-RAW-2026-06-05_16-09-00.txt,vertical-saccade-like,4024.0,16.096,,,,,10.911914400958258,165.93489735285522,positive
Nature,nature,2,OpenBCI-RAW-2026-06-05_16-09-00.txt,vertical-saccade-like,4114.0,16.456,,,,,-22.92091088365878,-303.6851161399973,negative
Nature,nature,2,OpenBCI-RAW-2026-06-05_16-09-00.txt,vertical-saccade-like,4251.0,17.004,,,,,-6.370498438700774,-74.59122011949955,negative
Nature,nature,2,OpenBCI-RAW-2026-06-05_16-09-00.txt,vertical-saccade-like,4332.0,17.328,,,,,-10.473479679959915,-117.95299943057964,negative
Nature,nature,2,OpenBCI-RAW-2026-06-05_16-09-00.txt,vertical-saccade-like,4523.0,18.092,,,,,11.614079709889829,129.91586798418217,positive
Nature,nature,2,OpenBCI-RAW-2026-06-05_16-09-00.txt,vertical-saccade-like,4555.0,18.22,,,,,-10.14518476216702,-153.64012268462838,negative
Nature,nature,2,OpenBCI-RAW-2026-06-05_16-09-00.txt,vertical-saccade-like,4865.0,19.46,,,,,-9.332746520010675,-102.48348429985582,negative
Nature,nature,2,OpenBCI-RAW-2026-06-05_16-09-00.txt,vertical-saccade-like,5053.0,20.212,,,,,-10.172822812242185,-114.9536116469746,negative
Nature,nature,2,OpenBCI-RAW-2026-06-05_16-09-00.txt,vertical-saccade-like,5592.0,22.368,,,,,-8.663996599323577,-97.37683111410797,negative
Nature,nature,2,OpenBCI-RAW-2026-06-05_16-09-00.txt,vertical-saccade-like,6269.0,25.076,,,,,-7.700516462415555,-88.83321497271032,negative
Nature,nature,2,OpenBCI-RAW-2026-06-05_16-09-00.txt,vertical-saccade-like,7455.0,29.82,,,,,10.658557423601504,148.22964889802574,positive
Nature,nature,2,OpenBCI-RAW-2026-06-05_16-09-00.txt,vertical-saccade-like,7641.0,30.564,,,,,8.932443432713432,105.22425097987568,positive
Nature,nature,2,OpenBCI-RAW-2026-06-05_16-09-00.txt,vertical-saccade-like,8445.0,33.78,,,,,10.055917494547268,115.57420370872134,positive
Nature,nature,2,OpenBCI-RAW-2026-06-05_16-09-00.txt,vertical-saccade-like,8881.0,35.524,,,,,-14.823212930926694,-166.74325837780498,negative
Nature,nature,2,OpenBCI-RAW-2026-06-05_16-09-00.txt,vertical-saccade-like,9133.0,36.532,,,,,-7.871825346640659,-94.52126437864669,negative
Nature,nature,2,OpenBCI-RAW-2026-06-05_16-09-00.txt,vertical-saccade-like,9241.0,36.964,,,,,-10.433141893641649,-116.2978926109913,negative
Nature,nature,2,OpenBCI-RAW-2026-06-05_16-09-00.txt,vertical-saccade-like,9284.0,37.136,,,,,-8.903214616498962,-97.87381120048576,negative
Nature,nature,2,OpenBCI-RAW-2026-06-05_16-09-00.txt,vertical-saccade-like,9360.0,37.44,,,,,-11.747779288857512,-131.1809798608198,negative
Nature,nature,2,OpenBCI-RAW-2026-06-05_16-09-00.txt,vertical-saccade-like,9915.0,39.66,,,,,-9.023790864491854,-104.09619776344336,negative
Nature,nature,2,OpenBCI-RAW-2026-06-05_16-09-00.txt,vertical-saccade-like,10401.0,41.604,,,,,31.679282190034144,403.3833793576732,positive
Nature,nature,2,OpenBCI-RAW-2026-06-05_16-09-00.txt,vertical-saccade-like,10935.0,43.74,,,,,-11.378371777070004,-127.94152798099279,negative
Nature,nature,2,OpenBCI-RAW-2026-06-05_16-09-00.txt,vertical-saccade-like,12326.0,49.304,,,,,21.222225122368698,264.95574681925206,positive
Nature,nature,2,OpenBCI-RAW-2026-06-05_16-09-00.txt,vertical-saccade-like,12654.0,50.616,,,,,-30.29682781088052,-356.04765262343744,negative
Nature,nature,2,OpenBCI-RAW-2026-06-05_16-09-00.txt,vertical-saccade-like,13262.0,53.048,,,,,11.898739955502945,143.9803503174347,positive
Nature,nature,2,OpenBCI-RAW-2026-06-05_16-09-00.txt,vertical-saccade-like,13982.0,55.928,,,,,22.159729026142124,298.0276961462452,positive
Nature,nature,2,OpenBCI-RAW-2026-06-05_16-09-00.txt,vertical-saccade-like,14084.0,56.336,,,,,-32.013732303406115,-446.9439236050058,negative
Nature,nature,2,OpenBCI-RAW-2026-06-05_16-09-00.txt,vertical-saccade-like,14515.0,58.06,,,,,20.69887896720064,257.3427664618678,positive
Nature,nature,2,OpenBCI-RAW-2026-06-05_16-09-00.txt,vertical-saccade-like,15303.0,61.212,,,,,-31.369258410600093,-360.9913698174101,negative
Nature,nature,2,OpenBCI-RAW-2026-06-05_16-09-00.txt,vertical-saccade-like,17943.0,71.772,,,,,-6.478644707249003,-80.10482814325265,negative
Nature,nature,2,OpenBCI-RAW-2026-06-05_16-09-00.txt,vertical-saccade-like,18445.0,73.78,,,,,15.77644543827564,187.8322323005864,positive
Nature,nature,2,OpenBCI-RAW-2026-06-05_16-09-00.txt,vertical-saccade-like,18849.0,75.396,,,,,-10.073674612492178,-115.48082294200827,negative
Nature,nature,2,OpenBCI-RAW-2026-06-05_16-09-00.txt,vertical-saccade-like,19033.0,76.132,,,,,-6.330263892831469,-72.67461707408039,negative
Nature,nature,2,OpenBCI-RAW-2026-06-05_16-09-00.txt,vertical-saccade-like,19495.0,77.98,,,,,28.43612782673436,431.1486182151003,positive
Nature,nature,2,OpenBCI-RAW-2026-06-05_16-09-00.txt,vertical-saccade-like,20160.0,80.64,,,,,-20.824485932604325,-233.3911332412148,negative
Nature,nature,2,OpenBCI-RAW-2026-06-05_16-09-00.txt,vertical-saccade-like,20824.0,83.296,,,,,-6.702207527507775,-82.66431145766961,negative
Nature,nature,3,OpenBCI-RAW-2026-06-05_16-11-15.txt,blink-like,518.0,2.072,-756.4709912858968,-16.64716547078412,0.25011653314125193,0.6161754875626755,,,
Nature,nature,3,OpenBCI-RAW-2026-06-05_16-11-15.txt,blink-like,792.0,3.168,-272.11138821140315,-6.1260910568565246,0.28257120248056916,0.057630242340061616,,,
Nature,nature,3,OpenBCI-RAW-2026-06-05_16-11-15.txt,blink-like,1025.0,4.1,-691.9618705616593,-15.245922974075826,2.502740387519618,0.10285476996847456,,,
Nature,nature,3,OpenBCI-RAW-2026-06-05_16-11-15.txt,blink-like,1401.0,5.604,-899.2514221787003,-19.748587490169157,4.060051928211689,0.17004908094330312,,,
Nature,nature,3,OpenBCI-RAW-2026-06-05_16-11-15.txt,blink-like,1658.0,6.632,-517.8318743498457,-11.463537663218974,2.8745385784498136,0.0893257436692993,,,
Nature,nature,3,OpenBCI-RAW-2026-06-05_16-11-15.txt,blink-like,2529.0,10.116,-537.7912937240369,-11.897088552190109,5.762371990855077,0.0885803794329604,,,
Nature,nature,3,OpenBCI-RAW-2026-06-05_16-11-15.txt,blink-like,4009.0,16.036,-556.1294312029406,-12.295422574688487,12.30341462222855,0.08792231913847535,,,
Nature,nature,3,OpenBCI-RAW-2026-06-05_16-11-15.txt,blink-like,4494.0,17.976,-504.95080448699724,-11.183739980468815,3.8192336865192384,0.09220975737638583,,,
Nature,nature,3,OpenBCI-RAW-2026-06-05_16-11-15.txt,blink-like,4807.0,19.228,-246.40562143910924,-5.56772020313201,0.9765087589345222,0.10618094271778318,,,
Nature,nature,3,OpenBCI-RAW-2026-06-05_16-11-15.txt,blink-like,5652.0,22.608,-532.8125329956487,-11.788941812082106,12.358475487993086,0.1030316672575791,,,
Nature,nature,3,OpenBCI-RAW-2026-06-05_16-11-15.txt,blink-like,6360.0,25.44,-422.4188772118663,-9.391012959315967,8.293495740162673,0.08957442683546106,,,
Nature,nature,3,OpenBCI-RAW-2026-06-05_16-11-15.txt,blink-like,6559.0,26.236,-476.92993101936554,-10.5750812628035,3.5474370191861304,0.08669706260779277,,,
Nature,nature,3,OpenBCI-RAW-2026-06-05_16-11-15.txt,blink-like,6771.0,27.084,-521.7060868777784,-11.54769182893184,1.7978141736325262,0.10272603232117762,,,
Nature,nature,3,OpenBCI-RAW-2026-06-05_16-11-15.txt,blink-like,6957.0,27.828,298.1443222421825,6.260785814306861,0.4933292098439428,0.39435671956797524,,,
Nature,nature,3,OpenBCI-RAW-2026-06-05_16-11-15.txt,blink-like,7070.0,28.28,-625.5965103587062,-13.804359951952794,2.5284637062945934,0.09394944786173437,,,
Nature,nature,3,OpenBCI-RAW-2026-06-05_16-11-15.txt,blink-like,8064.0,32.256,-492.8878752813394,-10.921713636783116,2.4059802271501805,0.08574780045784791,,,
Nature,nature,3,OpenBCI-RAW-2026-06-05_16-11-15.txt,blink-like,8346.0,33.384,-466.0650842612007,-10.339079208724288,4.718201448702191,0.08548445848462143,,,
Nature,nature,3,OpenBCI-RAW-2026-06-05_16-11-15.txt,blink-like,8546.0,34.184,-537.2722088864581,-11.885813189487187,12.07808342575874,0.09148298882707605,,,
Nature,nature,3,OpenBCI-RAW-2026-06-05_16-11-15.txt,blink-like,8673.0,34.692,-230.98045273031045,-5.23266057635364,1.2906544169661414,0.1070675628920144,,,
Nature,nature,3,OpenBCI-RAW-2026-06-05_16-11-15.txt,blink-like,9000.0,36.0,-781.6363600069199,-17.193798004313322,11.95313108457557,0.09251131694287323,,,
Nature,nature,3,OpenBCI-RAW-2026-06-05_16-11-15.txt,blink-like,9372.0,37.488,267.6198428647419,5.5977447247157075,0.9541608026447651,0.32226369596119914,,,
Nature,nature,3,OpenBCI-RAW-2026-06-05_16-11-15.txt,blink-like,9463.0,37.852,-604.9513101678302,-13.355912793849827,2.53609500183879,0.09449801420934091,,,
Nature,nature,3,OpenBCI-RAW-2026-06-05_16-11-15.txt,blink-like,10078.0,40.312,-286.2874037029653,-6.43401705426217,3.3714200147895133,0.08564189913565497,,,
Nature,nature,3,OpenBCI-RAW-2026-06-05_16-11-15.txt,blink-like,10199.0,40.796,-541.1374699576609,-11.969772915073813,2.533732473349264,0.08861758166846266,,,
Nature,nature,3,OpenBCI-RAW-2026-06-05_16-11-15.txt,blink-like,10423.0,41.692,-519.3834099620888,-11.497239527554171,1.2195638516634193,0.08362064627791552,,,
Nature,nature,3,OpenBCI-RAW-2026-06-05_16-11-15.txt,blink-like,10661.0,42.644,-468.26086945394826,-10.386775216531827,1.069741861684444,0.07847705754599883,,,
Nature,nature,3,OpenBCI-RAW-2026-06-05_16-11-15.txt,blink-like,10818.0,43.272,-605.300447044104,-13.36349661180782,3.0326186821381653,0.08999574452032538,,,
Nature,nature,3,OpenBCI-RAW-2026-06-05_16-11-15.txt,blink-like,11527.0,46.108,-357.3562502748861,-7.977747411932365,2.3005168417794937,0.07904218738156488,,,
Nature,nature,3,OpenBCI-RAW-2026-06-05_16-11-15.txt,blink-like,12307.0,49.228,-262.3159897466161,-5.913319150388827,5.438458470462186,0.08291825122092268,,,
Nature,nature,3,OpenBCI-RAW-2026-06-05_16-11-15.txt,blink-like,12636.0,50.544,-451.5851250751555,-10.024551062404898,7.591981811326338,0.08936578727325105,,,
Nature,nature,3,OpenBCI-RAW-2026-06-05_16-11-15.txt,blink-like,14200.0,56.8,-438.2936717520347,-9.735839186777458,7.3917660975527,0.09192441013192001,,,
Nature,nature,3,OpenBCI-RAW-2026-06-05_16-11-15.txt,blink-like,14650.0,58.6,-687.8515423074404,-15.156639992683887,5.3346175661884905,0.11606423902521783,,,
Nature,nature,3,OpenBCI-RAW-2026-06-05_16-11-15.txt,blink-like,14921.0,59.684,-494.1742449496292,-10.949655667699792,0.5985009840479619,0.0887863204375899,,,
Nature,nature,3,OpenBCI-RAW-2026-06-05_16-11-15.txt,blink-like,15420.0,61.68,-516.6795946675711,-11.438508283795265,8.852644379666671,0.08659314407583588,,,
Nature,nature,3,OpenBCI-RAW-2026-06-05_16-11-15.txt,blink-like,15988.0,63.952,-521.2731322634794,-11.538287354062387,4.68730644943162,0.08806007485225564,,,
Nature,nature,3,OpenBCI-RAW-2026-06-05_16-11-15.txt,blink-like,16253.0,65.012,-472.26515972199746,-10.47375488126376,3.574167765051631,0.08519669551479456,,,
Nature,nature,3,OpenBCI-RAW-2026-06-05_16-11-15.txt,blink-like,17557.0,70.228,-496.0856427331398,-10.991174320756906,3.2919778761509155,0.08727634250019037,,,
Nature,nature,3,OpenBCI-RAW-2026-06-05_16-11-15.txt,blink-like,18164.0,72.656,-602.3186238545657,-13.298726586671181,5.154977368009843,0.10210594885257887,,,
Nature,nature,3,OpenBCI-RAW-2026-06-05_16-11-15.txt,blink-like,18518.0,74.072,-440.2914749776476,-9.77923470586625,5.637987182344232,0.08422059659709338,,,
Nature,nature,3,OpenBCI-RAW-2026-06-05_16-11-15.txt,horizontal-saccade-like,1155.0,4.62,,,,,-11.470585673955071,-157.68808684840224,negative
Nature,nature,3,OpenBCI-RAW-2026-06-05_16-11-15.txt,horizontal-saccade-like,1776.0,7.104,,,,,26.651568686562424,362.58429122094185,positive
Nature,nature,3,OpenBCI-RAW-2026-06-05_16-11-15.txt,horizontal-saccade-like,1820.0,7.28,,,,,26.010232836538577,349.41408067248176,positive
Nature,nature,3,OpenBCI-RAW-2026-06-05_16-11-15.txt,horizontal-saccade-like,1900.0,7.6,,,,,32.61862490133226,431.2438693670374,positive
Nature,nature,3,OpenBCI-RAW-2026-06-05_16-11-15.txt,horizontal-saccade-like,2024.0,8.096,,,,,19.955772961198022,287.7788241602266,positive
Nature,nature,3,OpenBCI-RAW-2026-06-05_16-11-15.txt,horizontal-saccade-like,2094.0,8.376,,,,,17.554626920833492,250.83592022332778,positive
Nature,nature,3,OpenBCI-RAW-2026-06-05_16-11-15.txt,horizontal-saccade-like,2162.0,8.648,,,,,-28.683174402189703,-231.23148772198874,negative
Nature,nature,3,OpenBCI-RAW-2026-06-05_16-11-15.txt,horizontal-saccade-like,2272.0,9.088,,,,,45.84690440303528,522.3843465528735,positive
Nature,nature,3,OpenBCI-RAW-2026-06-05_16-11-15.txt,horizontal-saccade-like,2365.0,9.46,,,,,13.752918298419017,162.7838691326674,positive
Nature,nature,3,OpenBCI-RAW-2026-06-05_16-11-15.txt,horizontal-saccade-like,3114.0,12.456,,,,,-8.884167432972873,-121.92482772745325,negative
Nature,nature,3,OpenBCI-RAW-2026-06-05_16-11-15.txt,horizontal-saccade-like,3267.0,13.068,,,,,-43.15230180212126,-468.0368988130808,negative
Nature,nature,3,OpenBCI-RAW-2026-06-05_16-11-15.txt,horizontal-saccade-like,3425.0,13.7,,,,,19.08123200402537,160.80663145392805,positive
Nature,nature,3,OpenBCI-RAW-2026-06-05_16-11-15.txt,horizontal-saccade-like,4250.0,17.0,,,,,23.67734947509379,236.99124314318817,positive
Nature,nature,3,OpenBCI-RAW-2026-06-05_16-11-15.txt,horizontal-saccade-like,4663.0,18.652,,,,,-55.59022409787643,-548.1416870353335,negative
Nature,nature,3,OpenBCI-RAW-2026-06-05_16-11-15.txt,horizontal-saccade-like,5178.0,20.712,,,,,17.858760700202335,166.12897154047184,positive
Nature,nature,3,OpenBCI-RAW-2026-06-05_16-11-15.txt,horizontal-saccade-like,6135.0,24.54,,,,,-27.2988410092014,-261.94077030722866,negative
Nature,nature,3,OpenBCI-RAW-2026-06-05_16-11-15.txt,horizontal-saccade-like,7621.0,30.484,,,,,-38.95112235593502,-389.39811272195345,negative
Nature,nature,3,OpenBCI-RAW-2026-06-05_16-11-15.txt,horizontal-saccade-like,8886.0,35.544,,,,,13.24181325518736,123.2560637387582,positive
Nature,nature,3,OpenBCI-RAW-2026-06-05_16-11-15.txt,horizontal-saccade-like,9786.0,39.144,,,,,-25.866109388587514,-246.12113143350945,negative
Nature,nature,3,OpenBCI-RAW-2026-06-05_16-11-15.txt,horizontal-saccade-like,10538.0,42.152,,,,,55.923856966561445,568.6503241078865,positive
Nature,nature,3,OpenBCI-RAW-2026-06-05_16-11-15.txt,horizontal-saccade-like,11340.0,45.36,,,,,-30.8279871466876,-318.68447223442047,negative
Nature,nature,3,OpenBCI-RAW-2026-06-05_16-11-15.txt,horizontal-saccade-like,11649.0,46.596,,,,,12.206921057888065,116.05683671999543,positive
Nature,nature,3,OpenBCI-RAW-2026-06-05_16-11-15.txt,horizontal-saccade-like,12083.0,48.332,,,,,18.92430289251338,173.99768501519753,positive
Nature,nature,3,OpenBCI-RAW-2026-06-05_16-11-15.txt,horizontal-saccade-like,12527.0,50.108,,,,,-13.57218838109193,-135.64263120049776,negative
Nature,nature,3,OpenBCI-RAW-2026-06-05_16-11-15.txt,horizontal-saccade-like,14040.0,56.16,,,,,18.747183857041794,175.16698610776155,positive
Nature,nature,3,OpenBCI-RAW-2026-06-05_16-11-15.txt,vertical-saccade-like,628.0,2.512,,,,,21.712561889996422,389.85127588896466,positive
Nature,nature,3,OpenBCI-RAW-2026-06-05_16-11-15.txt,vertical-saccade-like,1134.0,4.536,,,,,24.624855550530928,298.5472724868139,positive
Nature,nature,3,OpenBCI-RAW-2026-06-05_16-11-15.txt,vertical-saccade-like,1222.0,4.888,,,,,-16.28821159782129,-199.34237075173132,negative
Nature,nature,3,OpenBCI-RAW-2026-06-05_16-11-15.txt,vertical-saccade-like,1791.0,7.164,,,,,-8.137443052592639,-111.6306313519849,negative
Nature,nature,3,OpenBCI-RAW-2026-06-05_16-11-15.txt,vertical-saccade-like,2000.0,8.0,,,,,-18.619645642524954,-213.9728176790759,negative
Nature,nature,3,OpenBCI-RAW-2026-06-05_16-11-15.txt,vertical-saccade-like,2160.0,8.64,,,,,17.409567300228098,194.8674968512571,positive
Nature,nature,3,OpenBCI-RAW-2026-06-05_16-11-15.txt,vertical-saccade-like,2270.0,9.08,,,,,-19.508515959068085,-234.4021641754573,negative
Nature,nature,3,OpenBCI-RAW-2026-06-05_16-11-15.txt,vertical-saccade-like,2364.0,9.456,,,,,-10.03117158773309,-114.39185450260459,negative
Nature,nature,3,OpenBCI-RAW-2026-06-05_16-11-15.txt,vertical-saccade-like,2703.0,10.812,,,,,-9.432476609442348,-93.25880038103696,negative
Nature,nature,3,OpenBCI-RAW-2026-06-05_16-11-15.txt,vertical-saccade-like,3423.0,13.692,,,,,-6.36002520783242,-60.12146018337853,negative
Nature,nature,3,OpenBCI-RAW-2026-06-05_16-11-15.txt,vertical-saccade-like,4250.0,17.0,,,,,16.141284242699992,187.31278414894248,positive
Nature,nature,3,OpenBCI-RAW-2026-06-05_16-11-15.txt,vertical-saccade-like,4662.0,18.648,,,,,19.545445269417556,245.6005614887343,positive
Nature,nature,3,OpenBCI-RAW-2026-06-05_16-11-15.txt,vertical-saccade-like,7617.0,30.468,,,,,-8.109359147073844,-86.17532917607267,negative
Nature,nature,3,OpenBCI-RAW-2026-06-05_16-11-15.txt,vertical-saccade-like,8833.0,35.332,,,,,13.931972185056448,149.76518408794794,positive
Nature,nature,3,OpenBCI-RAW-2026-06-05_16-11-15.txt,vertical-saccade-like,9783.0,39.132,,,,,-6.042143715137115,-61.969638908960064,negative
Nature,nature,3,OpenBCI-RAW-2026-06-05_16-11-15.txt,vertical-saccade-like,10531.0,42.124,,,,,-20.989490618487707,-254.25769990162303,negative
Nature,nature,3,OpenBCI-RAW-2026-06-05_16-11-15.txt,vertical-saccade-like,12525.0,50.1,,,,,-16.136758450092056,-171.16115680948724,negative
Nature,nature,3,OpenBCI-RAW-2026-06-05_16-11-15.txt,vertical-saccade-like,13653.0,54.612,,,,,6.836962792270564,73.08206415574973,positive
Nature,nature,3,OpenBCI-RAW-2026-06-05_16-11-15.txt,vertical-saccade-like,15531.0,62.124,,,,,-7.097837732810965,-71.02344995310047,negative
Nature,nature,3,OpenBCI-RAW-2026-06-05_16-11-15.txt,vertical-saccade-like,15776.0,63.104,,,,,-16.465388233622,-176.67025812218458,negative
Still image,still_image,1,OpenBCI-RAW-2026-06-05_16-25-53.txt,blink-like,611.0,2.444,-662.4149196261237,-21.598505774333884,0.4059625762954921,0.0674916330855508,,,
Still image,still_image,1,OpenBCI-RAW-2026-06-05_16-25-53.txt,blink-like,761.0,3.044,283.4297516730239,8.774020645215778,0.29538891593437444,0.6593738357553425,,,
Still image,still_image,1,OpenBCI-RAW-2026-06-05_16-25-53.txt,blink-like,1450.0,5.8,-224.64052999980998,-7.540897143453156,4.950614587565273,0.08390549312555777,,,
Still image,still_image,1,OpenBCI-RAW-2026-06-05_16-25-53.txt,blink-like,1906.0,7.624,-221.3682116926603,-7.435817972154802,4.151914721705402,0.09009773169070014,,,
Still image,still_image,1,OpenBCI-RAW-2026-06-05_16-25-53.txt,blink-like,2835.0,11.34,-269.46443800573866,-8.980261736233052,4.71365102982138,0.08779816740641581,,,
Still image,still_image,1,OpenBCI-RAW-2026-06-05_16-25-53.txt,blink-like,3223.0,12.892,-292.88437619057214,-9.732311954252518,4.5528957835972825,0.08053327724980408,,,
Still image,still_image,1,OpenBCI-RAW-2026-06-05_16-25-53.txt,blink-like,3381.0,13.524,-451.8574211559429,-14.83718081350718,8.902117321018691,0.1077739265994078,,,
Still image,still_image,1,OpenBCI-RAW-2026-06-05_16-25-53.txt,blink-like,3496.0,13.984,-214.5557773920776,-7.217060234172627,13.031382276272126,0.07117641972433739,,,
Still image,still_image,1,OpenBCI-RAW-2026-06-05_16-25-53.txt,blink-like,4300.0,17.2,-220.62484844185116,-7.411947435416975,6.838713901286394,0.08349132514556913,,,
Still image,still_image,1,OpenBCI-RAW-2026-06-05_16-25-53.txt,blink-like,5012.0,20.048,-265.8638129816286,-8.864640131555124,6.810079708831016,0.08594733561878093,,,
Still image,still_image,1,OpenBCI-RAW-2026-06-05_16-25-53.txt,blink-like,5444.0,21.776,-283.1054504251386,-9.418295615018412,12.172877091852056,0.0872516859724783,,,
Still image,still_image,1,OpenBCI-RAW-2026-06-05_16-25-53.txt,blink-like,5810.0,23.24,-247.68192802420938,-8.280791855000453,4.7915779737449276,0.08367060439081252,,,
Still image,still_image,1,OpenBCI-RAW-2026-06-05_16-25-53.txt,blink-like,5968.0,23.872,-302.02259900844854,-10.025754336903422,9.5861936632277,0.08426874303914156,,,
Still image,still_image,1,OpenBCI-RAW-2026-06-05_16-25-53.txt,blink-like,6457.0,25.828,-280.2804643024709,-9.327580967836719,6.119267123298949,0.08728680424288905,,,
Still image,still_image,1,OpenBCI-RAW-2026-06-05_16-25-53.txt,blink-like,6670.0,26.68,-279.83288612923906,-9.313208544643146,7.686721884261783,0.09158691635161449,,,
Still image,still_image,1,OpenBCI-RAW-2026-06-05_16-25-53.txt,blink-like,6913.0,27.652,-250.59262936727612,-8.374258949677092,6.306962593285629,0.079641354900672,,,
Still image,still_image,1,OpenBCI-RAW-2026-06-05_16-25-53.txt,blink-like,7021.0,28.084,-327.1130973671939,-10.831448810218946,6.684115978279556,0.0842584356801708,,,
Still image,still_image,1,OpenBCI-RAW-2026-06-05_16-25-53.txt,blink-like,7490.0,29.96,-325.5128236633442,-10.780061561526276,5.314863526954432,0.08445323865283354,,,
Still image,still_image,1,OpenBCI-RAW-2026-06-05_16-25-53.txt,blink-like,7780.0,31.12,-468.36196116744134,-15.367166965306524,13.944615676866066,0.23283058300358608,,,
Still image,still_image,1,OpenBCI-RAW-2026-06-05_16-25-53.txt,blink-like,8098.0,32.392,-373.8422397277657,-12.33199340699712,6.904670818708961,0.10186068865903872,,,
Still image,still_image,1,OpenBCI-RAW-2026-06-05_16-25-53.txt,blink-like,8605.0,34.42,-341.70017112317174,-11.299862172879031,3.917964096422094,0.08420724028682161,,,
Still image,still_image,1,OpenBCI-RAW-2026-06-05_16-25-53.txt,blink-like,9685.0,38.74,-219.77005040459295,-7.384498556380268,1.192072377048252,0.08151393975412793,,,
Still image,still_image,1,OpenBCI-RAW-2026-06-05_16-25-53.txt,blink-like,9799.0,39.196,-285.3499563354642,-9.49037015022361,1.3318102427612164,0.08585324691812275,,,
Still image,still_image,1,OpenBCI-RAW-2026-06-05_16-25-53.txt,blink-like,10897.0,43.588,-298.8010047263005,-9.922303992024686,9.520485620701088,0.0926122586529018,,,
Still image,still_image,1,OpenBCI-RAW-2026-06-05_16-25-53.txt,blink-like,12089.0,48.356,-284.91732337898065,-9.476477640914744,37.81823664857291,0.0894189591478571,,,
Still image,still_image,1,OpenBCI-RAW-2026-06-05_16-25-53.txt,blink-like,12571.0,50.284,-285.1617297433454,-9.484325904994488,9.207017778462697,0.09434676127712009,,,
Still image,still_image,1,OpenBCI-RAW-2026-06-05_16-25-53.txt,blink-like,12870.0,51.48,-377.9301292807068,-12.463261824755786,5.393472969650154,0.13861799818772125,,,
Still image,still_image,1,OpenBCI-RAW-2026-06-05_16-25-53.txt,blink-like,13119.0,52.476,-277.12516016512956,-9.226259301413963,6.24723721102772,0.08890418892091839,,,
Still image,still_image,1,OpenBCI-RAW-2026-06-05_16-25-53.txt,blink-like,13351.0,53.404,-286.84391844257004,-9.53834357011459,5.415795042448915,0.09532365803450375,,,
Still image,still_image,1,OpenBCI-RAW-2026-06-05_16-25-53.txt,blink-like,13624.0,54.496,-384.49268266399866,-12.67399550234786,5.897710476214754,0.11155097344053502,,,
Still image,still_image,1,OpenBCI-RAW-2026-06-05_16-25-53.txt,blink-like,14339.0,57.356,-276.9340917002926,-9.220123799283119,5.234762585671586,0.08490936917655927,,,
Still image,still_image,1,OpenBCI-RAW-2026-06-05_16-25-53.txt,blink-like,14546.0,58.184,-473.0310768554044,-15.517099447765624,12.020134621461526,0.15239230421488173,,,
Still image,still_image,1,OpenBCI-RAW-2026-06-05_16-25-53.txt,blink-like,14826.0,59.304,-490.28950365894514,-16.071294063389374,7.6385653489654315,0.15079170578313641,,,
Still image,still_image,1,OpenBCI-RAW-2026-06-05_16-25-53.txt,blink-like,15215.0,60.86,-237.97438944928297,-7.969067868195331,13.206830367278474,0.0786337174546643,,,
Still image,still_image,1,OpenBCI-RAW-2026-06-05_16-25-53.txt,blink-like,15325.0,61.3,-374.47920405304467,-12.352447310671677,12.913600490256517,0.09021827125842538,,,
Still image,still_image,1,OpenBCI-RAW-2026-06-05_16-25-53.txt,blink-like,15514.0,62.056,-451.830740231122,-14.83632404799524,20.510189591972203,0.12874643683741305,,,
Still image,still_image,1,OpenBCI-RAW-2026-06-05_16-25-53.txt,blink-like,16009.0,64.036,-300.52002858546865,-9.977504490756372,16.59200864483667,0.08734746836417616,,,
Still image,still_image,1,OpenBCI-RAW-2026-06-05_16-25-53.txt,blink-like,16282.0,65.128,-277.5143854761029,-9.238757924495973,4.2954903425719015,0.08559959490740585,,,
Still image,still_image,1,OpenBCI-RAW-2026-06-05_16-25-53.txt,blink-like,16493.0,65.972,-325.00690307442954,-10.763815673676742,5.737091148181673,0.09019441743458446,,,
Still image,still_image,1,OpenBCI-RAW-2026-06-05_16-25-53.txt,blink-like,16862.0,67.448,-352.9154310995608,-11.660001411668757,11.126616271178088,0.09066998949580012,,,
Still image,still_image,1,OpenBCI-RAW-2026-06-05_16-25-53.txt,blink-like,16979.0,67.916,-331.9097020701352,-10.985475160934776,8.370161627265878,0.0833962508928671,,,
Still image,still_image,1,OpenBCI-RAW-2026-06-05_16-25-53.txt,blink-like,17212.0,68.848,-423.50526750760065,-13.92674957477892,34.60882923464438,0.0987725339163153,,,
Still image,still_image,1,OpenBCI-RAW-2026-06-05_16-25-53.txt,blink-like,17455.0,69.82,-339.8156251244975,-11.239346503794621,9.948243367107299,0.1081987730320543,,,
Still image,still_image,1,OpenBCI-RAW-2026-06-05_16-25-53.txt,blink-like,17550.0,70.2,-287.8063871615875,-9.56924992026212,8.09021394383364,0.07822254364748368,,,
Still image,still_image,1,OpenBCI-RAW-2026-06-05_16-25-53.txt,blink-like,17744.0,70.976,-319.00933701616555,-10.57122460763266,19.562843283861575,0.08871583190665115,,,
Still image,still_image,1,OpenBCI-RAW-2026-06-05_16-25-53.txt,blink-like,18003.0,72.012,-551.0041114613259,-18.020933455021765,6.333195504814916,0.16223850932487402,,,
Still image,still_image,1,OpenBCI-RAW-2026-06-05_16-25-53.txt,blink-like,18246.0,72.984,-483.634940694626,-15.85760581670641,15.391697245136312,0.13804995622260322,,,
Still image,still_image,1,OpenBCI-RAW-2026-06-05_16-25-53.txt,blink-like,18877.0,75.508,-344.7642091182771,-11.398253143173356,6.645551961259398,0.09078090788739791,,,
Still image,still_image,1,OpenBCI-RAW-2026-06-05_16-25-53.txt,blink-like,19847.0,79.388,-338.52825606397914,-11.19800710422006,8.89661025358876,0.08909794287782279,,,
Still image,still_image,1,OpenBCI-RAW-2026-06-05_16-25-53.txt,blink-like,20215.0,80.86,-298.5325712949725,-9.913684181888524,7.781535699197509,0.09255038679705467,,,
Still image,still_image,1,OpenBCI-RAW-2026-06-05_16-25-53.txt,blink-like,21495.0,85.98,-257.7862316804669,-8.605256578504479,6.370069812509894,0.08505681388922676,,,
Still image,still_image,1,OpenBCI-RAW-2026-06-05_16-25-53.txt,blink-like,21642.0,86.568,-276.7788833648741,-9.215139821034812,9.327192686102888,0.08306756642951223,,,
Still image,still_image,1,OpenBCI-RAW-2026-06-05_16-25-53.txt,horizontal-saccade-like,1336.0,5.344,,,,,11.958855468650343,146.9543319745062,positive
Still image,still_image,1,OpenBCI-RAW-2026-06-05_16-25-53.txt,horizontal-saccade-like,1567.0,6.268,,,,,30.966567733138252,369.36009025337717,positive
Still image,still_image,1,OpenBCI-RAW-2026-06-05_16-25-53.txt,horizontal-saccade-like,1668.0,6.672,,,,,29.26808663214667,366.42704380563464,positive
Still image,still_image,1,OpenBCI-RAW-2026-06-05_16-25-53.txt,horizontal-saccade-like,1720.0,6.88,,,,,29.47852045642874,368.2360635757841,positive
Still image,still_image,1,OpenBCI-RAW-2026-06-05_16-25-53.txt,horizontal-saccade-like,2132.0,8.528,,,,,20.429482288965705,242.3639411175427,positive
Still image,still_image,1,OpenBCI-RAW-2026-06-05_16-25-53.txt,horizontal-saccade-like,2549.0,10.196,,,,,-7.64356438577644,-60.36002440252287,negative
Still image,still_image,1,OpenBCI-RAW-2026-06-05_16-25-53.txt,horizontal-saccade-like,2644.0,10.576,,,,,9.727921508427785,63.92717478005943,positive
Still image,still_image,1,OpenBCI-RAW-2026-06-05_16-25-53.txt,horizontal-saccade-like,2941.0,11.764,,,,,-8.425474332261935,-104.1507687502758,negative
Still image,still_image,1,OpenBCI-RAW-2026-06-05_16-25-53.txt,horizontal-saccade-like,3003.0,12.012,,,,,-8.719221601571563,-102.3409120076235,negative
Still image,still_image,1,OpenBCI-RAW-2026-06-05_16-25-53.txt,horizontal-saccade-like,4789.0,19.156,,,,,7.104127859625885,62.636747581710495,positive
Still image,still_image,1,OpenBCI-RAW-2026-06-05_16-25-53.txt,horizontal-saccade-like,7945.0,31.78,,,,,-23.969904966957355,-205.07910958251705,negative
Still image,still_image,1,OpenBCI-RAW-2026-06-05_16-25-53.txt,horizontal-saccade-like,10467.0,41.868,,,,,7.747166683832966,61.6824927332913,positive
Still image,still_image,1,OpenBCI-RAW-2026-06-05_16-25-53.txt,horizontal-saccade-like,15636.0,62.544,,,,,-9.482263170544828,-77.1116216931853,negative
Still image,still_image,1,OpenBCI-RAW-2026-06-05_16-25-53.txt,horizontal-saccade-like,15738.0,62.952,,,,,9.159053063248152,73.03531170005328,positive
Still image,still_image,1,OpenBCI-RAW-2026-06-05_16-25-53.txt,horizontal-saccade-like,15870.0,63.48,,,,,7.147462063100844,62.42895371636957,positive
Still image,still_image,1,OpenBCI-RAW-2026-06-05_16-25-53.txt,horizontal-saccade-like,16676.0,66.704,,,,,6.756069623721633,56.86428820747425,positive
Still image,still_image,1,OpenBCI-RAW-2026-06-05_16-25-53.txt,horizontal-saccade-like,17341.0,69.364,,,,,-12.937733600388587,-101.49052047571872,negative
Still image,still_image,1,OpenBCI-RAW-2026-06-05_16-25-53.txt,horizontal-saccade-like,18125.0,72.5,,,,,9.592278587723245,80.08152207241861,positive
Still image,still_image,1,OpenBCI-RAW-2026-06-05_16-25-53.txt,horizontal-saccade-like,18434.0,73.736,,,,,-9.371946686298672,-73.62090649515623,negative
Still image,still_image,1,OpenBCI-RAW-2026-06-05_16-25-53.txt,horizontal-saccade-like,20030.0,80.12,,,,,-41.209541318469604,-380.6859658449396,negative
Still image,still_image,1,OpenBCI-RAW-2026-06-05_16-25-53.txt,horizontal-saccade-like,20082.0,80.328,,,,,40.161765104075215,352.48667220868776,positive
Still image,still_image,1,OpenBCI-RAW-2026-06-05_16-25-53.txt,horizontal-saccade-like,20640.0,82.56,,,,,11.863934592948464,96.82378322736696,positive
Still image,still_image,1,OpenBCI-RAW-2026-06-05_16-25-53.txt,horizontal-saccade-like,20995.0,83.98,,,,,-12.464503184125213,-106.14484056795142,negative
Still image,still_image,1,OpenBCI-RAW-2026-06-05_16-25-53.txt,horizontal-saccade-like,21300.0,85.2,,,,,7.2524204434717205,57.645578564874576,positive
Still image,still_image,1,OpenBCI-RAW-2026-06-05_16-25-53.txt,vertical-saccade-like,1552.0,6.208,,,,,-6.887605459568615,-84.94981009130265,negative
Still image,still_image,1,OpenBCI-RAW-2026-06-05_16-25-53.txt,vertical-saccade-like,2133.0,8.532,,,,,-7.290385161981145,-87.02640776621638,negative
Still image,still_image,1,OpenBCI-RAW-2026-06-05_16-25-53.txt,vertical-saccade-like,2636.0,10.544,,,,,-9.810814036227848,-85.25872702152367,negative
Still image,still_image,1,OpenBCI-RAW-2026-06-05_16-25-53.txt,vertical-saccade-like,2982.0,11.928,,,,,8.741808887060305,89.84794613475538,positive
Still image,still_image,1,OpenBCI-RAW-2026-06-05_16-25-53.txt,vertical-saccade-like,20028.0,80.112,,,,,9.92232896408895,102.6169312797326,positive
Still image,still_image,1,OpenBCI-RAW-2026-06-05_16-25-53.txt,vertical-saccade-like,20079.0,80.316,,,,,-13.732195958150436,-130.910188991676,negative
Still image,still_image,1,OpenBCI-RAW-2026-06-05_16-25-53.txt,vertical-saccade-like,20992.0,83.968,,,,,-10.398449046450036,-81.78102235061407,negative
Still image,still_image,2,OpenBCI-RAW-2026-06-05_16-28-12.txt,blink-like,505.0,2.02,-899.1334989722887,-25.877229192874747,0.30702706421516057,0.6636447991706402,,,
Still image,still_image,2,OpenBCI-RAW-2026-06-05_16-28-12.txt,blink-like,774.0,3.096,287.779286055917,7.969810951872515,0.2987868716355801,0.655717096109866,,,
Still image,still_image,2,OpenBCI-RAW-2026-06-05_16-28-12.txt,blink-like,1382.0,5.528,-337.72380589435164,-9.867580751175964,3.489115190281535,0.08744985537722551,,,
Still image,still_image,2,OpenBCI-RAW-2026-06-05_16-28-12.txt,blink-like,1622.0,6.488,-308.07680273783996,-9.022140952508657,14.939917301366744,0.08674495583407406,,,
Still image,still_image,2,OpenBCI-RAW-2026-06-05_16-28-12.txt,blink-like,2258.0,9.032,-265.641137505562,-7.812008512447499,14.086784049244331,0.08119372270494205,,,
Still image,still_image,2,OpenBCI-RAW-2026-06-05_16-28-12.txt,blink-like,3161.0,12.644,-477.1218180511035,-13.84277604191961,7.026648370712583,0.27078588079998006,,,
Still image,still_image,2,OpenBCI-RAW-2026-06-05_16-28-12.txt,blink-like,3955.0,15.82,-254.55741968613134,-7.495935548435736,2.1415492313235367,0.08593250423716926,,,
Still image,still_image,2,OpenBCI-RAW-2026-06-05_16-28-12.txt,blink-like,4172.0,16.688,-291.873843339701,-8.560083230888036,12.717271384467915,0.09147046570708699,,,
Still image,still_image,2,OpenBCI-RAW-2026-06-05_16-28-12.txt,blink-like,4547.0,18.188,-291.7596684370364,-8.556827319785924,22.176874051026033,0.08986906254370843,,,
Still image,still_image,2,OpenBCI-RAW-2026-06-05_16-28-12.txt,blink-like,5945.0,23.78,-288.1656941583175,-8.45433841476659,32.46858724994379,0.08754953692526032,,,
Still image,still_image,2,OpenBCI-RAW-2026-06-05_16-28-12.txt,blink-like,6964.0,27.856,-327.49151204283436,-9.575787735603278,44.508617428813764,0.0849715523921659,,,
Still image,still_image,2,OpenBCI-RAW-2026-06-05_16-28-12.txt,blink-like,7941.0,31.764,-295.6058739614648,-8.66650907099158,13.160157054440207,0.09086625037638806,,,
Still image,still_image,2,OpenBCI-RAW-2026-06-05_16-28-12.txt,blink-like,8142.0,32.568,-353.73275179915106,-10.324105814811501,7.705422564197465,0.0866782838358049,,,
Still image,still_image,2,OpenBCI-RAW-2026-06-05_16-28-12.txt,blink-like,8415.0,33.66,-398.0020138079114,-11.586526699723645,20.690083067765283,0.09829697089469847,,,
Still image,still_image,2,OpenBCI-RAW-2026-06-05_16-28-12.txt,blink-like,9297.0,37.188,-280.6978902540262,-8.241380005580998,10.190139313656472,0.08626935658785806,,,
Still image,still_image,2,OpenBCI-RAW-2026-06-05_16-28-12.txt,blink-like,9636.0,38.544,-266.74184003929497,-7.843397105877975,20.022789433210974,0.090925659998029,,,
Still image,still_image,2,OpenBCI-RAW-2026-06-05_16-28-12.txt,blink-like,9920.0,39.68,-272.7496048240839,-8.014719766157617,6.831816527932458,0.09316497233849805,,,
Still image,still_image,2,OpenBCI-RAW-2026-06-05_16-28-12.txt,blink-like,10167.0,40.668,-365.0889712445102,-10.64794967285074,13.527672110106591,0.0979760978416889,,,
Still image,still_image,2,OpenBCI-RAW-2026-06-05_16-28-12.txt,blink-like,10370.0,41.48,-297.9528612816749,-8.733437808341458,5.930889548826936,0.08209753900199576,,,
Still image,still_image,2,OpenBCI-RAW-2026-06-05_16-28-12.txt,blink-like,10505.0,42.02,-292.3350030407527,-8.573234063124008,7.410730669536099,0.07700568723616744,,,
Still image,still_image,2,OpenBCI-RAW-2026-06-05_16-28-12.txt,blink-like,10616.0,42.464,-417.8837826808064,-12.153492560802876,8.337485292673415,0.10343802308421436,,,
Still image,still_image,2,OpenBCI-RAW-2026-06-05_16-28-12.txt,blink-like,10905.0,43.62,-365.7336235963369,-10.666333141549464,7.423783204522212,0.0835507192250443,,,
Still image,still_image,2,OpenBCI-RAW-2026-06-05_16-28-12.txt,blink-like,11119.0,44.476,-537.0370174355428,-15.551370122652727,14.165375113136063,0.17924263481154049,,,
Still image,still_image,2,OpenBCI-RAW-2026-06-05_16-28-12.txt,blink-like,11447.0,45.788,-560.798117258298,-16.228962368459595,9.343057526010934,0.16035080594847387,,,
Still image,still_image,2,OpenBCI-RAW-2026-06-05_16-28-12.txt,blink-like,12081.0,48.324,-283.45906418865104,-8.320120049660694,4.424540550340239,0.0840049548662646,,,
Still image,still_image,2,OpenBCI-RAW-2026-06-05_16-28-12.txt,blink-like,12786.0,51.144,-202.31128024812756,-6.006039069711604,4.3936925658780845,0.08003713211094146,,,
Still image,still_image,2,OpenBCI-RAW-2026-06-05_16-28-12.txt,blink-like,12967.0,51.868,-260.8148414141935,-7.674377643848248,6.061554451330441,0.0862883286164797,,,
Still image,still_image,2,OpenBCI-RAW-2026-06-05_16-28-12.txt,blink-like,13661.0,54.644,-245.1684588549389,-7.228191752784165,7.941271305239617,0.081923256866241,,,
Still image,still_image,2,OpenBCI-RAW-2026-06-05_16-28-12.txt,blink-like,13770.0,55.08,-419.602535527156,-12.202506015980976,11.721204170019053,0.101894598350249,,,
Still image,still_image,2,OpenBCI-RAW-2026-06-05_16-28-12.txt,blink-like,14929.0,59.716,-283.39170177725293,-8.31819908438709,6.822005425007302,0.07580776581718238,,,
Still image,still_image,2,OpenBCI-RAW-2026-06-05_16-28-12.txt,blink-like,15025.0,60.1,-367.74188979549,-10.723602611995398,19.532091215291043,0.08906033611098974,,,
Still image,still_image,2,OpenBCI-RAW-2026-06-05_16-28-12.txt,blink-like,15742.0,62.968,-315.4036693188663,-9.231080270065434,3.7638583262614995,0.0908468430273133,,,
Still image,still_image,2,OpenBCI-RAW-2026-06-05_16-28-12.txt,blink-like,16070.0,64.28,-318.6312433138798,-9.323120585038337,2.0096981619377843,0.09827273426188185,,,
Still image,still_image,2,OpenBCI-RAW-2026-06-05_16-28-12.txt,blink-like,16409.0,65.636,-400.36722078558563,-11.653975004716058,9.005038586416184,0.09147842795730685,,,
Still image,still_image,2,OpenBCI-RAW-2026-06-05_16-28-12.txt,blink-like,16751.0,67.004,-329.36013590105415,-9.629075043265985,2.150496312321282,0.08655329781610635,,,
Still image,still_image,2,OpenBCI-RAW-2026-06-05_16-28-12.txt,blink-like,17127.0,68.508,-222.5715952397186,-6.583799882060854,1.848367757580824,0.07482771099789534,,,
Still image,still_image,2,OpenBCI-RAW-2026-06-05_16-28-12.txt,blink-like,17447.0,69.788,-340.05433092015113,-9.934040035380827,1.2336155791222911,0.14344066382049642,,,
Still image,still_image,2,OpenBCI-RAW-2026-06-05_16-28-12.txt,horizontal-saccade-like,978.0,3.912,,,,,-39.04382012360113,-614.2623105784751,negative
Still image,still_image,2,OpenBCI-RAW-2026-06-05_16-28-12.txt,horizontal-saccade-like,1024.0,4.096,,,,,-31.763360275965184,-501.294283737584,negative
Still image,still_image,2,OpenBCI-RAW-2026-06-05_16-28-12.txt,horizontal-saccade-like,1097.0,4.388,,,,,-16.48487875992173,-264.15463066650227,negative
Still image,still_image,2,OpenBCI-RAW-2026-06-05_16-28-12.txt,horizontal-saccade-like,1500.0,6.0,,,,,18.460981381165848,296.53736400923117,positive
Still image,still_image,2,OpenBCI-RAW-2026-06-05_16-28-12.txt,horizontal-saccade-like,2992.0,11.968,,,,,-7.556474224467263,-116.9260499401189,negative
Still image,still_image,2,OpenBCI-RAW-2026-06-05_16-28-12.txt,horizontal-saccade-like,3285.0,13.14,,,,,-7.301616401072069,-103.80621196607353,negative
Still image,still_image,2,OpenBCI-RAW-2026-06-05_16-28-12.txt,horizontal-saccade-like,3495.0,13.98,,,,,-35.172222431789685,-448.96284018080837,negative
Still image,still_image,2,OpenBCI-RAW-2026-06-05_16-28-12.txt,horizontal-saccade-like,3600.0,14.4,,,,,30.30415897237881,362.03416128896345,positive
Still image,still_image,2,OpenBCI-RAW-2026-06-05_16-28-12.txt,horizontal-saccade-like,12202.0,48.808,,,,,-10.190712942763591,-106.65347766765741,negative
Still image,still_image,2,OpenBCI-RAW-2026-06-05_16-28-12.txt,horizontal-saccade-like,13416.0,53.664,,,,,9.131693968071312,97.45073148617249,positive
Still image,still_image,2,OpenBCI-RAW-2026-06-05_16-28-12.txt,horizontal-saccade-like,13895.0,55.58,,,,,7.976440665641649,83.83646995113676,positive
Still image,still_image,2,OpenBCI-RAW-2026-06-05_16-28-12.txt,horizontal-saccade-like,14168.0,56.672,,,,,-8.594916406617072,-89.11102225582954,negative
Still image,still_image,2,OpenBCI-RAW-2026-06-05_16-28-12.txt,horizontal-saccade-like,14277.0,57.108,,,,,-6.115587011792479,-63.46276609750422,negative
Still image,still_image,2,OpenBCI-RAW-2026-06-05_16-28-12.txt,horizontal-saccade-like,15865.0,63.46,,,,,-38.83258231117778,-480.5651437265763,negative
Still image,still_image,2,OpenBCI-RAW-2026-06-05_16-28-12.txt,vertical-saccade-like,979.0,3.916,,,,,17.383805431119427,237.7079510012245,positive
Still image,still_image,2,OpenBCI-RAW-2026-06-05_16-28-12.txt,vertical-saccade-like,1026.0,4.104,,,,,14.03400086304278,195.26865860378894,positive
Still image,still_image,2,OpenBCI-RAW-2026-06-05_16-28-12.txt,vertical-saccade-like,1123.0,4.492,,,,,7.973516568117635,104.98149727732789,positive
Still image,still_image,2,OpenBCI-RAW-2026-06-05_16-28-12.txt,vertical-saccade-like,2992.0,11.968,,,,,-21.987646415667136,-230.97831068072094,negative
Still image,still_image,2,OpenBCI-RAW-2026-06-05_16-28-12.txt,vertical-saccade-like,3493.0,13.972,,,,,11.563956911331484,138.17131788530367,positive
Still image,still_image,2,OpenBCI-RAW-2026-06-05_16-28-12.txt,vertical-saccade-like,3597.0,14.388,,,,,-15.841825288126756,-180.92521326533796,negative
Still image,still_image,2,OpenBCI-RAW-2026-06-05_16-28-12.txt,vertical-saccade-like,14635.0,58.54,,,,,-6.6543283192640335,-66.37665274530785,negative
Still image,still_image,2,OpenBCI-RAW-2026-06-05_16-28-12.txt,vertical-saccade-like,15863.0,63.452,,,,,10.059471221750313,119.84175380329526,positive
Still image,still_image,2,OpenBCI-RAW-2026-06-05_16-28-12.txt,vertical-saccade-like,16860.0,67.44,,,,,-8.656825832680545,-83.31478767812317,negative
Still image,still_image,3,OpenBCI-RAW-2026-06-05_16-29-59.txt,blink-like,507.0,2.028,-919.8288597825953,-16.696755730391864,0.33247269459881035,0.6689186458830234,,,
Still image,still_image,3,OpenBCI-RAW-2026-06-05_16-29-59.txt,blink-like,767.0,3.068,318.35285837468757,5.060314049715414,0.30957072948050707,0.7084463593303408,,,
Still image,still_image,3,OpenBCI-RAW-2026-06-05_16-29-59.txt,blink-like,928.0,3.712,-395.2966506386639,-7.479785629070541,1.8345960786030293,0.12309963074371945,,,
Still image,still_image,3,OpenBCI-RAW-2026-06-05_16-29-59.txt,blink-like,1362.0,5.448,-347.39513228990734,-6.638070182941981,5.064014103647486,0.09580767623531938,,,
Still image,still_image,3,OpenBCI-RAW-2026-06-05_16-29-59.txt,blink-like,1783.0,7.132,-493.9690801223283,-9.213636890292358,7.422464098207982,0.11343341836682794,,,
Still image,still_image,3,OpenBCI-RAW-2026-06-05_16-29-59.txt,blink-like,2033.0,8.132,-280.860919293623,-5.468944929599485,2.6854324767424895,0.08381826663126321,,,
Still image,still_image,3,OpenBCI-RAW-2026-06-05_16-29-59.txt,blink-like,2136.0,8.544,-364.27428191421234,-6.934667064336272,8.866930540893986,0.08981209536963797,,,
Still image,still_image,3,OpenBCI-RAW-2026-06-05_16-29-59.txt,blink-like,2825.0,11.3,-391.96564359625535,-7.421253871092747,10.53286210973183,0.09234760491893758,,,
Still image,still_image,3,OpenBCI-RAW-2026-06-05_16-29-59.txt,blink-like,3101.0,12.404,-272.289678601163,-5.318332883634631,6.716509426923284,0.10195140412227374,,,
Still image,still_image,3,OpenBCI-RAW-2026-06-05_16-29-59.txt,blink-like,3410.0,13.64,-290.23695085354797,-5.633698592101763,1.8154993202142,0.0934738672181902,,,
Still image,still_image,3,OpenBCI-RAW-2026-06-05_16-29-59.txt,blink-like,3624.0,14.496,-305.8835166216908,-5.908636768174298,5.043586654427398,0.08436272517613906,,,
Still image,still_image,3,OpenBCI-RAW-2026-06-05_16-29-59.txt,blink-like,4066.0,16.264,-431.289504290211,-8.112244513738409,17.397262491027742,0.09751190095467609,,,
Still image,still_image,3,OpenBCI-RAW-2026-06-05_16-29-59.txt,blink-like,4555.0,18.22,-374.75377378749164,-7.118810500314578,12.050576224244866,0.08557181537895667,,,
Still image,still_image,3,OpenBCI-RAW-2026-06-05_16-29-59.txt,blink-like,4915.0,19.66,-590.355873638945,-10.907325435090783,8.34401917134969,0.2502160506325854,,,
Still image,still_image,3,OpenBCI-RAW-2026-06-05_16-29-59.txt,blink-like,5302.0,21.208,-579.9352351465268,-10.724216158392503,9.511619429893843,0.1464747841736753,,,
Still image,still_image,3,OpenBCI-RAW-2026-06-05_16-29-59.txt,blink-like,5896.0,23.584,-258.7414074213208,-5.0802655005219695,6.2358490242355735,0.09425102458582478,,,
Still image,still_image,3,OpenBCI-RAW-2026-06-05_16-29-59.txt,blink-like,6453.0,25.812,-277.45591367930353,-5.409112884217117,4.562827150708047,0.0923345215419431,,,
Still image,still_image,3,OpenBCI-RAW-2026-06-05_16-29-59.txt,blink-like,6572.0,26.288,-345.5159451943743,-6.605049500946904,6.829107211074969,0.0873891378890803,,,
Still image,still_image,3,OpenBCI-RAW-2026-06-05_16-29-59.txt,blink-like,6834.0,27.336,-399.929013132148,-7.5611845324298,13.089327244281023,0.146271324114663,,,
Still image,still_image,3,OpenBCI-RAW-2026-06-05_16-29-59.txt,blink-like,7528.0,30.112,-364.7827154668867,-6.943601152218418,13.779213947311012,0.08719098132747968,,,
Still image,still_image,3,OpenBCI-RAW-2026-06-05_16-29-59.txt,blink-like,7723.0,30.892,-370.0681624220477,-7.0364759189316874,12.416447541489253,0.10109556535598313,,,
Still image,still_image,3,OpenBCI-RAW-2026-06-05_16-29-59.txt,blink-like,7820.0,31.28,-380.24212695936063,-7.21525069256353,37.162686321694935,0.09248525277243606,,,
Still image,still_image,3,OpenBCI-RAW-2026-06-05_16-29-59.txt,blink-like,8179.0,32.716,-527.2054128092769,-9.797658765999739,16.72273639611723,0.17426876536156852,,,
Still image,still_image,3,OpenBCI-RAW-2026-06-05_16-29-59.txt,blink-like,8704.0,34.816,-567.942186161225,-10.51347681389807,9.041413268433944,0.19491099017467786,,,
Still image,still_image,3,OpenBCI-RAW-2026-06-05_16-29-59.txt,blink-like,9152.0,36.608,-279.90068964706103,-5.452071975396714,10.558956409549676,0.22876012119885128,,,
Still image,still_image,3,OpenBCI-RAW-2026-06-05_16-29-59.txt,blink-like,9557.0,38.228,-538.0364392729666,-9.987979294162109,6.728905844940087,0.13257809639300103,,,
Still image,still_image,3,OpenBCI-RAW-2026-06-05_16-29-59.txt,blink-like,9816.0,39.264,-349.2074155461543,-6.669915244687979,5.766976377309645,0.09091039507290406,,,
Still image,still_image,3,OpenBCI-RAW-2026-06-05_16-29-59.txt,blink-like,9909.0,39.636,-377.81354274055786,-7.172576119404757,15.10020643318136,0.0889223661517608,,,
Still image,still_image,3,OpenBCI-RAW-2026-06-05_16-29-59.txt,blink-like,10066.0,40.264,-372.8127889997573,-7.084703922217373,14.769662163265275,0.09584885865893011,,,
Still image,still_image,3,OpenBCI-RAW-2026-06-05_16-29-59.txt,blink-like,10387.0,41.548,-424.1400979798959,-7.986616643694131,13.73270998406749,0.09860012393647775,,,
Still image,still_image,3,OpenBCI-RAW-2026-06-05_16-29-59.txt,blink-like,10709.0,42.836,-502.7700630508303,-9.368285918703087,6.1634169626739155,0.3059374786951448,,,
Still image,still_image,3,OpenBCI-RAW-2026-06-05_16-29-59.txt,blink-like,11001.0,44.004,-410.36535646793436,-7.744569771345933,8.277723333643639,0.1022814673471512,,,
Still image,still_image,3,OpenBCI-RAW-2026-06-05_16-29-59.txt,blink-like,11342.0,45.368,-347.0077159688635,-6.631262584503645,9.415407821447289,0.08861134628389118,,,
Still image,still_image,3,OpenBCI-RAW-2026-06-05_16-29-59.txt,blink-like,11592.0,46.368,-394.55023624848315,-7.466669791763391,8.057784053748644,0.09041747803174076,,,
Still image,still_image,3,OpenBCI-RAW-2026-06-05_16-29-59.txt,blink-like,12013.0,48.052,-277.0189861958326,-5.401435286004093,6.069511164760239,0.08676845387594222,,,
Still image,still_image,3,OpenBCI-RAW-2026-06-05_16-29-59.txt,blink-like,12160.0,48.64,-334.0784913728046,-6.4040729582848215,6.547788753356971,0.09209264464973967,,,
Still image,still_image,3,OpenBCI-RAW-2026-06-05_16-29-59.txt,blink-like,12514.0,50.056,-381.5588537130788,-7.2383879392550865,25.82295247121336,0.09422885369655705,,,
Still image,still_image,3,OpenBCI-RAW-2026-06-05_16-29-59.txt,blink-like,12921.0,51.684,-371.50843278810436,-7.061784048099635,22.13425703238911,0.10636851691090124,,,
Still image,still_image,3,OpenBCI-RAW-2026-06-05_16-29-59.txt,blink-like,13266.0,53.064,-457.41692156431003,-8.571350016969836,11.825032114754137,0.10257884301593004,,,
Still image,still_image,3,OpenBCI-RAW-2026-06-05_16-29-59.txt,blink-like,13459.0,53.836,-301.5624292386445,-5.832707525850485,8.434765782385293,0.09027059574611485,,,
Still image,still_image,3,OpenBCI-RAW-2026-06-05_16-29-59.txt,blink-like,13666.0,54.664,-391.9959377349333,-7.421786193351652,6.4528697595391025,0.0936748360255442,,,
Still image,still_image,3,OpenBCI-RAW-2026-06-05_16-29-59.txt,blink-like,13872.0,55.488,-348.7056950087647,-6.6610991165041895,4.252290672892064,0.09949061024796538,,,
Still image,still_image,3,OpenBCI-RAW-2026-06-05_16-29-59.txt,blink-like,14224.0,56.896,-440.48685234177043,-8.273858387061884,5.2517755519213605,0.09646773905359442,,,
Still image,still_image,3,OpenBCI-RAW-2026-06-05_16-29-59.txt,blink-like,14619.0,58.476,-350.2872871364338,-6.688890522063446,6.629925225483898,0.0834342951386352,,,
Still image,still_image,3,OpenBCI-RAW-2026-06-05_16-29-59.txt,blink-like,14746.0,58.984,-283.3897291553316,-5.513380646760372,6.530006250711382,0.08169140871278069,,,
Still image,still_image,3,OpenBCI-RAW-2026-06-05_16-29-59.txt,blink-like,15227.0,60.908,-319.04641709581716,-6.139932497972658,1.183363992756959,0.07740165271244041,,,
Still image,still_image,3,OpenBCI-RAW-2026-06-05_16-29-59.txt,blink-like,15757.0,63.028,-496.4835844116065,-9.257821232931194,1.3433554203437312,0.10485092075595458,,,
Still image,still_image,3,OpenBCI-RAW-2026-06-05_16-29-59.txt,horizontal-saccade-like,1498.0,5.992,,,,,17.501384535132033,356.55282202399576,positive
Still image,still_image,3,OpenBCI-RAW-2026-06-05_16-29-59.txt,horizontal-saccade-like,1649.0,6.596,,,,,15.993100961867757,360.14363802155276,positive
Still image,still_image,3,OpenBCI-RAW-2026-06-05_16-29-59.txt,horizontal-saccade-like,3247.0,12.988,,,,,-29.742349628185632,-527.730945968623,negative
Still image,still_image,3,OpenBCI-RAW-2026-06-05_16-29-59.txt,horizontal-saccade-like,9393.0,37.572,,,,,-8.997869319091953,-130.41179891531357,negative
Still image,still_image,3,OpenBCI-RAW-2026-06-05_16-29-59.txt,horizontal-saccade-like,10607.0,42.428,,,,,6.579156868679184,94.32516243376482,positive
Still image,still_image,3,OpenBCI-RAW-2026-06-05_16-29-59.txt,horizontal-saccade-like,13996.0,55.984,,,,,-28.85391813088056,-477.47467777955177,negative
Still image,still_image,3,OpenBCI-RAW-2026-06-05_16-29-59.txt,horizontal-saccade-like,14115.0,56.46,,,,,26.717571908619796,464.3061161801985,positive
Still image,still_image,3,OpenBCI-RAW-2026-06-05_16-29-59.txt,horizontal-saccade-like,14986.0,59.944,,,,,-21.358183406230136,-352.82478334473717,negative
Still image,still_image,3,OpenBCI-RAW-2026-06-05_16-29-59.txt,horizontal-saccade-like,15432.0,61.728,,,,,-25.72243837709216,-413.87330285579424,negative
Still image,still_image,3,OpenBCI-RAW-2026-06-05_16-29-59.txt,horizontal-saccade-like,15495.0,61.98,,,,,30.304753695783383,513.2947156971163,positive
Still image,still_image,3,OpenBCI-RAW-2026-06-05_16-29-59.txt,vertical-saccade-like,653.0,2.612,,,,,15.533955388879539,495.2402019620131,positive
Still image,still_image,3,OpenBCI-RAW-2026-06-05_16-29-59.txt,vertical-saccade-like,1669.0,6.676,,,,,-7.420496333488398,-186.39096674985194,negative
Still image,still_image,3,OpenBCI-RAW-2026-06-05_16-29-59.txt,vertical-saccade-like,3245.0,12.98,,,,,8.557352929567358,217.37259037104718,positive
Still image,still_image,3,OpenBCI-RAW-2026-06-05_16-29-59.txt,vertical-saccade-like,13994.0,55.976,,,,,7.837305219249406,183.22513450816987,positive
Still image,still_image,3,OpenBCI-RAW-2026-06-05_16-29-59.txt,vertical-saccade-like,14113.0,56.452,,,,,-11.021300760150902,-250.67726098736577,negative
Still image,still_image,3,OpenBCI-RAW-2026-06-05_16-29-59.txt,vertical-saccade-like,14983.0,59.932,,,,,-11.064692945761575,-228.67899235235197,negative
Still image,still_image,3,OpenBCI-RAW-2026-06-05_16-29-59.txt,vertical-saccade-like,15617.0,62.468,,,,,13.511173029238176,305.10819364239484,positive
Sturm Hall,sturm_hall,1,OpenBCI-RAW-2026-06-05_16-14-56.txt,blink-like,553.0,2.212,-883.6000043413474,-15.88662349449832,0.3113789065469704,0.5362254015540495,,,
Sturm Hall,sturm_hall,1,OpenBCI-RAW-2026-06-05_16-14-56.txt,blink-like,1152.0,4.608,-481.4281826833443,-8.787999846692681,0.5297266840152307,0.09610366186349438,,,
Sturm Hall,sturm_hall,1,OpenBCI-RAW-2026-06-05_16-14-56.txt,blink-like,1326.0,5.304,-447.6643415509006,-8.192043620531882,0.6097024925103486,0.09224130982770566,,,
Sturm Hall,sturm_hall,1,OpenBCI-RAW-2026-06-05_16-14-56.txt,blink-like,1418.0,5.672,-403.8209265027308,-7.418175621579544,1.133050761334296,0.07774180281596636,,,
Sturm Hall,sturm_hall,1,OpenBCI-RAW-2026-06-05_16-14-56.txt,blink-like,1615.0,6.46,-437.25759895882993,-8.008357083876614,4.184143930043203,0.082447844697831,,,
Sturm Hall,sturm_hall,1,OpenBCI-RAW-2026-06-05_16-14-56.txt,blink-like,1814.0,7.256,-434.96559069164846,-7.967901479554797,9.135596599027563,0.08989907922083602,,,
Sturm Hall,sturm_hall,1,OpenBCI-RAW-2026-06-05_16-14-56.txt,blink-like,2054.0,8.216,-432.9380410692565,-7.932113761665277,6.5039227213682445,0.08717457636179643,,,
Sturm Hall,sturm_hall,1,OpenBCI-RAW-2026-06-05_16-14-56.txt,blink-like,2561.0,10.244,-367.2237980095207,-6.7722098234471195,9.526339336113137,0.08675896497245958,,,
Sturm Hall,sturm_hall,1,OpenBCI-RAW-2026-06-05_16-14-56.txt,blink-like,2831.0,11.324,-405.0279024696401,-7.4394796207153195,20.246897887544563,0.09214845766036887,,,
Sturm Hall,sturm_hall,1,OpenBCI-RAW-2026-06-05_16-14-56.txt,blink-like,3196.0,12.784,-274.5812040403413,-5.1370010073930965,6.440332881640544,0.09139959736771197,,,
Sturm Hall,sturm_hall,1,OpenBCI-RAW-2026-06-05_16-14-56.txt,blink-like,3300.0,13.2,-370.1610034383066,-6.824053624510271,6.299725338752618,0.08290249930177743,,,
Sturm Hall,sturm_hall,1,OpenBCI-RAW-2026-06-05_16-14-56.txt,blink-like,3614.0,14.456,-364.9433181339065,-6.731957703577951,0.8210643709094717,0.09621749422427274,,,
Sturm Hall,sturm_hall,1,OpenBCI-RAW-2026-06-05_16-14-56.txt,blink-like,3921.0,15.684,-493.35731030147025,-8.99855758059511,1.4907456079958301,0.08657467997126332,,,
Sturm Hall,sturm_hall,1,OpenBCI-RAW-2026-06-05_16-14-56.txt,blink-like,4313.0,17.252,-440.52138803672136,-8.065965322649424,2.88034046079138,0.08897931383615651,,,
Sturm Hall,sturm_hall,1,OpenBCI-RAW-2026-06-05_16-14-56.txt,blink-like,4807.0,19.228,-389.1301508791531,-7.158872802162185,6.817541169417039,0.08846100513736746,,,
Sturm Hall,sturm_hall,1,OpenBCI-RAW-2026-06-05_16-14-56.txt,blink-like,5387.0,21.548,-295.66192781269666,-5.50909103514883,11.059725495772529,0.10323060599468227,,,
Sturm Hall,sturm_hall,1,OpenBCI-RAW-2026-06-05_16-14-56.txt,blink-like,5635.0,22.54,-499.72154701730966,-9.110890963538353,19.55005687006803,0.09097104283974113,,,
Sturm Hall,sturm_hall,1,OpenBCI-RAW-2026-06-05_16-14-56.txt,blink-like,6975.0,27.9,-370.95039749700715,-6.837987000820495,4.332345905842345,0.08276806225278778,,,
Sturm Hall,sturm_hall,1,OpenBCI-RAW-2026-06-05_16-14-56.txt,blink-like,7145.0,28.58,-490.6891525948009,-8.95146266649955,4.996829857102552,0.08476675181131942,,,
Sturm Hall,sturm_hall,1,OpenBCI-RAW-2026-06-05_16-14-56.txt,blink-like,7939.0,31.756,-505.689557930694,-9.216230674375026,13.14868818528902,0.08828862599529384,,,
Sturm Hall,sturm_hall,1,OpenBCI-RAW-2026-06-05_16-14-56.txt,blink-like,8759.0,35.036,-392.57128631812236,-7.219611332528794,23.46744346690272,0.09640312271195581,,,
Sturm Hall,sturm_hall,1,OpenBCI-RAW-2026-06-05_16-14-56.txt,blink-like,9072.0,36.288,-422.00011663274404,-7.739051481113545,3.2474165146470577,0.08991095595875231,,,
Sturm Hall,sturm_hall,1,OpenBCI-RAW-2026-06-05_16-14-56.txt,blink-like,10394.0,41.576,-473.91327137043316,-8.65535622452873,7.4818369597836325,0.08827863987161981,,,
Sturm Hall,sturm_hall,1,OpenBCI-RAW-2026-06-05_16-14-56.txt,blink-like,11153.0,44.612,-327.7593980995443,-6.075634610165161,3.843012388784146,0.08071404018963949,,,
Sturm Hall,sturm_hall,1,OpenBCI-RAW-2026-06-05_16-14-56.txt,blink-like,11423.0,45.692,-494.11059955763386,-9.011853681016555,8.003051563539236,0.1282323091221624,,,
Sturm Hall,sturm_hall,1,OpenBCI-RAW-2026-06-05_16-14-56.txt,blink-like,11545.0,46.18,607.6046311550188,10.43421729840422,14.552427484531876,0.3024521472628985,,,
Sturm Hall,sturm_hall,1,OpenBCI-RAW-2026-06-05_16-14-56.txt,blink-like,11639.0,46.556,-361.5853559612836,-6.672687241543224,2.1907414665261493,0.47054688645445275,,,
Sturm Hall,sturm_hall,1,OpenBCI-RAW-2026-06-05_16-14-56.txt,blink-like,11867.0,47.468,345.907202349348,5.81506832612838,27.060365894379686,0.32662439506232477,,,
Sturm Hall,sturm_hall,1,OpenBCI-RAW-2026-06-05_16-14-56.txt,blink-like,12111.0,48.444,-521.1841886399916,-9.489722117692923,4.443930262236841,0.10270824856320541,,,
Sturm Hall,sturm_hall,1,OpenBCI-RAW-2026-06-05_16-14-56.txt,blink-like,12469.0,49.876,-497.81406032883086,-9.077222443305166,2.2851226820710893,0.0940623945979969,,,
Sturm Hall,sturm_hall,1,OpenBCI-RAW-2026-06-05_16-14-56.txt,blink-like,12757.0,51.028,-559.9439276642016,-10.173859556476502,4.775584510026273,0.10657601323096605,,,
Sturm Hall,sturm_hall,1,OpenBCI-RAW-2026-06-05_16-14-56.txt,blink-like,12952.0,51.808,-418.0219003255661,-7.668833084812688,1.5949753117580148,0.08200004641725536,,,
Sturm Hall,sturm_hall,1,OpenBCI-RAW-2026-06-05_16-14-56.txt,blink-like,13135.0,52.54,409.83016515586905,6.943354871778118,1.1854180235256901,0.4552792035681341,,,
Sturm Hall,sturm_hall,1,OpenBCI-RAW-2026-06-05_16-14-56.txt,blink-like,13244.0,52.976,-753.8762005289129,-13.59690449422156,5.00136375907283,0.3366123005702102,,,
Sturm Hall,sturm_hall,1,OpenBCI-RAW-2026-06-05_16-14-56.txt,blink-like,13599.0,54.396,-498.4545144873005,-9.088526922609324,2.0817967224942393,0.08419012602106522,,,
Sturm Hall,sturm_hall,1,OpenBCI-RAW-2026-06-05_16-14-56.txt,blink-like,13747.0,54.988,-506.9200290567317,-9.237949380069582,3.278534153495878,0.08223819305306825,,,
Sturm Hall,sturm_hall,1,OpenBCI-RAW-2026-06-05_16-14-56.txt,blink-like,14180.0,56.72,-514.541832948056,-9.372479733585747,3.2690700860031523,0.10150881824542012,,,
Sturm Hall,sturm_hall,1,OpenBCI-RAW-2026-06-05_16-14-56.txt,blink-like,14472.0,57.888,-462.8639937300374,-8.460328479357704,6.352456514640858,0.09268646714094939,,,
Sturm Hall,sturm_hall,1,OpenBCI-RAW-2026-06-05_16-14-56.txt,blink-like,15143.0,60.572,-592.409692426113,-10.746903795460948,2.126213712340934,0.11070926296789549,,,
Sturm Hall,sturm_hall,1,OpenBCI-RAW-2026-06-05_16-14-56.txt,blink-like,15365.0,61.46,-370.8284897185573,-6.835835240323233,0.65161084185715,0.08571151335960167,,,
Sturm Hall,sturm_hall,1,OpenBCI-RAW-2026-06-05_16-14-56.txt,blink-like,15681.0,62.724,-712.8294771726692,-12.872400127206642,7.595085045908449,0.1659150373200682,,,
Sturm Hall,sturm_hall,1,OpenBCI-RAW-2026-06-05_16-14-56.txt,blink-like,15852.0,63.408,-355.20456189663923,-6.560061609413333,6.915942450370185,0.07508913598340587,,,
Sturm Hall,sturm_hall,1,OpenBCI-RAW-2026-06-05_16-14-56.txt,blink-like,16002.0,64.008,-481.46336475717726,-8.788620835752184,2.0379972537094564,0.08938255665828183,,,
Sturm Hall,sturm_hall,1,OpenBCI-RAW-2026-06-05_16-14-56.txt,blink-like,16323.0,65.292,-354.38024222268774,-6.545511770723144,1.7145946231754559,0.08724265446988283,,,
Sturm Hall,sturm_hall,1,OpenBCI-RAW-2026-06-05_16-14-56.txt,blink-like,16928.0,67.712,-367.53804044587196,-6.777756429822054,7.4550239967401595,0.08576041909429477,,,
Sturm Hall,sturm_hall,1,OpenBCI-RAW-2026-06-05_16-14-56.txt,blink-like,17064.0,68.256,-330.45325323059626,-6.123183102394708,0.8771692781302904,0.09118187514143938,,,
Sturm Hall,sturm_hall,1,OpenBCI-RAW-2026-06-05_16-14-56.txt,horizontal-saccade-like,717.0,2.868,,,,,-38.395946397331265,-1336.8290564399867,negative
Sturm Hall,sturm_hall,1,OpenBCI-RAW-2026-06-05_16-14-56.txt,horizontal-saccade-like,988.0,3.952,,,,,-20.005298153979055,-644.4389140978055,negative
Sturm Hall,sturm_hall,1,OpenBCI-RAW-2026-06-05_16-14-56.txt,horizontal-saccade-like,3485.0,13.94,,,,,-6.0381318009165605,-158.08628083739563,negative
Sturm Hall,sturm_hall,1,OpenBCI-RAW-2026-06-05_16-14-56.txt,horizontal-saccade-like,4180.0,16.72,,,,,-14.398593589222942,-318.55107615406513,negative
Sturm Hall,sturm_hall,1,OpenBCI-RAW-2026-06-05_16-14-56.txt,horizontal-saccade-like,5047.0,20.188,,,,,11.434105479242776,263.12768425415896,positive
Sturm Hall,sturm_hall,1,OpenBCI-RAW-2026-06-05_16-14-56.txt,horizontal-saccade-like,6056.0,24.224,,,,,-14.04652457009481,-319.8832152170794,negative
Sturm Hall,sturm_hall,1,OpenBCI-RAW-2026-06-05_16-14-56.txt,horizontal-saccade-like,6198.0,24.792,,,,,-14.944307192811205,-344.4532821164701,negative
Sturm Hall,sturm_hall,1,OpenBCI-RAW-2026-06-05_16-14-56.txt,horizontal-saccade-like,6449.0,25.796,,,,,11.086255442217645,264.8103788463692,positive
Sturm Hall,sturm_hall,1,OpenBCI-RAW-2026-06-05_16-14-56.txt,horizontal-saccade-like,6503.0,26.012,,,,,20.079006579547524,482.19087812908487,positive
Sturm Hall,sturm_hall,1,OpenBCI-RAW-2026-06-05_16-14-56.txt,horizontal-saccade-like,6749.0,26.996,,,,,15.779764309751679,371.165588061119,positive
Sturm Hall,sturm_hall,1,OpenBCI-RAW-2026-06-05_16-14-56.txt,horizontal-saccade-like,6836.0,27.344,,,,,-21.726961371575516,-592.8612756214338,negative
Sturm Hall,sturm_hall,1,OpenBCI-RAW-2026-06-05_16-14-56.txt,horizontal-saccade-like,7831.0,31.324,,,,,9.824773944481697,222.78205248369707,positive
Sturm Hall,sturm_hall,1,OpenBCI-RAW-2026-06-05_16-14-56.txt,horizontal-saccade-like,8909.0,35.636,,,,,6.748208799252338,143.89570700811962,positive
Sturm Hall,sturm_hall,1,OpenBCI-RAW-2026-06-05_16-14-56.txt,horizontal-saccade-like,10598.0,42.392,,,,,7.9417246699867645,186.0390098729621,positive
Sturm Hall,sturm_hall,1,OpenBCI-RAW-2026-06-05_16-14-56.txt,horizontal-saccade-like,10781.0,43.124,,,,,-6.84507853390696,-160.1535956178934,negative
Sturm Hall,sturm_hall,1,OpenBCI-RAW-2026-06-05_16-14-56.txt,horizontal-saccade-like,10897.0,43.588,,,,,-12.636704489532613,-293.87805328304034,negative
Sturm Hall,sturm_hall,1,OpenBCI-RAW-2026-06-05_16-14-56.txt,horizontal-saccade-like,12243.0,48.972,,,,,22.950076760116445,611.1653802038655,positive
Sturm Hall,sturm_hall,1,OpenBCI-RAW-2026-06-05_16-14-56.txt,horizontal-saccade-like,12635.0,50.54,,,,,9.357220919423941,210.6415767392152,positive
Sturm Hall,sturm_hall,1,OpenBCI-RAW-2026-06-05_16-14-56.txt,horizontal-saccade-like,13350.0,53.4,,,,,6.310274038403415,134.24718200769462,positive
Sturm Hall,sturm_hall,1,OpenBCI-RAW-2026-06-05_16-14-56.txt,horizontal-saccade-like,13877.0,55.508,,,,,7.181527961412989,164.5769354521704,positive
Sturm Hall,sturm_hall,1,OpenBCI-RAW-2026-06-05_16-14-56.txt,horizontal-saccade-like,13941.0,55.764,,,,,-26.585363562071013,-695.3922715471092,negative
Sturm Hall,sturm_hall,1,OpenBCI-RAW-2026-06-05_16-14-56.txt,horizontal-saccade-like,14345.0,57.38,,,,,6.0110372220276895,135.27477304125495,positive
Sturm Hall,sturm_hall,1,OpenBCI-RAW-2026-06-05_16-14-56.txt,horizontal-saccade-like,14633.0,58.532,,,,,-10.0497208409285,-221.314079269402,negative
Sturm Hall,sturm_hall,1,OpenBCI-RAW-2026-06-05_16-14-56.txt,horizontal-saccade-like,14898.0,59.592,,,,,-17.191640078118574,-406.7346032990763,negative
Sturm Hall,sturm_hall,1,OpenBCI-RAW-2026-06-05_16-14-56.txt,horizontal-saccade-like,14982.0,59.928,,,,,-12.761435930801209,-290.6879845161895,negative
Sturm Hall,sturm_hall,1,OpenBCI-RAW-2026-06-05_16-14-56.txt,horizontal-saccade-like,16499.0,65.996,,,,,15.26727386184236,354.51588345747575,positive
Sturm Hall,sturm_hall,1,OpenBCI-RAW-2026-06-05_16-14-56.txt,horizontal-saccade-like,16570.0,66.28,,,,,6.404081837725856,142.09153670800194,positive
Sturm Hall,sturm_hall,1,OpenBCI-RAW-2026-06-05_16-14-56.txt,horizontal-saccade-like,16631.0,66.524,,,,,23.50153322696571,640.4004251801141,positive
Sturm Hall,sturm_hall,1,OpenBCI-RAW-2026-06-05_16-14-56.txt,horizontal-saccade-like,16768.0,67.072,,,,,-8.940937879230054,-196.40626167310882,negative
Sturm Hall,sturm_hall,1,OpenBCI-RAW-2026-06-05_16-14-56.txt,horizontal-saccade-like,17173.0,68.692,,,,,-23.21186672585741,-648.5993997604423,negative
Sturm Hall,sturm_hall,1,OpenBCI-RAW-2026-06-05_16-14-56.txt,horizontal-saccade-like,17217.0,68.868,,,,,6.363259331018283,208.77814368485485,positive
Sturm Hall,sturm_hall,1,OpenBCI-RAW-2026-06-05_16-14-56.txt,vertical-saccade-like,6320.0,25.28,,,,,-12.22109922210812,-250.77414415502435,negative
Sturm Hall,sturm_hall,1,OpenBCI-RAW-2026-06-05_16-14-56.txt,vertical-saccade-like,6381.0,25.524,,,,,-7.761560652481579,-154.15719949820556,negative
Sturm Hall,sturm_hall,1,OpenBCI-RAW-2026-06-05_16-14-56.txt,vertical-saccade-like,6849.0,27.396,,,,,6.773531755924241,154.20873628159976,positive
Sturm Hall,sturm_hall,1,OpenBCI-RAW-2026-06-05_16-14-56.txt,vertical-saccade-like,7585.0,30.34,,,,,-6.691903682403932,-129.30147983046353,negative
Sturm Hall,sturm_hall,1,OpenBCI-RAW-2026-06-05_16-14-56.txt,vertical-saccade-like,8456.0,33.824,,,,,-10.034196288915004,-215.52163261252338,negative
Sturm Hall,sturm_hall,2,OpenBCI-RAW-2026-06-05_16-16-52.txt,blink-like,582.0,2.328,-789.8994281270867,-15.984357430765636,0.35410696028858835,0.6663363567940556,,,
Sturm Hall,sturm_hall,2,OpenBCI-RAW-2026-06-05_16-16-52.txt,blink-like,1087.0,4.348,-429.63615845404547,-8.909295756749403,1.7616259550349365,0.09616430110251167,,,
Sturm Hall,sturm_hall,2,OpenBCI-RAW-2026-06-05_16-16-52.txt,blink-like,1473.0,5.892,-382.934116588268,-7.99213363027801,11.867797985012084,0.08651635097906728,,,
Sturm Hall,sturm_hall,2,OpenBCI-RAW-2026-06-05_16-16-52.txt,blink-like,2007.0,8.028,-471.4601010516624,-9.730658904863853,27.486042863988995,0.09266216099434586,,,
Sturm Hall,sturm_hall,2,OpenBCI-RAW-2026-06-05_16-16-52.txt,blink-like,2325.0,9.3,-389.50232921948367,-8.12112404746952,21.482681073171342,0.09163548119584447,,,
Sturm Hall,sturm_hall,2,OpenBCI-RAW-2026-06-05_16-16-52.txt,blink-like,2701.0,10.804,-484.0448399032703,-9.977805397503309,5.80286232403269,0.09164789944514633,,,
Sturm Hall,sturm_hall,2,OpenBCI-RAW-2026-06-05_16-16-52.txt,blink-like,2871.0,11.484,-535.5401869977009,-10.989101267183893,30.73261201776487,0.09001439476422274,,,
Sturm Hall,sturm_hall,2,OpenBCI-RAW-2026-06-05_16-16-52.txt,blink-like,3199.0,12.796,-654.2991435077356,-13.321359402776952,20.889352888285107,0.11393188746095985,,,
Sturm Hall,sturm_hall,2,OpenBCI-RAW-2026-06-05_16-16-52.txt,blink-like,3664.0,14.656,-417.562367550829,-8.6721835600024,12.664256828619381,0.0936103902460727,,,
Sturm Hall,sturm_hall,2,OpenBCI-RAW-2026-06-05_16-16-52.txt,blink-like,4467.0,17.868,-424.07532375626937,-8.800088819052197,18.693202002247713,0.09803805013862803,,,
Sturm Hall,sturm_hall,2,OpenBCI-RAW-2026-06-05_16-16-52.txt,blink-like,4655.0,18.62,-439.6955472435932,-9.106847941721101,9.746872727847403,0.08893413613255689,,,
Sturm Hall,sturm_hall,2,OpenBCI-RAW-2026-06-05_16-16-52.txt,blink-like,4940.0,19.76,-553.0081892089993,-11.332148153642649,6.91545419389676,0.09803596123012903,,,
Sturm Hall,sturm_hall,2,OpenBCI-RAW-2026-06-05_16-16-52.txt,blink-like,5364.0,21.456,-259.2496555659193,-5.5631455443020155,13.127672411969773,0.07149734295852977,,,
Sturm Hall,sturm_hall,2,OpenBCI-RAW-2026-06-05_16-16-52.txt,blink-like,5460.0,21.84,-584.815130411228,-11.956791545326205,4.309845499691,0.19631798368407544,,,
Sturm Hall,sturm_hall,2,OpenBCI-RAW-2026-06-05_16-16-52.txt,blink-like,6546.0,26.184,-652.2517380599684,-13.281151252143623,9.042877082070355,0.11311707766224936,,,
Sturm Hall,sturm_hall,2,OpenBCI-RAW-2026-06-05_16-16-52.txt,blink-like,7678.0,30.712,-310.2140058722893,-6.564013387201955,4.661915437229973,0.08593989785358644,,,
Sturm Hall,sturm_hall,2,OpenBCI-RAW-2026-06-05_16-16-52.txt,blink-like,7846.0,31.384,-300.3331426568593,-6.369967192303622,4.385396232206414,0.07906185727887714,,,
Sturm Hall,sturm_hall,2,OpenBCI-RAW-2026-06-05_16-16-52.txt,blink-like,8268.0,33.072,-305.4769715124941,-6.470984724363522,5.061162880863536,0.09502265502615774,,,
Sturm Hall,sturm_hall,2,OpenBCI-RAW-2026-06-05_16-16-52.txt,blink-like,8636.0,34.544,-370.32195651928447,-7.744448623667133,5.709799164942868,0.08894878365220939,,,
Sturm Hall,sturm_hall,2,OpenBCI-RAW-2026-06-05_16-16-52.txt,blink-like,9045.0,36.18,-257.08903750665223,-5.5207140579137945,1.061183433313321,0.08610909175069537,,,
Sturm Hall,sturm_hall,2,OpenBCI-RAW-2026-06-05_16-16-52.txt,blink-like,9151.0,36.604,-370.4097868375451,-7.746173487040261,3.5493227027336047,0.08348003023861383,,,
Sturm Hall,sturm_hall,2,OpenBCI-RAW-2026-06-05_16-16-52.txt,blink-like,9561.0,38.244,-325.982524943375,-6.873684825639412,2.638645747545962,0.08823642045032466,,,
Sturm Hall,sturm_hall,2,OpenBCI-RAW-2026-06-05_16-16-52.txt,blink-like,10084.0,40.336,-282.50227444627455,-6.019794130238109,1.522565957769891,0.08782898259504873,,,
Sturm Hall,sturm_hall,2,OpenBCI-RAW-2026-06-05_16-16-52.txt,blink-like,10236.0,40.944,-412.5655031638213,-8.574052202490268,3.7078210014262463,0.08487293128458986,,,
Sturm Hall,sturm_hall,2,OpenBCI-RAW-2026-06-05_16-16-52.txt,blink-like,10384.0,41.536,-283.9519391540366,-6.048263497163496,3.3364768705370262,0.07773213947568001,,,
Sturm Hall,sturm_hall,2,OpenBCI-RAW-2026-06-05_16-16-52.txt,blink-like,11060.0,44.24,-381.75016072919027,-7.968882409775042,8.117985108570808,0.08648688759192737,,,
Sturm Hall,sturm_hall,2,OpenBCI-RAW-2026-06-05_16-16-52.txt,blink-like,11406.0,45.624,-364.4200214078895,-7.628542955717532,5.798916513827314,0.09112227703944518,,,
Sturm Hall,sturm_hall,2,OpenBCI-RAW-2026-06-05_16-16-52.txt,blink-like,11981.0,47.924,-551.2474662573068,-11.297570042237103,13.791543351142643,0.14518794217245887,,,
Sturm Hall,sturm_hall,2,OpenBCI-RAW-2026-06-05_16-16-52.txt,blink-like,12636.0,50.544,-438.8783078780927,-9.090798515093189,2.1623045839953563,0.09929811527908897,,,
Sturm Hall,sturm_hall,2,OpenBCI-RAW-2026-06-05_16-16-52.txt,blink-like,12955.0,51.82,-500.258861655004,-10.296225879228984,4.1299849492125285,0.11139656851247855,,,
Sturm Hall,sturm_hall,2,OpenBCI-RAW-2026-06-05_16-16-52.txt,blink-like,13174.0,52.696,-403.7936871967232,-8.401786128802925,2.6809629626706264,0.08882095227699029,,,
Sturm Hall,sturm_hall,2,OpenBCI-RAW-2026-06-05_16-16-52.txt,blink-like,13369.0,53.476,-544.2010866536486,-11.159189101211236,9.006994887906915,0.10288337546739058,,,
Sturm Hall,sturm_hall,2,OpenBCI-RAW-2026-06-05_16-16-52.txt,blink-like,13620.0,54.48,-436.3751358996002,-9.041639753655819,2.0254589752436245,0.11878533582985255,,,
Sturm Hall,sturm_hall,2,OpenBCI-RAW-2026-06-05_16-16-52.txt,blink-like,13708.0,54.832,-408.8757592479241,-8.501590844467314,11.567465824695253,0.08270754295476945,,,
Sturm Hall,sturm_hall,2,OpenBCI-RAW-2026-06-05_16-16-52.txt,blink-like,13940.0,55.76,-444.18929283521845,-9.195098756845669,6.0215258239608955,0.08412283888809907,,,
Sturm Hall,sturm_hall,2,OpenBCI-RAW-2026-06-05_16-16-52.txt,blink-like,14181.0,56.724,-430.41972719392214,-8.924683939856413,7.135431254771277,0.09344285880498501,,,
Sturm Hall,sturm_hall,2,OpenBCI-RAW-2026-06-05_16-16-52.txt,blink-like,14410.0,57.64,-357.553265217018,-7.4936895647655755,8.24698470065893,0.0803838223858911,,,
Sturm Hall,sturm_hall,2,OpenBCI-RAW-2026-06-05_16-16-52.txt,blink-like,14550.0,58.2,-580.4763415249363,-11.871583860987723,6.330090054401712,0.1482984381591232,,,
Sturm Hall,sturm_hall,2,OpenBCI-RAW-2026-06-05_16-16-52.txt,blink-like,14721.0,58.884,-423.87316679006324,-8.79611874182218,2.6848146054189055,0.0872969588041451,,,
Sturm Hall,sturm_hall,2,OpenBCI-RAW-2026-06-05_16-16-52.txt,blink-like,14988.0,59.952,-343.8127810591812,-7.223845867028178,1.629610880791306,0.08425421639016713,,,
Sturm Hall,sturm_hall,2,OpenBCI-RAW-2026-06-05_16-16-52.txt,blink-like,15219.0,60.876,-406.7168692128614,-8.459193294033293,1.0977767667344556,0.09671440451628587,,,
Sturm Hall,sturm_hall,2,OpenBCI-RAW-2026-06-05_16-16-52.txt,blink-like,16245.0,64.98,-270.0610579528078,-5.775466213959132,1.6621192486652134,0.08409310871663184,,,
Sturm Hall,sturm_hall,2,OpenBCI-RAW-2026-06-05_16-16-52.txt,blink-like,16376.0,65.504,-380.97704589605524,-7.953699526628251,2.227392992630866,0.08994155268189934,,,
Sturm Hall,sturm_hall,2,OpenBCI-RAW-2026-06-05_16-16-52.txt,blink-like,16995.0,67.98,-324.2351292709088,-6.839368443170483,3.441903250345141,0.08163999573294131,,,
Sturm Hall,sturm_hall,2,OpenBCI-RAW-2026-06-05_16-16-52.txt,blink-like,17145.0,68.58,-339.2097319374203,-7.133448484984373,6.01414174063384,0.08357320601430547,,,
Sturm Hall,sturm_hall,2,OpenBCI-RAW-2026-06-05_16-16-52.txt,blink-like,17275.0,69.1,-376.3001733272431,-7.861852356374422,2.2825483231588253,0.08644069515801675,,,
Sturm Hall,sturm_hall,2,OpenBCI-RAW-2026-06-05_16-16-52.txt,blink-like,17516.0,70.064,-360.98044753012925,-7.560994583829455,1.6861466065316957,0.0876972611718811,,,
Sturm Hall,sturm_hall,2,OpenBCI-RAW-2026-06-05_16-16-52.txt,blink-like,17685.0,70.74,-348.59070551327835,-7.317677553553443,1.4569004091972046,0.08576522394755738,,,
Sturm Hall,sturm_hall,2,OpenBCI-RAW-2026-06-05_16-16-52.txt,blink-like,17996.0,71.984,-279.61456989485043,-5.963083692295864,1.444620863398884,0.08572005511926545,,,
Sturm Hall,sturm_hall,2,OpenBCI-RAW-2026-06-05_16-16-52.txt,blink-like,18124.0,72.496,-287.21915257221474,-6.112426953118255,1.1438319055234007,0.08077458676825336,,,
Sturm Hall,sturm_hall,2,OpenBCI-RAW-2026-06-05_16-16-52.txt,blink-like,18261.0,73.044,-282.86450760609256,-6.026907877771717,1.9883909321921418,0.08162424546167313,,,
Sturm Hall,sturm_hall,2,OpenBCI-RAW-2026-06-05_16-16-52.txt,blink-like,18397.0,73.588,-366.1999213848995,-7.663497676809011,3.1533640464428663,0.08667949091437913,,,
Sturm Hall,sturm_hall,2,OpenBCI-RAW-2026-06-05_16-16-52.txt,blink-like,18608.0,74.432,-327.2486075929973,-6.898548900288514,5.016528510380467,0.08229234154164441,,,
Sturm Hall,sturm_hall,2,OpenBCI-RAW-2026-06-05_16-16-52.txt,blink-like,18840.0,75.36,-623.6094076122065,-12.718656345045874,5.13281607019827,0.1889919415262848,,,
Sturm Hall,sturm_hall,2,OpenBCI-RAW-2026-06-05_16-16-52.txt,blink-like,19111.0,76.444,-497.9820609429149,-10.25151272967007,5.007174844908227,0.13738999427591625,,,
Sturm Hall,sturm_hall,2,OpenBCI-RAW-2026-06-05_16-16-52.txt,blink-like,19209.0,76.836,-340.62901990675346,-7.161321295680103,6.854820394579803,0.0773274473362544,,,
Sturm Hall,sturm_hall,2,OpenBCI-RAW-2026-06-05_16-16-52.txt,blink-like,19335.0,77.34,-348.73615037883917,-7.320533885243726,1.7934423238509871,0.0790029067122814,,,
Sturm Hall,sturm_hall,2,OpenBCI-RAW-2026-06-05_16-16-52.txt,blink-like,19588.0,78.352,-323.78049991107326,-6.830440164796242,10.503357187287037,0.08729217612525099,,,
Sturm Hall,sturm_hall,2,OpenBCI-RAW-2026-06-05_16-16-52.txt,blink-like,19678.0,78.712,-392.7867679789,-8.185625784792032,12.972182431512481,0.09122427633460028,,,
Sturm Hall,sturm_hall,2,OpenBCI-RAW-2026-06-05_16-16-52.txt,blink-like,19788.0,79.152,-375.19493649786887,-7.840147066408798,4.385052576345352,0.08084915785079648,,,
Sturm Hall,sturm_hall,2,OpenBCI-RAW-2026-06-05_16-16-52.txt,blink-like,19940.0,79.76,-539.0252694103599,-11.05754336240767,14.71255531746354,0.16250693479613984,,,
Sturm Hall,sturm_hall,2,OpenBCI-RAW-2026-06-05_16-16-52.txt,blink-like,20212.0,80.848,-412.1610736551158,-8.56610977827511,18.56485342233747,0.08754288400008227,,,
Sturm Hall,sturm_hall,2,OpenBCI-RAW-2026-06-05_16-16-52.txt,blink-like,20417.0,81.668,-617.3537177632189,-12.595803433797741,5.3225415242863505,0.1710368343229784,,,
Sturm Hall,sturm_hall,2,OpenBCI-RAW-2026-06-05_16-16-52.txt,blink-like,20678.0,82.712,-345.45992668794895,-7.2561934802616745,2.089284282517915,0.08520810769792297,,,
Sturm Hall,sturm_hall,2,OpenBCI-RAW-2026-06-05_16-16-52.txt,blink-like,21188.0,84.752,-358.555020062914,-7.513362614764237,11.458193014576203,0.08817532544766436,,,
Sturm Hall,sturm_hall,2,OpenBCI-RAW-2026-06-05_16-16-52.txt,blink-like,21549.0,86.196,-379.6755323273514,-7.928139638781494,11.428710086998786,0.09790822486947581,,,
Sturm Hall,sturm_hall,2,OpenBCI-RAW-2026-06-05_16-16-52.txt,blink-like,21867.0,87.468,-325.5895109606921,-6.865966586228674,10.004662535338706,0.09051964126633538,,,
Sturm Hall,sturm_hall,2,OpenBCI-RAW-2026-06-05_16-16-52.txt,horizontal-saccade-like,1318.0,5.272,,,,,10.41868643032072,183.53072749054445,positive
Sturm Hall,sturm_hall,2,OpenBCI-RAW-2026-06-05_16-16-52.txt,horizontal-saccade-like,1686.0,6.744,,,,,18.072309595414282,379.71229097171727,positive
Sturm Hall,sturm_hall,2,OpenBCI-RAW-2026-06-05_16-16-52.txt,horizontal-saccade-like,2140.0,8.56,,,,,10.603667254439785,219.1839773323436,positive
Sturm Hall,sturm_hall,2,OpenBCI-RAW-2026-06-05_16-16-52.txt,horizontal-saccade-like,3414.0,13.656,,,,,8.639636654976993,93.46171180956844,positive
Sturm Hall,sturm_hall,2,OpenBCI-RAW-2026-06-05_16-16-52.txt,horizontal-saccade-like,4203.0,16.812,,,,,7.073853731863228,105.01210594076349,positive
Sturm Hall,sturm_hall,2,OpenBCI-RAW-2026-06-05_16-16-52.txt,horizontal-saccade-like,5251.0,21.004,,,,,-12.739046223792087,-174.53998201372718,negative
Sturm Hall,sturm_hall,2,OpenBCI-RAW-2026-06-05_16-16-52.txt,horizontal-saccade-like,5657.0,22.628,,,,,-6.5381163581446415,-92.11620746445512,negative
Sturm Hall,sturm_hall,2,OpenBCI-RAW-2026-06-05_16-16-52.txt,horizontal-saccade-like,5980.0,23.92,,,,,9.701650919979802,131.52498244330948,positive
Sturm Hall,sturm_hall,2,OpenBCI-RAW-2026-06-05_16-16-52.txt,horizontal-saccade-like,6205.0,24.82,,,,,9.205850524017958,126.29915661588183,positive
Sturm Hall,sturm_hall,2,OpenBCI-RAW-2026-06-05_16-16-52.txt,horizontal-saccade-like,7243.0,28.972,,,,,-10.414620543514092,-142.75158493493677,negative
Sturm Hall,sturm_hall,2,OpenBCI-RAW-2026-06-05_16-16-52.txt,horizontal-saccade-like,7370.0,29.48,,,,,38.68480415269525,620.2613310055401,positive
Sturm Hall,sturm_hall,2,OpenBCI-RAW-2026-06-05_16-16-52.txt,horizontal-saccade-like,7526.0,30.104,,,,,-26.68582552152737,-425.7493436173384,negative
Sturm Hall,sturm_hall,2,OpenBCI-RAW-2026-06-05_16-16-52.txt,horizontal-saccade-like,8776.0,35.104,,,,,29.607767551270882,438.71988564560695,positive
Sturm Hall,sturm_hall,2,OpenBCI-RAW-2026-06-05_16-16-52.txt,horizontal-saccade-like,9888.0,39.552,,,,,-11.36803159797686,-156.25067010394628,negative
Sturm Hall,sturm_hall,2,OpenBCI-RAW-2026-06-05_16-16-52.txt,horizontal-saccade-like,10832.0,43.328,,,,,8.047227034334032,116.02002602145812,positive
Sturm Hall,sturm_hall,2,OpenBCI-RAW-2026-06-05_16-16-52.txt,horizontal-saccade-like,12125.0,48.5,,,,,-9.045618602568494,-125.78674925075146,negative
Sturm Hall,sturm_hall,2,OpenBCI-RAW-2026-06-05_16-16-52.txt,horizontal-saccade-like,12218.0,48.872,,,,,27.68740885739937,420.6677259487939,positive
Sturm Hall,sturm_hall,2,OpenBCI-RAW-2026-06-05_16-16-52.txt,horizontal-saccade-like,12779.0,51.116,,,,,28.332551951391093,459.9596532213486,positive
Sturm Hall,sturm_hall,2,OpenBCI-RAW-2026-06-05_16-16-52.txt,horizontal-saccade-like,12844.0,51.376,,,,,10.353913160630587,150.29534286191634,positive
Sturm Hall,sturm_hall,2,OpenBCI-RAW-2026-06-05_16-16-52.txt,horizontal-saccade-like,13066.0,52.264,,,,,-8.888206674924302,-126.48013405467717,negative
Sturm Hall,sturm_hall,2,OpenBCI-RAW-2026-06-05_16-16-52.txt,horizontal-saccade-like,14880.0,59.52,,,,,-7.333246031766192,-106.96413211967808,negative
Sturm Hall,sturm_hall,2,OpenBCI-RAW-2026-06-05_16-16-52.txt,horizontal-saccade-like,16050.0,64.2,,,,,27.050181199112032,450.3734024762807,positive
Sturm Hall,sturm_hall,2,OpenBCI-RAW-2026-06-05_16-16-52.txt,horizontal-saccade-like,16126.0,64.504,,,,,14.357982673561047,191.83431741821119,positive
Sturm Hall,sturm_hall,2,OpenBCI-RAW-2026-06-05_16-16-52.txt,horizontal-saccade-like,16650.0,66.6,,,,,-52.22631591363193,-940.0795726885456,negative
Sturm Hall,sturm_hall,2,OpenBCI-RAW-2026-06-05_16-16-52.txt,horizontal-saccade-like,16755.0,67.02,,,,,22.394587859137538,345.0609541516624,positive
Sturm Hall,sturm_hall,2,OpenBCI-RAW-2026-06-05_16-16-52.txt,horizontal-saccade-like,16886.0,67.544,,,,,10.546675511407129,145.48098314482576,positive
Sturm Hall,sturm_hall,2,OpenBCI-RAW-2026-06-05_16-16-52.txt,horizontal-saccade-like,17819.0,71.276,,,,,6.418383010660335,83.09912401653452,positive
Sturm Hall,sturm_hall,2,OpenBCI-RAW-2026-06-05_16-16-52.txt,horizontal-saccade-like,18943.0,75.772,,,,,9.283787337948851,128.5998141484217,positive
Sturm Hall,sturm_hall,2,OpenBCI-RAW-2026-06-05_16-16-52.txt,horizontal-saccade-like,19464.0,77.856,,,,,-9.216610098168312,-127.55937691188345,negative
Sturm Hall,sturm_hall,2,OpenBCI-RAW-2026-06-05_16-16-52.txt,horizontal-saccade-like,20075.0,80.3,,,,,-10.54890919588236,-143.03376635451164,negative
Sturm Hall,sturm_hall,2,OpenBCI-RAW-2026-06-05_16-16-52.txt,horizontal-saccade-like,21423.0,85.692,,,,,8.896774284648162,116.24167358489707,positive
Sturm Hall,sturm_hall,2,OpenBCI-RAW-2026-06-05_16-16-52.txt,vertical-saccade-like,902.0,3.608,,,,,7.415699235364582,206.1006288712124,positive
Sturm Hall,sturm_hall,2,OpenBCI-RAW-2026-06-05_16-16-52.txt,vertical-saccade-like,1315.0,5.26,,,,,-6.693002553242458,-117.48145092665322,negative
Sturm Hall,sturm_hall,2,OpenBCI-RAW-2026-06-05_16-16-52.txt,vertical-saccade-like,5654.0,22.616,,,,,-8.513849769760986,-142.47823995443053,negative
Sturm Hall,sturm_hall,2,OpenBCI-RAW-2026-06-05_16-16-52.txt,vertical-saccade-like,9794.0,39.176,,,,,-6.1865833964278805,-101.09324300787124,negative
Sturm Hall,sturm_hall,2,OpenBCI-RAW-2026-06-05_16-16-52.txt,vertical-saccade-like,10508.0,42.032,,,,,-8.796024914789431,-147.4964610053981,negative
Sturm Hall,sturm_hall,2,OpenBCI-RAW-2026-06-05_16-16-52.txt,vertical-saccade-like,10663.0,42.652,,,,,-7.69204050025595,-127.16547385183796,negative
Sturm Hall,sturm_hall,2,OpenBCI-RAW-2026-06-05_16-16-52.txt,vertical-saccade-like,10830.0,43.32,,,,,-8.329444651528753,-144.93859166537163,negative
Sturm Hall,sturm_hall,2,OpenBCI-RAW-2026-06-05_16-16-52.txt,vertical-saccade-like,12208.0,48.832,,,,,-8.487175076568642,-145.2294184275711,negative
Sturm Hall,sturm_hall,2,OpenBCI-RAW-2026-06-05_16-16-52.txt,vertical-saccade-like,16044.0,64.176,,,,,-12.154383618166264,-223.51304111526758,negative
Sturm Hall,sturm_hall,2,OpenBCI-RAW-2026-06-05_16-16-52.txt,vertical-saccade-like,16655.0,66.62,,,,,10.35729661438505,232.2394632769747,positive
Sturm Hall,sturm_hall,2,OpenBCI-RAW-2026-06-05_16-16-52.txt,vertical-saccade-like,16752.0,67.008,,,,,-12.830037082266289,-225.24983172725473,negative
Sturm Hall,sturm_hall,3,OpenBCI-RAW-2026-06-05_16-19-10.txt,blink-like,506.0,2.024,-730.4497776691378,-18.927060803596063,0.24380748925706885,0.6653669050423621,,,
Sturm Hall,sturm_hall,3,OpenBCI-RAW-2026-06-05_16-19-10.txt,blink-like,759.0,3.036,299.5508391656768,7.171500870272042,0.2766689400411923,0.29644704808968797,,,
Sturm Hall,sturm_hall,3,OpenBCI-RAW-2026-06-05_16-19-10.txt,blink-like,1448.0,5.792,-299.57927131108335,-8.00949405670169,10.729124817484909,0.08843936092352851,,,
Sturm Hall,sturm_hall,3,OpenBCI-RAW-2026-06-05_16-19-10.txt,blink-like,2153.0,8.612,-320.89684849025105,-8.549647231034378,15.57890925353103,0.09415710548302376,,,
Sturm Hall,sturm_hall,3,OpenBCI-RAW-2026-06-05_16-19-10.txt,blink-like,2826.0,11.304,-297.77539343143656,-7.963786687866552,11.984036320814624,0.09838610825225441,,,
Sturm Hall,sturm_hall,3,OpenBCI-RAW-2026-06-05_16-19-10.txt,blink-like,3276.0,13.104,-330.001106544262,-8.780334510666872,4.977705750726952,0.11460845021626119,,,
Sturm Hall,sturm_hall,3,OpenBCI-RAW-2026-06-05_16-19-10.txt,blink-like,3815.0,15.26,-288.3157186420295,-7.724093718881011,9.46940494845961,0.09028757495518584,,,
Sturm Hall,sturm_hall,3,OpenBCI-RAW-2026-06-05_16-19-10.txt,blink-like,4415.0,17.66,-278.4004387637034,-7.472856448544834,2.842717596765047,0.08538311056749444,,,
Sturm Hall,sturm_hall,3,OpenBCI-RAW-2026-06-05_16-19-10.txt,blink-like,4682.0,18.728,-434.2045636947899,-11.420682786797538,9.198048346084912,0.12320604729827392,,,
Sturm Hall,sturm_hall,3,OpenBCI-RAW-2026-06-05_16-19-10.txt,blink-like,5216.0,20.864,-296.78015881272427,-7.938569040758486,12.383340395229439,0.08688546220921489,,,
Sturm Hall,sturm_hall,3,OpenBCI-RAW-2026-06-05_16-19-10.txt,blink-like,5629.0,22.516,-272.7588391753467,-7.329907374156455,2.1738576544666017,0.08468860245221731,,,
Sturm Hall,sturm_hall,3,OpenBCI-RAW-2026-06-05_16-19-10.txt,blink-like,7021.0,28.084,-195.42228594350195,-5.370323300927324,12.725176500074381,0.09884028332588422,,,
Sturm Hall,sturm_hall,3,OpenBCI-RAW-2026-06-05_16-19-10.txt,blink-like,7276.0,29.104,-297.2616103820689,-7.950768250419286,7.465157541573209,0.09867545243833592,,,
Sturm Hall,sturm_hall,3,OpenBCI-RAW-2026-06-05_16-19-10.txt,blink-like,7526.0,30.104,-318.62092354427307,-8.491978947543217,14.282600482909096,0.09856847514934998,,,
Sturm Hall,sturm_hall,3,OpenBCI-RAW-2026-06-05_16-19-10.txt,blink-like,7725.0,30.9,-325.22788813598135,-8.65938882095052,14.945050226671592,0.09703913193346307,,,
Sturm Hall,sturm_hall,3,OpenBCI-RAW-2026-06-05_16-19-10.txt,blink-like,8134.0,32.536,-265.94141430264864,-7.157164775182258,4.569548375909326,0.07890465989813675,,,
Sturm Hall,sturm_hall,3,OpenBCI-RAW-2026-06-05_16-19-10.txt,blink-like,8276.0,33.104,-320.413998175449,-8.537412579409768,15.678154326537252,0.11798146647361864,,,
Sturm Hall,sturm_hall,3,OpenBCI-RAW-2026-06-05_16-19-10.txt,blink-like,9113.0,36.452,-332.6920975216991,-8.848519900889535,7.334180550106411,0.09999503277020266,,,
Sturm Hall,sturm_hall,3,OpenBCI-RAW-2026-06-05_16-19-10.txt,blink-like,9813.0,39.252,-254.33463788128896,-6.863067698620764,8.730751787737994,0.08588689816422265,,,
Sturm Hall,sturm_hall,3,OpenBCI-RAW-2026-06-05_16-19-10.txt,blink-like,9920.0,39.68,-277.20939754738856,-7.442677376676282,5.783773764569668,0.08914577220817592,,,
Sturm Hall,sturm_hall,3,OpenBCI-RAW-2026-06-05_16-19-10.txt,blink-like,10260.0,41.04,-503.4448074892008,-13.175119379792223,3.9831789155713095,0.16753248342281585,,,
Sturm Hall,sturm_hall,3,OpenBCI-RAW-2026-06-05_16-19-10.txt,blink-like,10931.0,43.724,-305.6389715653244,-8.163037130584945,5.969976111998532,0.09301269354394026,,,
Sturm Hall,sturm_hall,3,OpenBCI-RAW-2026-06-05_16-19-10.txt,blink-like,11347.0,45.388,-269.77698602736905,-7.2543520035936115,5.600373646733563,0.09488928451080574,,,
Sturm Hall,sturm_hall,3,OpenBCI-RAW-2026-06-05_16-19-10.txt,blink-like,12154.0,48.616,-280.49176104978244,-7.5258471970658345,1.3453355683577883,0.0866797161972936,,,
Sturm Hall,sturm_hall,3,OpenBCI-RAW-2026-06-05_16-19-10.txt,blink-like,12335.0,49.34,-396.8997413321453,-10.475438491550369,3.856151315098104,0.0992083749918238,,,
Sturm Hall,sturm_hall,3,OpenBCI-RAW-2026-06-05_16-19-10.txt,blink-like,12634.0,50.536,-261.72790528553094,-7.050401222666559,4.066185020913219,0.08961428012085526,,,
Sturm Hall,sturm_hall,3,OpenBCI-RAW-2026-06-05_16-19-10.txt,blink-like,12762.0,51.048,-372.74816573208625,-9.863476348016706,8.161579684963078,0.10302612791175489,,,
Sturm Hall,sturm_hall,3,OpenBCI-RAW-2026-06-05_16-19-10.txt,blink-like,13049.0,52.196,-482.8458462147363,-12.653174778544038,8.065965187968983,0.11042379107415036,,,
Sturm Hall,sturm_hall,3,OpenBCI-RAW-2026-06-05_16-19-10.txt,blink-like,13328.0,53.312,-309.8152349578354,-8.268856938781472,4.672993091256623,0.08696059548662742,,,
Sturm Hall,sturm_hall,3,OpenBCI-RAW-2026-06-05_16-19-10.txt,blink-like,13498.0,53.992,-433.4149094312134,-11.400674215771323,9.477261051238171,0.11045909276952443,,,
Sturm Hall,sturm_hall,3,OpenBCI-RAW-2026-06-05_16-19-10.txt,blink-like,13820.0,55.28,-350.3348791760729,-9.295559657545436,10.167954865026957,0.12431826465943595,,,
Sturm Hall,sturm_hall,3,OpenBCI-RAW-2026-06-05_16-19-10.txt,blink-like,14307.0,57.228,-279.9078888018577,-7.511052811875125,2.8948131269407638,0.08965171326695417,,,
Sturm Hall,sturm_hall,3,OpenBCI-RAW-2026-06-05_16-19-10.txt,blink-like,14603.0,58.412,-274.0867223223753,-7.36355380081095,4.428581195199086,0.08916176154485583,,,
Sturm Hall,sturm_hall,3,OpenBCI-RAW-2026-06-05_16-19-10.txt,blink-like,14719.0,58.876,-280.21639013518586,-7.518869740275689,4.235456926352847,0.09212815008131292,,,
Sturm Hall,sturm_hall,3,OpenBCI-RAW-2026-06-05_16-19-10.txt,blink-like,14973.0,59.892,-260.35246818881245,-7.015549855288213,3.1473306468065347,0.10268781633069012,,,
Sturm Hall,sturm_hall,3,OpenBCI-RAW-2026-06-05_16-19-10.txt,horizontal-saccade-like,1862.0,7.448,,,,,17.308474390277745,400.1275801855245,positive
Sturm Hall,sturm_hall,3,OpenBCI-RAW-2026-06-05_16-19-10.txt,horizontal-saccade-like,2453.0,9.812,,,,,6.024393789820738,107.90506740194132,positive
Sturm Hall,sturm_hall,3,OpenBCI-RAW-2026-06-05_16-19-10.txt,horizontal-saccade-like,3480.0,13.92,,,,,-15.815904802833677,-300.9897819516218,negative
Sturm Hall,sturm_hall,3,OpenBCI-RAW-2026-06-05_16-19-10.txt,horizontal-saccade-like,3546.0,14.184,,,,,-6.676937150248825,-122.51815973881821,negative
Sturm Hall,sturm_hall,3,OpenBCI-RAW-2026-06-05_16-19-10.txt,horizontal-saccade-like,3658.0,14.632,,,,,-6.156767601509515,-108.40985260222851,negative
Sturm Hall,sturm_hall,3,OpenBCI-RAW-2026-06-05_16-19-10.txt,horizontal-saccade-like,4092.0,16.368,,,,,8.705020098484587,143.6469689273731,positive
Sturm Hall,sturm_hall,3,OpenBCI-RAW-2026-06-05_16-19-10.txt,horizontal-saccade-like,4218.0,16.872,,,,,8.608566569818786,148.20854763528178,positive
Sturm Hall,sturm_hall,3,OpenBCI-RAW-2026-06-05_16-19-10.txt,horizontal-saccade-like,5420.0,21.68,,,,,-24.473432109607604,-486.8999433014431,negative
Sturm Hall,sturm_hall,3,OpenBCI-RAW-2026-06-05_16-19-10.txt,horizontal-saccade-like,5519.0,22.076,,,,,8.365737968430222,126.86277550870636,positive
Sturm Hall,sturm_hall,3,OpenBCI-RAW-2026-06-05_16-19-10.txt,horizontal-saccade-like,5835.0,23.34,,,,,7.2532463383023105,115.05847213421929,positive
Sturm Hall,sturm_hall,3,OpenBCI-RAW-2026-06-05_16-19-10.txt,horizontal-saccade-like,6550.0,26.2,,,,,7.060706947111702,115.99125816238833,positive
Sturm Hall,sturm_hall,3,OpenBCI-RAW-2026-06-05_16-19-10.txt,horizontal-saccade-like,6615.0,26.46,,,,,14.461885493984605,239.23643185006756,positive
Sturm Hall,sturm_hall,3,OpenBCI-RAW-2026-06-05_16-19-10.txt,horizontal-saccade-like,8471.0,33.884,,,,,-10.361538793901834,-159.90586495420337,negative
Sturm Hall,sturm_hall,3,OpenBCI-RAW-2026-06-05_16-19-10.txt,horizontal-saccade-like,8740.0,34.96,,,,,6.433409150597942,92.6611404336351,positive
Sturm Hall,sturm_hall,3,OpenBCI-RAW-2026-06-05_16-19-10.txt,horizontal-saccade-like,8797.0,35.188,,,,,-7.828870900486289,-138.09311238089634,negative
Sturm Hall,sturm_hall,3,OpenBCI-RAW-2026-06-05_16-19-10.txt,horizontal-saccade-like,8956.0,35.824,,,,,-8.923729245006623,-140.80990898808838,negative
Sturm Hall,sturm_hall,3,OpenBCI-RAW-2026-06-05_16-19-10.txt,horizontal-saccade-like,9271.0,37.084,,,,,9.24645047363845,144.5128838678838,positive
Sturm Hall,sturm_hall,3,OpenBCI-RAW-2026-06-05_16-19-10.txt,horizontal-saccade-like,11497.0,45.988,,,,,-17.128057866719555,-302.3466892702314,negative
Sturm Hall,sturm_hall,3,OpenBCI-RAW-2026-06-05_16-19-10.txt,horizontal-saccade-like,11998.0,47.992,,,,,23.502623129847965,527.5969627773309,positive
Sturm Hall,sturm_hall,3,OpenBCI-RAW-2026-06-05_16-19-10.txt,horizontal-saccade-like,12921.0,51.684,,,,,10.15724234965654,160.99051916617077,positive
Sturm Hall,sturm_hall,3,OpenBCI-RAW-2026-06-05_16-19-10.txt,horizontal-saccade-like,13956.0,55.824,,,,,-9.174663027804012,-146.45299556368133,negative
Sturm Hall,sturm_hall,3,OpenBCI-RAW-2026-06-05_16-19-10.txt,horizontal-saccade-like,14035.0,56.14,,,,,-12.226274840376188,-199.64852348775568,negative
Sturm Hall,sturm_hall,3,OpenBCI-RAW-2026-06-05_16-19-10.txt,horizontal-saccade-like,14466.0,57.864,,,,,8.715887103540755,142.93284568636486,positive
Sturm Hall,sturm_hall,3,OpenBCI-RAW-2026-06-05_16-19-10.txt,vertical-saccade-like,6544.0,26.176,,,,,-8.1203953811641,-130.61463209362216,negative
Sturm Hall,sturm_hall,3,OpenBCI-RAW-2026-06-05_16-19-10.txt,vertical-saccade-like,6738.0,26.952,,,,,-10.582076549522267,-173.29371477930786,negative
Sturm Hall,sturm_hall,3,OpenBCI-RAW-2026-06-05_16-19-10.txt,vertical-saccade-like,11986.0,47.944,,,,,-11.373771518305222,-189.88891354158721,negative
Video,video,1,OpenBCI-RAW-2026-06-05_15-20-10.txt,blink-like,1160.0,4.64,-291.0300889459595,-5.537925148006202,7.709777352192985,0.07510755573201823,,,
Video,video,1,OpenBCI-RAW-2026-06-05_15-20-10.txt,blink-like,1269.0,5.076,-443.9393317358657,-8.314804467406809,7.143965340894853,0.08902451431530062,,,
Video,video,1,OpenBCI-RAW-2026-06-05_15-20-10.txt,blink-like,2077.0,8.308,-544.5506730152697,-10.141937659608947,26.616710264027045,0.0798787053745491,,,
Video,video,1,OpenBCI-RAW-2026-06-05_15-20-10.txt,blink-like,3021.0,12.084,-787.64040821763,-14.556522717553944,1.329772471886259,0.17018524513968986,,,
Video,video,1,OpenBCI-RAW-2026-06-05_15-20-10.txt,blink-like,3656.0,14.624,-504.4654524679978,-9.413977610102512,19.858659190288297,0.06932635651401324,,,
Video,video,1,OpenBCI-RAW-2026-06-05_15-20-10.txt,blink-like,3748.0,14.992,-539.1821009515363,-10.044442724270237,26.19544269200151,0.07032054650051396,,,
Video,video,1,OpenBCI-RAW-2026-06-05_15-20-10.txt,blink-like,4197.0,16.788,-575.3421744915511,-10.701120885571683,2.051449913741385,0.38344834356598584,,,
Video,video,1,OpenBCI-RAW-2026-06-05_15-20-10.txt,blink-like,4336.0,17.344,584.8817486167668,10.368905747023758,4.067288238518568,0.4276716903941706,,,
Video,video,1,OpenBCI-RAW-2026-06-05_15-20-10.txt,blink-like,4461.0,17.844,-523.0049540147577,-9.750660713738883,2.3390567353598697,0.5110825451889832,,,
Video,video,1,OpenBCI-RAW-2026-06-05_15-20-10.txt,blink-like,4627.0,18.508,539.7698074785218,9.549658891050973,8.024984605841317,0.5114467741303961,,,
Video,video,1,OpenBCI-RAW-2026-06-05_15-20-10.txt,blink-like,4820.0,19.28,-425.87264706663177,-7.986707865051261,12.195494431277284,0.6039719136123604,,,
Video,video,1,OpenBCI-RAW-2026-06-05_15-20-10.txt,blink-like,4913.0,19.652,317.3326250081585,5.5101306022583145,32.49811822061345,0.4173163460169053,,,
Video,video,1,OpenBCI-RAW-2026-06-05_15-20-10.txt,blink-like,6615.0,26.46,-337.77618266794104,-6.386848722218695,8.07640943935337,0.6227545995000037,,,
Video,video,1,OpenBCI-RAW-2026-06-05_15-20-10.txt,blink-like,7212.0,28.848,-386.47167253900653,-7.2711739356842715,14.23609455438166,0.3285995663014073,,,
Video,video,1,OpenBCI-RAW-2026-06-05_15-20-10.txt,blink-like,7498.0,29.992,-569.3801246568477,-10.592848209668297,12.765329820105134,0.17812780834973455,,,
Video,video,1,OpenBCI-RAW-2026-06-05_15-20-10.txt,blink-like,7892.0,31.568,318.4495270922748,5.530413890845646,8.63875045817685,0.36248383012998603,,,
Video,video,1,OpenBCI-RAW-2026-06-05_15-20-10.txt,blink-like,8493.0,33.972,-338.3547325978995,-6.397355368556286,8.32152631976989,0.08209146389847592,,,
Video,video,1,OpenBCI-RAW-2026-06-05_15-20-10.txt,blink-like,10160.0,40.64,-388.30918218996965,-7.304543681396565,3.314329691951253,0.08386900369625074,,,
Video,video,1,OpenBCI-RAW-2026-06-05_15-20-10.txt,blink-like,10366.0,41.464,-448.3413698463483,-8.394746846096158,12.269797838980129,0.08593387084010465,,,
Video,video,1,OpenBCI-RAW-2026-06-05_15-20-10.txt,blink-like,10639.0,42.556,-764.7950360879652,-14.14164366738403,7.509115116947255,0.0906094482077242,,,
Video,video,1,OpenBCI-RAW-2026-06-05_15-20-10.txt,blink-like,11071.0,44.284,-351.544563749143,-6.636886797016748,6.140169688640091,0.10297034020036518,,,
Video,video,1,OpenBCI-RAW-2026-06-05_15-20-10.txt,blink-like,11778.0,47.112,-354.675494025916,-6.69374546283332,20.720447000333465,0.08168905201310554,,,
Video,video,1,OpenBCI-RAW-2026-06-05_15-20-10.txt,blink-like,13530.0,54.12,-453.5690636831229,-8.489683389097964,1.3869670591225134,0.07335783147857729,,,
Video,video,1,OpenBCI-RAW-2026-06-05_15-20-10.txt,blink-like,13806.0,55.224,-327.2490217137631,-6.195672211157011,4.71741109296423,0.08643689304314467,,,
Video,video,1,OpenBCI-RAW-2026-06-05_15-20-10.txt,blink-like,14115.0,56.46,-388.17594826545405,-7.302124111965185,6.0780580816530785,0.083634243127628,,,
Video,video,1,OpenBCI-RAW-2026-06-05_15-20-10.txt,blink-like,14498.0,57.992,361.4431394025916,6.311191237672761,1.2659380334818684,0.2673136458701629,,,
Video,video,1,OpenBCI-RAW-2026-06-05_15-20-10.txt,blink-like,15839.0,63.356,-530.0279941083445,-9.87820130212567,9.234005923398168,0.0794443968276828,,,
Video,video,1,OpenBCI-RAW-2026-06-05_15-20-10.txt,blink-like,17263.0,69.052,-276.9032001213991,-5.281376461290825,2.9084989213387975,0.09343646276206709,,,
Video,video,1,OpenBCI-RAW-2026-06-05_15-20-10.txt,blink-like,17644.0,70.576,-421.49128883668374,-7.9071410394124415,3.1969239297683467,0.09069865384112927,,,
Video,video,1,OpenBCI-RAW-2026-06-05_15-20-10.txt,blink-like,18042.0,72.168,426.8443755177433,7.498897989192879,1.3441915563384033,0.2915163603723631,,,
Video,video,1,OpenBCI-RAW-2026-06-05_15-20-10.txt,blink-like,20781.0,83.124,-376.6290842788613,-7.092429477270298,1.4137748144253244,0.08165107771324984,,,
Video,video,1,OpenBCI-RAW-2026-06-05_15-20-10.txt,blink-like,20954.0,83.816,-265.79608821359216,-5.079667860866748,0.8869451582553661,0.08848340457992163,,,
Video,video,1,OpenBCI-RAW-2026-06-05_15-20-10.txt,blink-like,21512.0,86.048,-369.581240272679,-6.964438442130459,12.32405375777806,0.13355193362556747,,,
Video,video,1,OpenBCI-RAW-2026-06-05_15-20-10.txt,blink-like,21933.0,87.732,-292.80938406921666,-5.570237699822784,3.7091651820844542,0.1024263313877891,,,
Video,video,1,OpenBCI-RAW-2026-06-05_15-20-10.txt,blink-like,22132.0,88.528,365.4160439368459,6.383340417394235,5.957769689151227,0.30113835061251304,,,
Video,video,1,OpenBCI-RAW-2026-06-05_15-20-10.txt,blink-like,22533.0,90.132,-358.6405378282788,-6.765751889223298,11.283122852975366,0.08622744387718558,,,
Video,video,1,OpenBCI-RAW-2026-06-05_15-20-10.txt,blink-like,22684.0,90.736,-355.26601455504886,-6.704469498968163,7.247049827859294,0.08296557148188004,,,
Video,video,1,OpenBCI-RAW-2026-06-05_15-20-10.txt,blink-like,23139.0,92.556,-319.21500741455947,-6.04977201734152,3.400982281732484,0.0946588125439157,,,
Video,video,1,OpenBCI-RAW-2026-06-05_15-20-10.txt,blink-like,25547.0,102.188,-389.7762501606146,-7.331186091191481,13.781390264463168,0.09319591772851708,,,
Video,video,1,OpenBCI-RAW-2026-06-05_15-20-10.txt,blink-like,25982.0,103.928,-337.4674263689203,-6.38124161197577,4.411087624474703,0.22414251368255644,,,
Video,video,1,OpenBCI-RAW-2026-06-05_15-20-10.txt,blink-like,26241.0,104.964,-535.0130936849362,-9.968732258049702,9.321487259219474,0.1193812818320439,,,
Video,video,1,OpenBCI-RAW-2026-06-05_15-20-10.txt,blink-like,26992.0,107.968,-266.38079302142205,-5.090286281697252,3.6119436614254132,0.08856071370891004,,,
Video,video,1,OpenBCI-RAW-2026-06-05_15-20-10.txt,blink-like,28340.0,113.36,-891.6135097828885,-16.444706520198242,2.9822220063785942,0.10320054399680521,,,
Video,video,1,OpenBCI-RAW-2026-06-05_15-20-10.txt,blink-like,28994.0,115.976,-262.2419278177228,-5.0151232046965335,1.7646098719935024,0.08292399426443445,,,
Video,video,1,OpenBCI-RAW-2026-06-05_15-20-10.txt,blink-like,30513.0,122.052,438.86254786637056,7.71715173005895,1.6814850101395242,0.3941905699002673,,,
Video,video,1,OpenBCI-RAW-2026-06-05_15-20-10.txt,blink-like,30621.0,122.484,-735.4594987787059,-13.608901202695266,3.0112552209571555,0.13065843879585737,,,
Video,video,1,OpenBCI-RAW-2026-06-05_15-20-10.txt,blink-like,32013.0,128.052,-525.2188091258377,-9.790865009842515,3.215134009851229,0.07876914266700624,,,
Video,video,1,OpenBCI-RAW-2026-06-05_15-20-10.txt,blink-like,32503.0,130.012,-458.3972336486923,-8.57736445456738,15.271860306469506,0.09375047662388533,,,
Video,video,1,OpenBCI-RAW-2026-06-05_15-20-10.txt,blink-like,35786.0,143.144,-396.95987896987225,-7.4616430205092605,4.466593833169441,0.08173488803350483,,,
Video,video,1,OpenBCI-RAW-2026-06-05_15-20-10.txt,blink-like,36068.0,144.272,-506.41779752736795,-9.449432802481876,3.1312270661445814,0.09309477036522003,,,
Video,video,1,OpenBCI-RAW-2026-06-05_15-20-10.txt,blink-like,36219.0,144.876,-479.2075932483412,-8.955287045427072,4.776932844036807,0.08627823785057989,,,
Video,video,1,OpenBCI-RAW-2026-06-05_15-20-10.txt,blink-like,36441.0,145.764,-400.51098435104166,-7.526132196664101,2.5996312725391637,0.07527979357616277,,,
Video,video,1,OpenBCI-RAW-2026-06-05_15-20-10.txt,blink-like,36562.0,146.248,-352.37940913937365,-6.65204784847924,0.7557722333332523,0.13150595242713461,,,
Video,video,1,OpenBCI-RAW-2026-06-05_15-20-10.txt,blink-like,36783.0,147.132,410.3336488610229,7.1990580673882985,1.3835999405582713,0.19633536338445265,,,
Video,video,1,OpenBCI-RAW-2026-06-05_15-20-10.txt,blink-like,37148.0,148.592,-261.53495478596585,-5.002284354961615,1.330151103404549,0.08207349573253304,,,
Video,video,1,OpenBCI-RAW-2026-06-05_15-20-10.txt,blink-like,37538.0,150.152,-344.8244967684435,-6.5148482944173285,6.101572437022414,0.07735433451790595,,,
Video,video,1,OpenBCI-RAW-2026-06-05_15-20-10.txt,blink-like,37748.0,150.992,-493.14112476318195,-9.208324303370592,3.3564468628932413,0.10730905452475417,,,
Video,video,1,OpenBCI-RAW-2026-06-05_15-20-10.txt,blink-like,37993.0,151.972,-410.8723630375702,-7.714298050278534,2.436710758477626,0.08992217671935214,,,
Video,video,1,OpenBCI-RAW-2026-06-05_15-20-10.txt,blink-like,38186.0,152.744,-423.82379469384693,-7.949500069899805,2.3365550216788056,0.09648191260179738,,,
Video,video,1,OpenBCI-RAW-2026-06-05_15-20-10.txt,blink-like,38447.0,153.788,-738.3366729130933,-13.66115157818808,2.9752733668099713,0.19276541096990696,,,
Video,video,1,OpenBCI-RAW-2026-06-05_15-20-10.txt,blink-like,38850.0,155.4,-799.8070540505148,-14.777472782987395,1.6898188679880266,0.16317981104401405,,,
Video,video,1,OpenBCI-RAW-2026-06-05_15-20-10.txt,blink-like,39868.0,159.472,-467.27243328033506,-8.738540835164091,4.1546727931734795,0.09797829014903982,,,
Video,video,1,OpenBCI-RAW-2026-06-05_15-20-10.txt,blink-like,40135.0,160.54,-484.72560414174626,-9.055495836305573,1.1033512424394218,0.0798240509457828,,,
Video,video,1,OpenBCI-RAW-2026-06-05_15-20-10.txt,blink-like,40425.0,161.7,-452.64226503901,-8.472852437998286,0.9460048943870382,0.10057152584250434,,,
Video,video,1,OpenBCI-RAW-2026-06-05_15-20-10.txt,blink-like,40725.0,162.9,376.4745490559537,6.584166303445665,0.8301547085309015,0.33623923825685054,,,
Video,video,1,OpenBCI-RAW-2026-06-05_15-20-10.txt,blink-like,41168.0,164.672,-550.858875176976,-10.25649656923293,0.8391494877390937,0.12038267129351152,,,
Video,video,1,OpenBCI-RAW-2026-06-05_15-20-10.txt,blink-like,41741.0,166.964,-480.20393827641965,-8.973380980450084,1.2387745708363558,0.10873158216656884,,,
Video,video,1,OpenBCI-RAW-2026-06-05_15-20-10.txt,blink-like,42020.0,168.08,-271.3663397525322,-5.1808253580861585,1.9768349572567279,0.07635282483429183,,,
Video,video,1,OpenBCI-RAW-2026-06-05_15-20-10.txt,blink-like,42254.0,169.016,-634.4949822492027,-11.775354238308852,1.2807828746768608,0.11130268067980069,,,
Video,video,1,OpenBCI-RAW-2026-06-05_15-20-10.txt,blink-like,42843.0,171.372,-444.0823946649635,-8.317402534612793,0.9694371762560312,0.07667223020797247,,,
Video,video,1,OpenBCI-RAW-2026-06-05_15-20-10.txt,blink-like,43880.0,175.52,-303.78875092261177,-5.769626410400573,0.42496274043806265,0.07982003955240362,,,
Video,video,1,OpenBCI-RAW-2026-06-05_15-20-10.txt,blink-like,43990.0,175.96,-421.4430508197939,-7.906265022050336,0.9138213006087637,0.14287393040346796,,,
Video,video,1,OpenBCI-RAW-2026-06-05_15-20-10.txt,blink-like,44466.0,177.864,-312.1452841258956,-5.92138364763944,3.576838946221789,0.08333356889156858,,,
Video,video,1,OpenBCI-RAW-2026-06-05_15-20-10.txt,blink-like,44780.0,179.12,-277.56376007428395,-5.2933724351045885,0.6408240541978782,0.07988072919182014,,,
Video,video,1,OpenBCI-RAW-2026-06-05_15-20-10.txt,blink-like,45299.0,181.196,-264.11667503771844,-5.0491691962227785,2.7311942282243025,0.10859231881186134,,,
Video,video,1,OpenBCI-RAW-2026-06-05_15-20-10.txt,blink-like,45577.0,182.308,-427.34348412566646,-8.01341872266144,0.7417853097458786,0.10173884454846847,,,
Video,video,1,OpenBCI-RAW-2026-06-05_15-20-10.txt,blink-like,45979.0,183.916,-486.56500059696384,-9.088899846968882,6.33221950761636,0.0863263579804625,,,
Video,video,1,OpenBCI-RAW-2026-06-05_15-20-10.txt,blink-like,46167.0,184.668,-524.5317299621775,-9.77838743892824,2.7946576406017973,0.0849106444926001,,,
Video,video,1,OpenBCI-RAW-2026-06-05_15-20-10.txt,blink-like,46465.0,185.86,-773.5006750262427,-14.299740773149484,2.169406631099389,0.2841840950207552,,,
Video,video,1,OpenBCI-RAW-2026-06-05_15-20-10.txt,blink-like,47671.0,190.684,351.7741720133099,6.135599788173884,2.098384671548602,0.08879611376638058,,,
Video,video,1,OpenBCI-RAW-2026-06-05_15-20-10.txt,blink-like,47863.0,191.452,-567.0328264036531,-10.550220544676737,0.9461042790692828,0.08777770561174839,,,
Video,video,1,OpenBCI-RAW-2026-06-05_15-20-10.txt,blink-like,48229.0,192.916,-367.5218463205606,-6.927039208625695,4.4682255496343535,0.07999572223707219,,,
Video,video,1,OpenBCI-RAW-2026-06-05_15-20-10.txt,blink-like,48805.0,195.22,-455.6678248894974,-8.527797544161494,0.7424545926567319,0.08014755952727864,,,
Video,video,1,OpenBCI-RAW-2026-06-05_15-20-10.txt,blink-like,49466.0,197.864,-491.24253316318703,-9.173845290501125,1.0716319030242518,0.1213488907815772,,,
Video,video,1,OpenBCI-RAW-2026-06-05_15-20-10.txt,blink-like,50513.0,202.052,-375.502090405682,-7.071962918660609,7.289386570351365,0.09478683519468177,,,
Video,video,1,OpenBCI-RAW-2026-06-05_15-20-10.txt,blink-like,50862.0,203.448,-307.32307023946396,-5.8338107464162166,0.6253609807234809,0.07324907124231686,,,
Video,video,1,OpenBCI-RAW-2026-06-05_15-20-10.txt,blink-like,50959.0,203.836,-372.7066557900639,-7.021196958204497,1.5537783340821028,0.09109258113088435,,,
Video,video,1,OpenBCI-RAW-2026-06-05_15-20-10.txt,blink-like,51771.0,207.084,-350.74802972224677,-6.6224214918060875,1.40018676113379,0.08874710689883795,,,
Video,video,1,OpenBCI-RAW-2026-06-05_15-20-10.txt,blink-like,52205.0,208.82,-378.5232926360454,-7.126828889089553,4.605304574697756,0.09243074233669904,,,
Video,video,1,OpenBCI-RAW-2026-06-05_15-20-10.txt,blink-like,52332.0,209.328,-279.9494212903063,-5.3366967834107975,2.118138210319331,0.07246763148394529,,,
Video,video,1,OpenBCI-RAW-2026-06-05_15-20-10.txt,blink-like,52859.0,211.436,-346.145000234397,-6.538829047306422,1.330004616507235,0.08346734083586489,,,
Video,video,1,OpenBCI-RAW-2026-06-05_15-20-10.txt,blink-like,53038.0,212.152,-515.9636027164498,-9.622787588189691,4.851596362242837,0.08354350671824068,,,
Video,video,1,OpenBCI-RAW-2026-06-05_15-20-10.txt,blink-like,53396.0,213.584,-411.12849915767396,-7.718949561736509,9.483582075689649,0.09012188153903117,,,
Video,video,1,OpenBCI-RAW-2026-06-05_15-20-10.txt,blink-like,53885.0,215.54,-427.96557534943156,-8.024716092411857,5.106818165859526,0.09233953038841719,,,
Video,video,1,OpenBCI-RAW-2026-06-05_15-20-10.txt,blink-like,54008.0,216.032,-404.8097832499716,-7.60419971922127,1.5547417976207545,0.07253636399452808,,,
Video,video,1,OpenBCI-RAW-2026-06-05_15-20-10.txt,blink-like,54759.0,219.036,-333.9973353202912,-6.318223681250581,4.148231666652157,0.08784204735732055,,,
Video,video,1,OpenBCI-RAW-2026-06-05_15-20-10.txt,blink-like,55688.0,222.752,-395.92552184072593,-7.442858773930082,5.796303373525748,0.09029369941458572,,,
Video,video,1,OpenBCI-RAW-2026-06-05_15-20-10.txt,blink-like,56080.0,224.32,-363.6617096615425,-6.856937928527047,3.6069807379079597,0.08956795185993542,,,
Video,video,1,OpenBCI-RAW-2026-06-05_15-20-10.txt,blink-like,56375.0,225.5,-310.5532298581736,-5.892471447887886,2.928801055014347,0.15201627399961581,,,
Video,video,1,OpenBCI-RAW-2026-06-05_15-20-10.txt,blink-like,56987.0,227.948,-633.0777717218365,-11.74961725516201,0.964243631781494,0.09058688985262416,,,
Video,video,1,OpenBCI-RAW-2026-06-05_15-20-10.txt,blink-like,57533.0,230.132,-422.243898269249,-7.920808660353758,11.913147253567484,0.09037960977564216,,,
Video,video,1,OpenBCI-RAW-2026-06-05_15-20-10.txt,blink-like,58197.0,232.788,-459.2230295864628,-8.592361165163814,3.9974318883907123,0.09076484885398531,,,
Video,video,1,OpenBCI-RAW-2026-06-05_15-20-10.txt,blink-like,58423.0,233.692,-417.42660460321815,-7.833325111860485,1.3293630438134014,0.08211983005490038,,,
Video,video,1,OpenBCI-RAW-2026-06-05_15-20-10.txt,blink-like,58847.0,235.388,-733.2550482318537,-13.56886769639764,1.6911109234958128,0.17779017958184704,,,
Video,video,1,OpenBCI-RAW-2026-06-05_15-20-10.txt,blink-like,59139.0,236.556,-503.0648411762298,-9.388542074227331,1.0877594984379424,0.09551952582629747,,,
Video,video,1,OpenBCI-RAW-2026-06-05_15-20-10.txt,blink-like,59229.0,236.916,-410.21788159367975,-7.702412464075168,0.7746041913917648,0.08292113394860644,,,
Video,video,1,OpenBCI-RAW-2026-06-05_15-20-10.txt,blink-like,59494.0,237.976,-531.2760325209134,-9.900866067148684,1.3711958432185052,0.12360737104323925,,,
Video,video,1,OpenBCI-RAW-2026-06-05_15-20-10.txt,blink-like,59797.0,239.188,-380.7859503646111,-7.167919455877389,20.882052209725643,0.10086693930038018,,,
Video,video,1,OpenBCI-RAW-2026-06-05_15-20-10.txt,blink-like,60199.0,240.796,-375.4142037675614,-7.070366870028127,0.6292655487111359,0.13885588157756137,,,
Video,video,1,OpenBCI-RAW-2026-06-05_15-20-10.txt,blink-like,60837.0,243.348,-486.3412417236514,-9.08483631636408,0.7389515037229417,0.17709584001111217,,,
Video,video,1,OpenBCI-RAW-2026-06-05_15-20-10.txt,blink-like,61060.0,244.24,-419.0968150174776,-7.863656651496561,4.648454856059738,0.08582093750766945,,,
Video,video,1,OpenBCI-RAW-2026-06-05_15-20-10.txt,blink-like,61184.0,244.736,-428.7913340511417,-8.039712126789874,17.06443284713698,0.08343528969420004,,,
Video,video,1,OpenBCI-RAW-2026-06-05_15-20-10.txt,blink-like,61492.0,245.968,-302.55969733458346,-5.7473064156850135,19.450776725743555,0.07697457951962133,,,
Video,video,1,OpenBCI-RAW-2026-06-05_15-20-10.txt,blink-like,61613.0,246.452,-463.61633990593845,-8.672145044458954,10.589158952183142,0.08725375079674995,,,
Video,video,1,OpenBCI-RAW-2026-06-05_15-20-10.txt,blink-like,61776.0,247.104,-409.30411132371967,-7.6858181122947355,9.492553344795516,0.08876188877347159,,,
Video,video,1,OpenBCI-RAW-2026-06-05_15-20-10.txt,blink-like,62138.0,248.552,-359.27616940126563,-6.777295155919154,0.7488188459613413,0.10037017902854131,,,
Video,video,1,OpenBCI-RAW-2026-06-05_15-20-10.txt,blink-like,62661.0,250.644,-349.0833742069361,-6.592190830859427,0.8413305845466831,0.10504635798447998,,,
Video,video,1,OpenBCI-RAW-2026-06-05_15-20-10.txt,blink-like,63000.0,252.0,-510.42840453008733,-9.522266670735325,1.2598800210666148,0.1153918636799499,,,
Video,video,1,OpenBCI-RAW-2026-06-05_15-20-10.txt,blink-like,63882.0,255.528,-263.51186907425233,-5.038185732165562,3.035767463028194,0.0882246927251399,,,
Video,video,1,OpenBCI-RAW-2026-06-05_15-20-10.txt,blink-like,65249.0,260.996,-367.70007101115806,-6.930275824336406,0.4395475693518209,0.09804100884092623,,,
Video,video,1,OpenBCI-RAW-2026-06-05_15-20-10.txt,blink-like,66345.0,265.38,-325.70603888271427,-6.16765116392956,22.804699680589408,0.07820266098337016,,,
Video,video,1,OpenBCI-RAW-2026-06-05_15-20-10.txt,blink-like,66880.0,267.52,-371.6137008256871,-7.001348556745965,0.5594286733236685,0.08856057999306359,,,
Video,video,1,OpenBCI-RAW-2026-06-05_15-20-10.txt,blink-like,67693.0,270.772,-539.9560337985047,-10.058497585036921,6.675751569348782,0.09507340323575772,,,
Video,video,1,OpenBCI-RAW-2026-06-05_15-20-10.txt,blink-like,68059.0,272.236,-533.5446240281085,-9.942064393198557,1.054830087860777,0.08939922603004379,,,
Video,video,1,OpenBCI-RAW-2026-06-05_15-20-10.txt,blink-like,68232.0,272.928,-422.849931826249,-7.9318144178906556,0.7178178352261806,0.07183519496716326,,,
Video,video,1,OpenBCI-RAW-2026-06-05_15-20-10.txt,blink-like,68537.0,274.148,-566.5174074654491,-10.540860376748284,1.194972135311405,0.08656589145271573,,,
Video,video,1,OpenBCI-RAW-2026-06-05_15-20-10.txt,blink-like,68917.0,275.668,-631.9222629679142,-11.728632857465646,1.0446882962117714,0.09597058612236288,,,
Video,video,1,OpenBCI-RAW-2026-06-05_15-20-10.txt,blink-like,69374.0,277.496,-703.4200918580841,-13.027055626453826,2.8177382604974435,0.09940163008496165,,,
Video,video,1,OpenBCI-RAW-2026-06-05_15-20-10.txt,blink-like,69770.0,279.08,-513.0328403451031,-9.569564033677343,8.423302543763619,0.07409969908482163,,,
Video,video,1,OpenBCI-RAW-2026-06-05_15-20-10.txt,blink-like,70069.0,280.276,-732.700288258458,-13.558793083056768,1.9912845976840505,0.17038009763881565,,,
Video,video,1,OpenBCI-RAW-2026-06-05_15-20-10.txt,blink-like,70301.0,281.204,-366.3501401406571,-6.905760660645059,1.095664303162073,0.06815701751649612,,,
Video,video,1,OpenBCI-RAW-2026-06-05_15-20-10.txt,blink-like,70602.0,282.408,-332.72017106001596,-6.295029981791165,0.9116810425795989,0.0634608178679482,,,
Video,video,1,OpenBCI-RAW-2026-06-05_15-20-10.txt,blink-like,70719.0,282.876,-340.49248025034325,-6.4361775295836905,0.7775883237264009,0.14375320403953082,,,
Video,video,1,OpenBCI-RAW-2026-06-05_15-20-10.txt,blink-like,71095.0,284.38,-519.649193665155,-9.689719064001729,1.0488317517536032,0.11665356099186465,,,
Video,video,1,OpenBCI-RAW-2026-06-05_15-20-10.txt,blink-like,71251.0,285.004,-338.66581794920296,-6.403004775111715,0.5096756648971129,0.08526730274950386,,,
Video,video,1,OpenBCI-RAW-2026-06-05_15-20-10.txt,blink-like,71906.0,287.624,-590.5287086049827,-10.976913059697496,1.2481432351511026,0.1433526247361442,,,
Video,video,1,OpenBCI-RAW-2026-06-05_15-20-10.txt,blink-like,72253.0,289.012,-471.7995939833707,-8.820755478978235,3.8109143040610483,0.07882233366329455,,,
Video,video,1,OpenBCI-RAW-2026-06-05_15-20-10.txt,blink-like,72449.0,289.796,-458.19170789959145,-8.573632043158694,1.7641100673319818,0.0904826624757843,,,
Video,video,1,OpenBCI-RAW-2026-06-05_15-20-10.txt,blink-like,72583.0,290.332,480.42639379417415,8.471964075511815,0.8412342937820352,0.17971729819680332,,,
Video,video,1,OpenBCI-RAW-2026-06-05_15-20-10.txt,blink-like,72783.0,291.132,-877.8082168444596,-16.19399811461374,1.6713054610298441,0.10915641858632444,,,
Video,video,1,OpenBCI-RAW-2026-06-05_15-20-10.txt,blink-like,72904.0,291.616,-312.20111492773174,-5.922397552333333,1.122748893347698,0.08717056633828907,,,
Video,video,1,OpenBCI-RAW-2026-06-05_15-20-10.txt,blink-like,73098.0,292.392,-466.33335792880445,-8.72148693524643,12.89881357112473,0.08504970530979335,,,
Video,video,1,OpenBCI-RAW-2026-06-05_15-20-10.txt,blink-like,73447.0,293.788,-373.9256079701739,-7.043333508216301,0.8736103158421127,0.10138073151325808,,,
Video,video,1,OpenBCI-RAW-2026-06-05_15-20-10.txt,blink-like,73916.0,295.664,-466.7754778955548,-8.729515971097781,0.7421986353311387,0.09708573655749206,,,
Video,video,1,OpenBCI-RAW-2026-06-05_15-20-10.txt,blink-like,74399.0,297.596,-462.63734166869307,-8.654366132542743,0.6620613303682835,0.12747937411197927,,,
Video,video,1,OpenBCI-RAW-2026-06-05_15-20-10.txt,blink-like,74627.0,298.508,-408.7214204884316,-7.675236265830824,2.4497265900755614,0.08030976571701468,,,
Video,video,1,OpenBCI-RAW-2026-06-05_15-20-10.txt,blink-like,74855.0,299.42,-474.1824144200949,-8.864028237850476,4.37352982677375,0.07966075700876536,,,
Video,video,1,OpenBCI-RAW-2026-06-05_15-20-10.txt,blink-like,75069.0,300.276,-483.9950077790498,-9.042227979546983,1.5440357160233265,0.10245878191711381,,,
Video,video,1,OpenBCI-RAW-2026-06-05_15-20-10.txt,blink-like,75739.0,302.956,-691.398656990433,-12.808742637229441,1.04432490085256,0.12989401878003265,,,
Video,video,1,OpenBCI-RAW-2026-06-05_15-20-10.txt,blink-like,75836.0,303.344,-429.03853706698004,-8.044201410301127,0.5762421939730319,0.08572236027754843,,,
Video,video,1,OpenBCI-RAW-2026-06-05_15-20-10.txt,blink-like,76200.0,304.8,-393.9036707744828,-7.40614133088792,9.983089531522987,0.08565524991869461,,,
Video,video,1,OpenBCI-RAW-2026-06-05_15-20-10.txt,blink-like,76456.0,305.824,-685.5343878406899,-12.70224568892073,0.9455872933590083,0.11235503038187744,,,
Video,video,1,OpenBCI-RAW-2026-06-05_15-20-10.txt,blink-like,76773.0,307.092,-510.00093539586265,-9.514503698550959,0.6908466925661801,0.09225118009519065,,,
Video,video,1,OpenBCI-RAW-2026-06-05_15-20-10.txt,blink-like,77031.0,308.124,-372.8036297597255,-7.022958035598905,2.7386405326978154,0.08108261279028375,,,
Video,video,1,OpenBCI-RAW-2026-06-05_15-20-10.txt,blink-like,77474.0,309.896,-343.8460218299749,-6.497078885769361,2.0929361843164047,0.08134985596500337,,,
Video,video,1,OpenBCI-RAW-2026-06-05_15-20-10.txt,blink-like,78536.0,314.144,-405.8710032392824,-7.62347180368055,0.639337711055554,0.12567021656309954,,,
Video,video,1,OpenBCI-RAW-2026-06-05_15-20-10.txt,blink-like,79016.0,316.064,-268.71256974921545,-5.132632070968903,0.3361997613916461,0.07551401248347248,,,
Video,video,1,OpenBCI-RAW-2026-06-05_15-20-10.txt,blink-like,79129.0,316.516,-347.8400692740215,-6.569612027296434,0.3605765276135411,0.12953030583722283,,,
Video,video,1,OpenBCI-RAW-2026-06-05_15-20-10.txt,blink-like,79425.0,317.7,-314.8350422435028,-5.97023049008464,0.5369569708161909,0.15514512318279594,,,
Video,video,1,OpenBCI-RAW-2026-06-05_15-20-10.txt,blink-like,79531.0,318.124,-284.16305452200606,-5.413217671011574,0.5706239126919075,0.09642080021748552,,,
Video,video,1,OpenBCI-RAW-2026-06-05_15-20-10.txt,blink-like,80290.0,321.16,-317.4289547599827,-6.017336746658312,0.6473145507535467,0.09126254905050155,,,
Video,video,1,OpenBCI-RAW-2026-06-05_15-20-10.txt,blink-like,80571.0,322.284,-485.45741117579064,-9.068785679231693,0.6402401040493241,0.13690717297390803,,,
Video,video,1,OpenBCI-RAW-2026-06-05_15-20-10.txt,blink-like,81536.0,326.144,-378.26029125609614,-7.122052702381478,0.6995132339247259,0.1378128294828348,,,
Video,video,1,OpenBCI-RAW-2026-06-05_15-20-10.txt,blink-like,82197.0,328.788,-488.29560678394733,-9.120328192587362,1.0091750013043068,0.17553970695170573,,,
Video,video,1,OpenBCI-RAW-2026-06-05_15-20-10.txt,blink-like,83000.0,332.0,-268.8282229210061,-5.134732368472893,1.2308277391266242,0.08731610673852265,,,
Video,video,1,OpenBCI-RAW-2026-06-05_15-20-10.txt,blink-like,83383.0,333.532,-501.32681819369947,-9.356979037299194,0.8185201000434742,0.12274017819005531,,,
Video,video,1,OpenBCI-RAW-2026-06-05_15-20-10.txt,blink-like,83583.0,334.332,-489.2402791635623,-9.13748373627262,0.8449652188126622,0.10095667417033109,,,
Video,video,1,OpenBCI-RAW-2026-06-05_15-20-10.txt,blink-like,83735.0,334.94,-533.9812094806457,-9.949992920553619,1.2165351834759153,0.10293036701122764,,,
Video,video,1,OpenBCI-RAW-2026-06-05_15-20-10.txt,blink-like,84336.0,337.344,-401.74654972047534,-7.54857044735155,1.9028574843561616,0.09272121188865276,,,
Video,video,1,OpenBCI-RAW-2026-06-05_15-20-10.txt,blink-like,84620.0,338.48,-403.01784917328143,-7.57165764008661,2.773060085802218,0.09961274956457783,,,
Video,video,1,OpenBCI-RAW-2026-06-05_15-20-10.txt,blink-like,85423.0,341.692,-331.81886439191123,-6.278661972889724,0.8170191339394409,0.10224583823251306,,,
Video,video,1,OpenBCI-RAW-2026-06-05_15-20-10.txt,blink-like,86030.0,344.12,-408.6322785158426,-7.67361741993468,0.7129122726584091,0.10706654994166456,,,
Video,video,1,OpenBCI-RAW-2026-06-05_15-20-10.txt,blink-like,86235.0,344.94,-423.45804227122653,-7.9428578923579884,0.8116071230006486,0.15225122639577604,,,
Video,video,1,OpenBCI-RAW-2026-06-05_15-20-10.txt,blink-like,86447.0,345.788,-492.49429406945217,-9.196577657165301,0.7748991357105329,0.17539781380991917,,,
Video,video,1,OpenBCI-RAW-2026-06-05_15-20-10.txt,blink-like,86723.0,346.892,-382.40415211047815,-7.197306501949484,1.7323882558617407,0.11624850671511376,,,
Video,video,1,OpenBCI-RAW-2026-06-05_15-20-10.txt,blink-like,86963.0,347.852,-365.5757239938422,-6.891697023003121,1.0181764980782873,0.16483876549947307,,,
Video,video,1,OpenBCI-RAW-2026-06-05_15-20-10.txt,blink-like,87220.0,348.88,-543.3954113955679,-10.120957749946749,0.9490472720744821,0.21748366955679377,,,
Video,video,1,OpenBCI-RAW-2026-06-05_15-20-10.txt,blink-like,87874.0,351.496,-392.7205661524849,-7.384655783660227,0.8064921916850543,0.11752124195772921,,,
Video,video,1,OpenBCI-RAW-2026-06-05_15-20-10.txt,blink-like,88093.0,352.372,-336.64285218762467,-6.366267088856211,0.8903968994559164,0.14929935727338306,,,
Video,video,1,OpenBCI-RAW-2026-06-05_15-20-10.txt,blink-like,88222.0,352.888,-536.175311588092,-9.989838495978987,1.0674852284097311,0.11957304983277572,,,
Video,video,1,OpenBCI-RAW-2026-06-05_15-20-10.txt,blink-like,88707.0,354.828,-357.18878965280135,-6.7393876916646205,1.6243988404226808,0.10029890066554072,,,
Video,video,1,OpenBCI-RAW-2026-06-05_15-20-10.txt,blink-like,89000.0,356.0,-483.074357850434,-9.025508691029588,0.998351999344975,0.09972600566392066,,,
Video,video,1,OpenBCI-RAW-2026-06-05_15-20-10.txt,blink-like,90747.0,362.988,-435.2152902242745,-8.156373165196937,2.125201522221056,0.10736188542877789,,,
Video,video,1,OpenBCI-RAW-2026-06-05_15-20-10.txt,blink-like,91601.0,366.404,-583.9598026400762,-10.85761968807248,1.9077991541620236,0.08690788161172532,,,
Video,video,1,OpenBCI-RAW-2026-06-05_15-20-10.txt,blink-like,92139.0,368.556,-376.0886227817686,-7.08261452869802,1.296615466987329,0.08246661620138912,,,
Video,video,1,OpenBCI-RAW-2026-06-05_15-20-10.txt,blink-like,92496.0,369.984,-565.7668695011297,-10.527230374313394,1.4724178452923966,0.09414279544982128,,,
Video,video,1,OpenBCI-RAW-2026-06-05_15-20-10.txt,blink-like,92876.0,371.504,-330.885003397822,-6.261702767321985,0.8258002941200034,0.07721760878479109,,,
Video,video,1,OpenBCI-RAW-2026-06-05_15-20-10.txt,blink-like,94847.0,379.388,-318.26457552739555,-6.032511879211148,0.6166621134230195,0.08802809224720112,,,
Video,video,1,OpenBCI-RAW-2026-06-05_15-20-10.txt,blink-like,95150.0,380.6,-293.43991567204216,-5.581688349477236,0.3870548810338429,0.07543378556706011,,,
Video,video,1,OpenBCI-RAW-2026-06-05_15-20-10.txt,blink-like,95742.0,382.968,-319.7933904552008,-6.060275632917301,0.5777575059131457,0.09910846209258307,,,
Video,video,1,OpenBCI-RAW-2026-06-05_15-20-10.txt,blink-like,95856.0,383.424,-297.6242153934354,-5.657676531424323,0.531863602919408,0.08593355870997767,,,
Video,video,1,OpenBCI-RAW-2026-06-05_15-20-10.txt,blink-like,96418.0,385.672,-279.02542123288185,-5.319916655514198,7.01647526842812,0.07633727004367392,,,
Video,video,1,OpenBCI-RAW-2026-06-05_15-20-10.txt,blink-like,96649.0,386.596,-310.92836672770756,-5.899284049899033,4.427485461085704,0.09353857455396791,,,
Video,video,1,OpenBCI-RAW-2026-06-05_15-20-10.txt,blink-like,96862.0,387.448,-551.0806995449167,-10.260524968619617,3.0856940549979557,0.09639007573557319,,,
Video,video,1,OpenBCI-RAW-2026-06-05_15-20-10.txt,blink-like,97260.0,389.04,-398.95065245982784,-7.497796085118076,0.7851971249032454,0.09091990289784735,,,
Video,video,1,OpenBCI-RAW-2026-06-05_15-20-10.txt,blink-like,97494.0,389.976,357.99043024705054,6.248488967522221,0.8762154866813121,0.12143276880390476,,,
Video,video,1,OpenBCI-RAW-2026-06-05_15-20-10.txt,blink-like,97667.0,390.668,-618.7587347658205,-11.489579098727436,1.2184557713885003,0.14032196985359768,,,
Video,video,1,OpenBCI-RAW-2026-06-05_15-20-10.txt,blink-like,97898.0,391.592,404.9962386609626,7.102129041168023,0.5388108876849572,0.17125147796195234,,,
Video,video,1,OpenBCI-RAW-2026-06-05_15-20-10.txt,blink-like,98086.0,392.344,-429.9956397896245,-8.061582692874772,0.8833036732491545,0.11845191157743101,,,
Video,video,1,OpenBCI-RAW-2026-06-05_15-20-10.txt,blink-like,98565.0,394.26,-420.3637723836082,-7.886664990589603,0.709600076566737,0.10145406159374397,,,
Video,video,1,OpenBCI-RAW-2026-06-05_15-20-10.txt,blink-like,99128.0,396.512,-485.9070504107795,-9.076951267328596,1.4540714888936153,0.13147374341398244,,,
Video,video,1,OpenBCI-RAW-2026-06-05_15-20-10.txt,blink-like,100259.0,401.036,-381.6548284171592,-7.18369855105293,19.15098711758282,0.1393804707429372,,,
Video,video,1,OpenBCI-RAW-2026-06-05_15-20-10.txt,blink-like,100486.0,401.944,-394.1320386465668,-7.4102885623412655,0.9307563608290956,0.09645410415215884,,,
Video,video,1,OpenBCI-RAW-2026-06-05_15-20-10.txt,blink-like,101705.0,406.82,-309.2729920699207,-5.869221932206226,7.171797768086978,0.07723390111787012,,,
Video,video,1,OpenBCI-RAW-2026-06-05_15-20-10.txt,blink-like,102297.0,409.188,-423.71538991977604,-7.947531405548656,1.3101645980785996,0.09106664046959485,,,
Video,video,1,OpenBCI-RAW-2026-06-05_15-20-10.txt,blink-like,102557.0,410.228,-547.947408659918,-10.203623433424822,0.6987866764872639,0.11315635344746988,,,
Video,video,1,OpenBCI-RAW-2026-06-05_15-20-10.txt,blink-like,102839.0,411.356,-322.8395262089571,-6.115594403871617,0.5364806656033352,0.0760447863227455,,,
Video,video,1,OpenBCI-RAW-2026-06-05_15-20-10.txt,blink-like,102951.0,411.804,-599.9039560149597,-11.147170463187482,1.0994008174597523,0.09433558835356962,,,
Video,video,1,OpenBCI-RAW-2026-06-05_15-20-10.txt,blink-like,104147.0,416.588,-380.68264971441715,-7.166043484000408,1.0432580724944438,0.0883898279707646,,,
Video,video,1,OpenBCI-RAW-2026-06-05_15-20-10.txt,blink-like,104362.0,417.448,-473.9510744709666,-8.859827032555332,0.7402838778922283,0.09470837849366945,,,
Video,video,1,OpenBCI-RAW-2026-06-05_15-20-10.txt,blink-like,105436.0,421.744,-577.0476580108274,-10.732092995745324,1.3716855163577968,0.09709851087396965,,,
Video,video,1,OpenBCI-RAW-2026-06-05_15-20-10.txt,blink-like,105655.0,422.62,-421.87658002436484,-7.914138046993527,0.5252029317446764,0.09452436429966474,,,
Video,video,1,OpenBCI-RAW-2026-06-05_15-20-10.txt,blink-like,105821.0,423.284,-269.85097930717444,-5.153305941958165,0.8386067317567427,0.07956817706505535,,,
Video,video,1,OpenBCI-RAW-2026-06-05_15-20-10.txt,blink-like,106167.0,424.668,-745.8867836377898,-13.79826393286373,2.981410914875013,0.13751353056088556,,,
Video,video,1,OpenBCI-RAW-2026-06-05_15-20-10.txt,blink-like,106537.0,426.148,-497.7743572340897,-9.29246524341904,1.993351548638295,0.12861754247779025,,,
Video,video,1,OpenBCI-RAW-2026-06-05_15-20-10.txt,blink-like,106741.0,426.964,-337.26002625139563,-6.377475161454614,0.7821732268404165,0.08911318748292979,,,
Video,video,1,OpenBCI-RAW-2026-06-05_15-20-10.txt,blink-like,106893.0,427.572,-408.6660014314656,-7.674229838551598,0.7681320395213126,0.09073862253205152,,,
Video,video,1,OpenBCI-RAW-2026-06-05_15-20-10.txt,blink-like,107064.0,428.256,-326.9035535114895,-6.189398401353884,0.6888014452355372,0.0875990789810312,,,
Video,video,1,OpenBCI-RAW-2026-06-05_15-20-10.txt,blink-like,107781.0,431.124,-467.83476204648167,-8.748752900131032,0.7023697151644844,0.11914393852476496,,,
Video,video,1,OpenBCI-RAW-2026-06-05_15-20-10.txt,blink-like,108340.0,433.36,-589.022281183868,-10.949555870062996,16.95078544791018,0.07691353651921963,,,
Video,video,1,OpenBCI-RAW-2026-06-05_15-20-10.txt,blink-like,109319.0,437.276,-426.7888538859021,-8.003346465323588,22.479351452849233,0.07257881095836638,,,
Video,video,1,OpenBCI-RAW-2026-06-05_15-20-10.txt,blink-like,109418.0,437.672,-342.6427457015786,-6.475227017723273,12.410835985518782,0.06954754018911626,,,
Video,video,1,OpenBCI-RAW-2026-06-05_15-20-10.txt,blink-like,109516.0,438.064,-509.3678873118203,-9.503007348816375,31.16058772830901,0.08133131179446354,,,
Video,video,1,OpenBCI-RAW-2026-06-05_15-20-10.txt,blink-like,109946.0,439.784,-295.1869595279415,-5.613415208266265,2.0838214907868333,0.09380298143962863,,,
Video,video,1,OpenBCI-RAW-2026-06-05_15-20-10.txt,blink-like,110294.0,441.176,-278.8262975929607,-5.316300508395736,5.872589992832814,0.0784411318358616,,,
Video,video,1,OpenBCI-RAW-2026-06-05_15-20-10.txt,blink-like,110630.0,442.52,-362.11465437925364,-6.828842924320793,1.5814016974626914,0.0785040286020958,,,
Video,video,1,OpenBCI-RAW-2026-06-05_15-20-10.txt,blink-like,110784.0,443.136,-518.3824611016555,-9.666714807394257,4.858838519266963,0.08583118520159042,,,
Video,video,1,OpenBCI-RAW-2026-06-05_15-20-10.txt,blink-like,111522.0,446.088,-607.7210109807356,-11.289130608153382,1.807846895156924,0.09802140204852913,,,
Video,video,1,OpenBCI-RAW-2026-06-05_15-20-10.txt,blink-like,112054.0,448.216,-417.615809965063,-7.8367611399699735,0.7619796371628671,0.14164235056767938,,,
Video,video,1,OpenBCI-RAW-2026-06-05_15-20-10.txt,blink-like,112384.0,449.536,-427.91948391957715,-8.023879057736718,1.084119423395689,0.10766956169652986,,,
Video,video,1,OpenBCI-RAW-2026-06-05_15-20-10.txt,blink-like,112990.0,451.96,-412.7281999752129,-7.748000625206593,0.6144601670176348,0.10650739905319642,,,
Video,video,1,OpenBCI-RAW-2026-06-05_15-20-10.txt,blink-like,113542.0,454.168,-489.7017622078839,-9.145864411623888,0.9881768268710953,0.10180406300158938,,,
Video,video,1,OpenBCI-RAW-2026-06-05_15-20-10.txt,blink-like,115207.0,460.828,-321.10017247776017,-6.084007200134565,6.141347203065084,0.08113667499891017,,,
Video,video,1,OpenBCI-RAW-2026-06-05_15-20-10.txt,blink-like,115367.0,461.468,-373.2591393090694,-7.031230230426922,9.7899575734626,0.0840594992308761,,,
Video,video,1,OpenBCI-RAW-2026-06-05_15-20-10.txt,blink-like,115937.0,463.748,-355.4759349003777,-6.708281717608641,0.7485752824452798,0.08963283977570245,,,
Video,video,1,OpenBCI-RAW-2026-06-05_15-20-10.txt,blink-like,116876.0,467.504,-381.5690193112967,-7.18214023105122,1.7925264905557141,0.08094844554417067,,,
Video,video,1,OpenBCI-RAW-2026-06-05_15-20-10.txt,blink-like,117747.0,470.988,-627.1055390084306,-11.641159655020134,7.460679764138404,0.2606475075510098,,,
Video,video,1,OpenBCI-RAW-2026-06-05_15-20-10.txt,blink-like,119709.0,478.836,-429.9828700281299,-8.061350790041686,0.8664970798495039,0.09379942253470654,,,
Video,video,1,OpenBCI-RAW-2026-06-05_15-20-10.txt,blink-like,119944.0,479.776,-276.7298892687103,-5.278229082402025,2.3593968244194308,0.08298143957555294,,,
Video,video,1,OpenBCI-RAW-2026-06-05_15-20-10.txt,blink-like,121022.0,484.088,-557.6512927556385,-10.37984898115244,0.8143746010571188,0.1415011037258082,,,
Video,video,1,OpenBCI-RAW-2026-06-05_15-20-10.txt,blink-like,121124.0,484.496,-325.525070666767,-6.164364724946776,1.8260772446865186,0.06854853278625524,,,
Video,video,1,OpenBCI-RAW-2026-06-05_15-20-10.txt,blink-like,121323.0,485.292,-621.9289400699384,-11.547151011233437,1.9313703893789023,0.10458384939387906,,,
Video,video,1,OpenBCI-RAW-2026-06-05_15-20-10.txt,blink-like,121682.0,486.728,-485.57392112466385,-9.070901536073485,1.0779355195734501,0.08975717672723113,,,
Video,video,1,OpenBCI-RAW-2026-06-05_15-20-10.txt,blink-like,123276.0,493.104,-346.59537837761235,-6.54700805420611,0.8087189337118207,0.09564737821440213,,,
Video,video,1,OpenBCI-RAW-2026-06-05_15-20-10.txt,blink-like,123836.0,495.344,-268.78164532687407,-5.133886504903544,1.578065731777824,0.07738278597709723,,,
Video,video,1,OpenBCI-RAW-2026-06-05_15-20-10.txt,blink-like,124045.0,496.18,-353.6948512386617,-6.6759366853783995,1.0790461246101157,0.08686688196088653,,,
Video,video,1,OpenBCI-RAW-2026-06-05_15-20-10.txt,blink-like,124173.0,496.692,-426.08696705655285,-7.990599982603394,4.3653278198156755,0.09401294174790382,,,
Video,video,1,OpenBCI-RAW-2026-06-05_15-20-10.txt,blink-like,125969.0,503.876,-440.472374150037,-8.25184344133885,1.119888307315269,0.11655096864560618,,,
Video,video,1,OpenBCI-RAW-2026-06-05_15-20-10.txt,blink-like,126090.0,504.36,-285.40952951376477,-5.435854043827313,1.9946356770534548,0.0745579914492555,,,
Video,video,1,OpenBCI-RAW-2026-06-05_15-20-10.txt,blink-like,126373.0,505.492,-451.95294004102965,-8.460334082035542,2.0577104154160004,0.08751397524343338,,,
Video,video,1,OpenBCI-RAW-2026-06-05_15-20-10.txt,blink-like,126618.0,506.472,-358.40854429007805,-6.761538814547692,1.2155634865573839,0.08180935375881382,,,
Video,video,1,OpenBCI-RAW-2026-06-05_15-20-10.txt,blink-like,126925.0,507.7,-407.335744273058,-7.650071955579527,2.2069101561989215,0.07983524850092362,,,
Video,video,1,OpenBCI-RAW-2026-06-05_15-20-10.txt,blink-like,127216.0,508.864,-459.31635940984285,-8.594056063730433,2.1880677787208658,0.09524177911796142,,,
Video,video,1,OpenBCI-RAW-2026-06-05_15-20-10.txt,blink-like,127703.0,510.812,-400.3223195976752,-7.522705986172411,1.010880640126782,0.0979928618290578,,,
Video,video,1,OpenBCI-RAW-2026-06-05_15-20-10.txt,blink-like,127889.0,511.556,-297.01114722300247,-5.646543023123604,0.9209927205107206,0.08869235568377189,,,
Video,video,1,OpenBCI-RAW-2026-06-05_15-20-10.txt,blink-like,128108.0,512.432,-473.11096628145475,-8.844570407024069,1.124547744883227,0.12077889361826237,,,
Video,video,1,OpenBCI-RAW-2026-06-05_15-20-10.txt,blink-like,128362.0,513.448,-758.9574559648368,-14.03563140008419,5.00372440793556,0.1848739605473238,,,
Video,video,1,OpenBCI-RAW-2026-06-05_15-20-10.txt,blink-like,129625.0,518.5,-451.2646285313899,-8.4478341313357,0.7301278852892835,0.14915020419534994,,,
Video,video,1,OpenBCI-RAW-2026-06-05_15-20-10.txt,blink-like,129778.0,519.112,-332.8454637696326,-6.297305336294648,0.6273591752913369,0.08723235694388859,,,
Video,video,1,OpenBCI-RAW-2026-06-05_15-20-10.txt,blink-like,130371.0,521.484,-544.639521490185,-10.14355117549622,1.326218594429781,0.15970824560208713,,,
Video,video,1,OpenBCI-RAW-2026-06-05_15-20-10.txt,blink-like,130914.0,523.656,-311.783666741834,-5.9148165636815655,4.545645745022095,0.07156534512748476,,,
Video,video,1,OpenBCI-RAW-2026-06-05_15-20-10.txt,blink-like,131075.0,524.3,-388.6712230051841,-7.311118454995629,1.027258309322888,0.08486735273123486,,,
Video,video,1,OpenBCI-RAW-2026-06-05_15-20-10.txt,blink-like,131500.0,526.0,-487.6157354051654,-9.107981517284118,0.9651539541032367,0.0811861821153434,,,
Video,video,1,OpenBCI-RAW-2026-06-05_15-20-10.txt,blink-like,132153.0,528.612,-697.4854948985047,-12.919281503285376,4.415635572700648,0.13496270274126437,,,
Video,video,1,OpenBCI-RAW-2026-06-05_15-20-10.txt,blink-like,132409.0,529.636,-420.7399032055433,-7.893495643084926,3.478961911996538,0.07599241778813302,,,
Video,video,1,OpenBCI-RAW-2026-06-05_15-20-10.txt,blink-like,132531.0,530.124,-731.0806079506478,-13.529379185840769,4.21967938832673,0.1275694246245548,,,
Video,video,1,OpenBCI-RAW-2026-06-05_15-20-10.txt,blink-like,133077.0,532.308,-416.900179727906,-7.823765072697379,4.169964933672039,0.08487594404921402,,,
Video,video,1,OpenBCI-RAW-2026-06-05_15-20-10.txt,blink-like,133293.0,533.172,-459.26574674491815,-8.59313692202281,2.4196483439161702,0.09274116887175478,,,
Video,video,1,OpenBCI-RAW-2026-06-05_15-20-10.txt,blink-like,133711.0,534.844,-472.9108306914585,-8.840935882578085,1.510438052643155,0.08360473788157105,,,
Video,video,1,OpenBCI-RAW-2026-06-05_15-20-10.txt,blink-like,134025.0,536.1,-529.6953511645297,-9.872160402997727,2.1310154771940075,0.09772655943047721,,,
Video,video,1,OpenBCI-RAW-2026-06-05_15-20-10.txt,blink-like,134864.0,539.456,-411.7779491403217,-7.730743775041702,1.389784254903242,0.12040811058494728,,,
Video,video,1,OpenBCI-RAW-2026-06-05_15-20-10.txt,blink-like,135085.0,540.34,-285.01534484893295,-5.428695527940211,1.1288718075302413,0.08036426898848731,,,
Video,video,1,OpenBCI-RAW-2026-06-05_15-20-10.txt,blink-like,135290.0,541.16,-339.17796045965304,-6.412305442094997,1.8818241793775758,0.08227165206870996,,,
Video,video,1,OpenBCI-RAW-2026-06-05_15-20-10.txt,blink-like,135450.0,541.8,-432.9483217151034,-8.115204313295036,1.8541171780645416,0.12994136781687848,,,
Video,video,1,OpenBCI-RAW-2026-06-05_15-20-10.txt,blink-like,135643.0,542.572,300.377881845322,5.202227202858724,1.9594043913062837,0.15138905167451594,,,
Video,video,1,OpenBCI-RAW-2026-06-05_15-20-10.txt,blink-like,136217.0,544.868,-322.8084653011933,-6.115030328143836,0.7590011776615073,0.29087147776270283,,,
Video,video,1,OpenBCI-RAW-2026-06-05_15-20-10.txt,blink-like,136672.0,546.688,-456.4470246746606,-8.541948054160907,0.9993566128335708,0.09560468920716085,,,
Video,video,1,OpenBCI-RAW-2026-06-05_15-20-10.txt,blink-like,136928.0,547.712,-500.78864589939826,-9.347205661360285,1.2086829820296763,0.18470876498392316,,,
Video,video,1,OpenBCI-RAW-2026-06-05_15-20-10.txt,blink-like,137033.0,548.132,-381.73866112712363,-7.1852209790915635,1.3030943427986785,0.07497736374114175,,,
Video,video,1,OpenBCI-RAW-2026-06-05_15-20-10.txt,blink-like,137431.0,549.724,-627.5921264234805,-11.649996233537426,2.6009492649719017,0.29897372944431844,,,
Video,video,1,OpenBCI-RAW-2026-06-05_15-20-10.txt,blink-like,137722.0,550.888,-372.03412855119825,-7.008983654762105,8.569622552986152,0.0892098327568965,,,
Video,video,1,OpenBCI-RAW-2026-06-05_15-20-10.txt,blink-like,138089.0,552.356,-389.74296086764423,-7.330581547296552,1.359853233271743,0.09115815044695046,,,
Video,video,1,OpenBCI-RAW-2026-06-05_15-20-10.txt,blink-like,138437.0,553.748,-412.7571420821382,-7.7485262228533704,0.9382859094617195,0.10712295713706407,,,
Video,video,1,OpenBCI-RAW-2026-06-05_15-20-10.txt,blink-like,138775.0,555.1,-340.52174356264874,-6.436708960419889,8.014508353986638,0.07838626141217538,,,
Video,video,1,OpenBCI-RAW-2026-06-05_15-20-10.txt,blink-like,139053.0,556.212,-356.02987652664615,-6.7183414695116275,3.792779170552353,0.07815432066167705,,,
Video,video,1,OpenBCI-RAW-2026-06-05_15-20-10.txt,blink-like,139158.0,556.632,-433.1853833262751,-8.119509425749166,2.2619630378134787,0.07989592755457851,,,
Video,video,1,OpenBCI-RAW-2026-06-05_15-20-10.txt,blink-like,139336.0,557.344,326.7508837451123,5.681169104798969,1.549137225632195,0.18500762429542375,,,
Video,video,1,OpenBCI-RAW-2026-06-05_15-20-10.txt,blink-like,139810.0,559.24,-372.1920179329524,-7.011850974951169,0.9178014328597137,0.0883109676677268,,,
Video,video,1,OpenBCI-RAW-2026-06-05_15-20-10.txt,blink-like,139903.0,559.612,-419.60890307866106,-7.872956329664258,2.3160994821074405,0.08755820101452991,,,
Video,video,1,OpenBCI-RAW-2026-06-05_15-20-10.txt,blink-like,140959.0,563.836,-526.8609801461927,-9.820687345380518,1.1759524765303553,0.14188399577792735,,,
Video,video,1,OpenBCI-RAW-2026-06-05_15-20-10.txt,blink-like,142011.0,568.044,-623.5880639066312,-11.577281215179099,1.3158109088036023,0.13535364821902476,,,
Video,video,1,OpenBCI-RAW-2026-06-05_15-20-10.txt,blink-like,142492.0,569.968,-467.35443876255346,-8.740030080179597,1.1740551266043229,0.12229120949550998,,,
Video,video,1,OpenBCI-RAW-2026-06-05_15-20-10.txt,blink-like,143179.0,572.716,-350.7220350145172,-6.621949419843719,7.014705064089538,0.08511458461498841,,,
Video,video,1,OpenBCI-RAW-2026-06-05_15-20-10.txt,blink-like,143669.0,574.676,-388.53474430581656,-7.308639959445604,16.756831489872702,0.09128170705330559,,,
Video,video,1,OpenBCI-RAW-2026-06-05_15-20-10.txt,blink-like,144082.0,576.328,-778.6443529441067,-14.393151560981316,10.462193520988254,0.20934306874964387,,,
Video,video,1,OpenBCI-RAW-2026-06-05_15-20-10.txt,blink-like,144693.0,578.772,-519.8145215293382,-9.692721469340963,10.216249638650345,0.11833760344819166,,,
Video,video,1,OpenBCI-RAW-2026-06-05_15-20-10.txt,blink-like,145039.0,580.156,-599.5737509009787,-11.14117383580614,14.621391986893306,0.12213072962791194,,,
Video,video,1,OpenBCI-RAW-2026-06-05_15-20-10.txt,blink-like,146140.0,584.56,-336.85495484061244,-6.3701189388812685,17.054671342962497,0.08937110632227269,,,
Video,video,1,OpenBCI-RAW-2026-06-05_15-20-10.txt,blink-like,146928.0,587.712,-425.50144898002594,-7.979966792560875,7.59233558247295,0.09350877903425135,,,
Video,video,1,OpenBCI-RAW-2026-06-05_15-20-10.txt,blink-like,147425.0,589.7,-618.7171298831897,-11.488823541142716,4.523100744389923,0.15400417299324182,,,
Video,video,1,OpenBCI-RAW-2026-06-05_15-20-10.txt,blink-like,148073.0,592.292,-303.05477570669854,-5.756297192618607,0.42993501377133786,0.07687676131969784,,,
Video,video,1,OpenBCI-RAW-2026-06-05_15-20-10.txt,blink-like,148205.0,592.82,-324.16162510744704,-6.13960413031087,4.034890039317244,0.10062323428539094,,,
Video,video,1,OpenBCI-RAW-2026-06-05_15-20-10.txt,blink-like,148407.0,593.628,-341.027582019774,-6.445895143837713,7.3582745193388055,0.09652478816790971,,,
Video,video,1,OpenBCI-RAW-2026-06-05_15-20-10.txt,blink-like,148762.0,595.048,-373.6547358938205,-7.0384143872180855,17.295354640989537,0.09451896953524556,,,
Video,video,1,OpenBCI-RAW-2026-06-05_15-20-10.txt,blink-like,149057.0,596.228,-446.5684956207296,-8.362550899774044,1.6546547599459343,0.08845930145098828,,,
Video,video,1,OpenBCI-RAW-2026-06-05_15-20-10.txt,blink-like,149847.0,599.388,-420.58811496656136,-7.8907391215426905,0.7514713153053537,0.0848824989964487,,,
Video,video,1,OpenBCI-RAW-2026-06-05_15-20-10.txt,blink-like,150007.0,600.028,-520.3002467411723,-9.701542389980187,0.819904272317012,0.10751465349690989,,,
Video,video,1,OpenBCI-RAW-2026-06-05_15-20-10.txt,blink-like,150354.0,601.416,-434.92955777210886,-8.151184175160603,12.432288500715309,0.09534783336822875,,,
Video,video,1,OpenBCI-RAW-2026-06-05_15-20-10.txt,blink-like,150724.0,602.896,-370.3793126049162,-6.978931683443675,11.945443128629151,0.10065828959550709,,,
Video,video,1,OpenBCI-RAW-2026-06-05_15-20-10.txt,blink-like,151429.0,605.716,-429.94703035447776,-8.060699930441816,0.8641391211929077,0.105943844576017,,,
Video,video,1,OpenBCI-RAW-2026-06-05_15-20-10.txt,blink-like,151901.0,607.604,-454.4372080172352,-8.505449159718928,0.8675271834965018,0.12496111179457511,,,
Video,video,1,OpenBCI-RAW-2026-06-05_15-20-10.txt,blink-like,152084.0,608.336,-400.5724772925131,-7.52724892757157,2.9275328651956243,0.0947316574731376,,,
Video,video,1,OpenBCI-RAW-2026-06-05_15-20-10.txt,blink-like,152956.0,611.824,398.90467408257484,6.991504337311763,0.9998598381408452,0.5457261852705851,,,
Video,video,1,OpenBCI-RAW-2026-06-05_15-20-10.txt,blink-like,153120.0,612.48,-670.9203234943345,-12.436849743486995,1.0296417516655831,0.130877150708111,,,
Video,video,1,OpenBCI-RAW-2026-06-05_15-20-10.txt,blink-like,154013.0,616.052,-340.2732558356483,-6.432196346155096,0.5227302906214149,0.08489711324055679,,,
Video,video,1,OpenBCI-RAW-2026-06-05_15-20-10.txt,blink-like,154195.0,616.78,-286.64370267695756,-5.458267011617221,0.4146623005611362,0.08622857269400265,,,
Video,video,1,OpenBCI-RAW-2026-06-05_15-20-10.txt,blink-like,154543.0,618.172,-330.34321093537926,-6.251863648005754,0.7731268661101623,0.10059305851196404,,,
Video,video,1,OpenBCI-RAW-2026-06-05_15-20-10.txt,blink-like,154742.0,618.968,-348.82216324804773,-6.58744715875365,0.9778882901183781,0.10728966905805282,,,
Video,video,1,OpenBCI-RAW-2026-06-05_15-20-10.txt,blink-like,155236.0,620.944,-376.77808926225083,-7.095135454026919,3.43832185215554,0.10199501381372102,,,
Video,video,1,OpenBCI-RAW-2026-06-05_15-20-10.txt,blink-like,156485.0,625.94,393.22879098393776,6.888428538175171,0.7563024848807679,0.15559469609090593,,,
Video,video,1,OpenBCI-RAW-2026-06-05_15-20-10.txt,blink-like,156645.0,626.58,-478.3764577835397,-8.940193367362111,3.90941457060114,0.11746071497735101,,,
Video,video,1,OpenBCI-RAW-2026-06-05_15-20-10.txt,blink-like,157431.0,629.724,-355.87963103133967,-6.715612964673481,10.117784164645482,0.0765258297889959,,,
Video,video,1,OpenBCI-RAW-2026-06-05_15-20-10.txt,blink-like,157574.0,630.296,-398.86166974563866,-7.496180131403914,19.154943855106996,0.08214625164587051,,,
Video,video,1,OpenBCI-RAW-2026-06-05_15-20-10.txt,blink-like,157701.0,630.804,-422.6323100476854,-7.927862338831741,11.20172463531866,0.09124362689163536,,,
Video,video,1,OpenBCI-RAW-2026-06-05_15-20-10.txt,blink-like,158536.0,634.144,-334.53287699521496,-6.327949284324924,0.7158725387214484,0.08028120067028795,,,
Video,video,1,OpenBCI-RAW-2026-06-05_15-20-10.txt,blink-like,158627.0,634.508,-265.79655697763167,-5.079676373767232,0.6964175588792058,0.07455772746098228,,,
Video,video,1,OpenBCI-RAW-2026-06-05_15-20-10.txt,blink-like,159092.0,636.368,-430.96226070312275,-8.079136828749222,2.3269373117470025,0.08089848055003676,,,
Video,video,1,OpenBCI-RAW-2026-06-05_15-20-10.txt,blink-like,159319.0,637.276,-768.3335449608121,-14.205904087037174,7.632613513866634,0.11814805610221811,,,
Video,video,1,OpenBCI-RAW-2026-06-05_15-20-10.txt,blink-like,160191.0,640.764,-539.6847061575116,-10.053570190843422,0.9617386342135487,0.29486470644071233,,,
Video,video,1,OpenBCI-RAW-2026-06-05_15-20-10.txt,blink-like,160704.0,642.816,-438.8938180692322,-8.223176372852196,0.9781107878884356,0.26977510839886965,,,
Video,video,1,OpenBCI-RAW-2026-06-05_15-20-10.txt,blink-like,161552.0,646.208,-354.7398048157719,-6.694913366742244,8.267368610448319,0.091223119989736,,,
Video,video,1,OpenBCI-RAW-2026-06-05_15-20-10.txt,blink-like,161769.0,647.076,-358.5970985661681,-6.764963018737745,23.002227021310077,0.0925022497746395,,,
Video,video,1,OpenBCI-RAW-2026-06-05_15-20-10.txt,blink-like,162231.0,648.924,-313.4865200279032,-5.945740908003615,1.3514350452257862,0.3226641917898087,,,
Video,video,1,OpenBCI-RAW-2026-06-05_15-20-10.txt,blink-like,162746.0,650.984,-342.0464206354144,-6.464397569393935,0.6572012717243411,0.18058109813951886,,,
Video,video,1,OpenBCI-RAW-2026-06-05_15-20-10.txt,blink-like,163123.0,652.492,-283.53591181809134,-5.401828564813418,3.5192797738298442,0.08580151120154188,,,
Video,video,1,OpenBCI-RAW-2026-06-05_15-20-10.txt,blink-like,163217.0,652.868,-412.8227828257893,-7.749718279136099,12.991412924107777,0.08940148557513021,,,
Video,video,1,OpenBCI-RAW-2026-06-05_15-20-10.txt,blink-like,163371.0,653.484,-382.0878112670541,-7.191561654025589,0.9639820603082099,0.08494390771817416,,,
Video,video,1,OpenBCI-RAW-2026-06-05_15-20-10.txt,blink-like,163984.0,655.936,-305.2534652634728,-5.796226077547933,0.6165292495055832,0.32496909257781226,,,
Video,video,1,OpenBCI-RAW-2026-06-05_15-20-10.txt,blink-like,164244.0,656.976,-509.8163601835298,-9.511151755394028,1.0771592263129184,0.09496047042205465,,,
Video,video,1,OpenBCI-RAW-2026-06-05_15-20-10.txt,blink-like,164660.0,658.64,-303.42684671484125,-5.7630541176351,0.7354977188500973,0.10724226637778338,,,
Video,video,1,OpenBCI-RAW-2026-06-05_15-20-10.txt,blink-like,165018.0,660.072,-396.6554947483964,-7.456115308551851,0.9651196802445527,0.0946316347309621,,,
Video,video,1,OpenBCI-RAW-2026-06-05_15-20-10.txt,blink-like,165195.0,660.78,-428.4640892628637,-8.033769259842325,0.9146616585900091,0.09456951662851497,,,
Video,video,1,OpenBCI-RAW-2026-06-05_15-20-10.txt,blink-like,166046.0,664.184,-377.7658430510789,-7.113073369478014,7.911338703246865,0.08558993600006215,,,
Video,video,1,OpenBCI-RAW-2026-06-05_15-20-10.txt,blink-like,168539.0,674.156,-491.28950488990574,-9.174698311640606,2.4526119392059367,0.12553547276684549,,,
Video,video,1,OpenBCI-RAW-2026-06-05_15-20-10.txt,blink-like,169011.0,676.044,-332.33239796618517,-6.287987902023899,0.9924842097235774,0.08349303346523083,,,
Video,video,1,OpenBCI-RAW-2026-06-05_15-20-10.txt,blink-like,169388.0,677.552,-353.6994614581985,-6.67602040839642,0.8351596682905492,0.09055532532732469,,,
Video,video,1,OpenBCI-RAW-2026-06-05_15-20-10.txt,blink-like,169636.0,678.544,-390.3518639558918,-7.341639416411743,1.5912996767510692,0.08110429627122358,,,
Video,video,1,OpenBCI-RAW-2026-06-05_15-20-10.txt,blink-like,169777.0,679.108,-354.0550072248218,-6.682477229896695,0.9286060962244678,0.09300960925943218,,,
Video,video,1,OpenBCI-RAW-2026-06-05_15-20-10.txt,blink-like,169970.0,679.88,-507.3969477152647,-9.467214473869088,0.8001040020805383,0.11037880706612486,,,
Video,video,1,OpenBCI-RAW-2026-06-05_15-20-10.txt,blink-like,170262.0,681.048,-372.7793087727396,-7.022516358924846,3.058267288748904,0.0948791897832416,,,
Video,video,1,OpenBCI-RAW-2026-06-05_15-20-10.txt,blink-like,170581.0,682.324,-401.6048551837702,-7.54599723057623,0.8577238308323345,0.10456309553643223,,,
Video,video,1,OpenBCI-RAW-2026-06-05_15-20-10.txt,blink-like,171328.0,685.312,-493.11583507685117,-9.207865034815697,1.2431931407456152,0.15735528407921084,,,
Video,video,1,OpenBCI-RAW-2026-06-05_15-20-10.txt,blink-like,172114.0,688.456,-390.3584947052622,-7.341759832878812,0.8553310949366065,0.12154538647609298,,,
Video,video,1,OpenBCI-RAW-2026-06-05_15-20-10.txt,blink-like,172380.0,689.52,325.66291541129146,5.661411262099423,2.5568376297563304,0.12050519729789812,,,
Video,video,1,OpenBCI-RAW-2026-06-05_15-20-10.txt,blink-like,172526.0,690.104,-528.5788601707842,-9.851884579939151,1.0588274506094164,0.17342432065866886,,,
Video,video,1,OpenBCI-RAW-2026-06-05_15-20-10.txt,blink-like,173766.0,695.064,-387.0253779529269,-7.281229397897685,9.320612023711927,0.0913061370322248,,,
Video,video,1,OpenBCI-RAW-2026-06-05_15-20-10.txt,blink-like,174294.0,697.176,-317.80447690108286,-6.024156345320709,2.2790981571216067,0.08726362057949882,,,
Video,video,1,OpenBCI-RAW-2026-06-05_15-20-10.txt,blink-like,174452.0,697.808,-294.82613468415445,-5.606862517085818,1.7955008657649643,0.08507071584963706,,,
Video,video,1,OpenBCI-RAW-2026-06-05_15-20-10.txt,blink-like,174696.0,698.784,-295.5768892467146,-5.620496453012002,2.636354580717072,0.08526878237549682,,,
Video,video,1,OpenBCI-RAW-2026-06-05_15-20-10.txt,blink-like,174797.0,699.188,-283.5411131334644,-5.40192302231533,5.25950350198209,0.0906254223228898,,,
Video,video,1,OpenBCI-RAW-2026-06-05_15-20-10.txt,blink-like,175085.0,700.34,-315.7349315511094,-5.98657275927942,3.7171039771096557,0.0916326413131319,,,
Video,video,1,OpenBCI-RAW-2026-06-05_15-20-10.txt,blink-like,175271.0,701.084,-436.47445320251785,-8.179239955786196,12.63309984115722,0.09807848954747897,,,
Video,video,1,OpenBCI-RAW-2026-06-05_15-20-10.txt,blink-like,176250.0,705.0,-330.00799237398667,-6.245775974863005,1.657973485868971,0.09137309406360146,,,
Video,video,1,OpenBCI-RAW-2026-06-05_15-20-10.txt,blink-like,176934.0,707.736,-278.69452846926515,-5.313907540201992,2.2835194633046956,0.08572155198489781,,,
Video,video,1,OpenBCI-RAW-2026-06-05_15-20-10.txt,blink-like,177684.0,710.736,-434.81235817658677,-8.149055794121567,0.5695756747512765,0.10131887552246917,,,
Video,video,1,OpenBCI-RAW-2026-06-05_15-20-10.txt,blink-like,178053.0,712.212,-488.03183661047353,-9.115538044350211,1.1170220266341682,0.09041871244239155,,,
Video,video,1,OpenBCI-RAW-2026-06-05_15-20-10.txt,blink-like,178297.0,713.188,413.48783614606396,7.256339087695104,4.0420499832545405,0.2043298253584653,,,
Video,video,1,OpenBCI-RAW-2026-06-05_15-20-10.txt,blink-like,178464.0,713.856,-439.90336424219873,-8.241510044764642,9.638972028259202,0.09247999125346541,,,
Video,video,1,OpenBCI-RAW-2026-06-05_15-20-10.txt,blink-like,178553.0,714.212,-405.997392170813,-7.625767065914309,17.751118420035912,0.08772962982475292,,,
Video,video,1,OpenBCI-RAW-2026-06-05_15-20-10.txt,blink-like,178754.0,715.016,-461.54026505010194,-8.63444288056412,10.362779874516859,0.08226976232382004,,,
Video,video,1,OpenBCI-RAW-2026-06-05_15-20-10.txt,blink-like,179227.0,716.908,-327.71063737096864,-6.2040552947994225,8.395893373648674,0.08512919091410004,,,
Video,video,1,OpenBCI-RAW-2026-06-05_15-20-10.txt,blink-like,179431.0,717.724,-350.5174453546796,-6.618234008106661,8.587548791474662,0.07530560715089087,,,
Video,video,1,OpenBCI-RAW-2026-06-05_15-20-10.txt,blink-like,179572.0,718.288,-352.61261621000693,-6.65628296128056,11.629508339946966,0.07747116644214838,,,
Video,video,1,OpenBCI-RAW-2026-06-05_15-20-10.txt,blink-like,179664.0,718.656,-405.16353766450317,-7.6106240092114374,12.218967794232844,0.08456143717316444,,,
Video,video,1,OpenBCI-RAW-2026-06-05_15-20-10.txt,blink-like,179997.0,719.988,-390.558801367026,-7.345397464041201,9.314127709568593,0.09144904225750361,,,
Video,video,1,OpenBCI-RAW-2026-06-05_15-20-10.txt,blink-like,180279.0,721.116,-380.38981362898056,-7.1607254897785655,7.045359960112452,0.0857954704965232,,,
Video,video,1,OpenBCI-RAW-2026-06-05_15-20-10.txt,blink-like,180430.0,721.72,-334.36259875940175,-6.324856978700055,21.15739723137018,0.07907613499811851,,,
Video,video,1,OpenBCI-RAW-2026-06-05_15-20-10.txt,blink-like,180566.0,722.264,-425.30068990736345,-7.976320945476114,13.89027056768301,0.09309642954450101,,,
Video,video,1,OpenBCI-RAW-2026-06-05_15-20-10.txt,blink-like,180774.0,723.096,-303.6137020060201,-5.7664474677317195,9.232677612464963,0.0773995424285531,,,
Video,video,1,OpenBCI-RAW-2026-06-05_15-20-10.txt,blink-like,180866.0,723.464,-316.95666066013837,-6.008759739182483,4.42512184444964,0.07595109659200534,,,
Video,video,1,OpenBCI-RAW-2026-06-05_15-20-10.txt,blink-like,180954.0,723.816,-313.9761866877809,-5.954633406562924,4.882732180380599,0.07607793070597109,,,
Video,video,1,OpenBCI-RAW-2026-06-05_15-20-10.txt,blink-like,181209.0,724.836,-427.06797481639546,-8.008415388073823,15.48330898763474,0.08664418898010627,,,
Video,video,1,OpenBCI-RAW-2026-06-05_15-20-10.txt,blink-like,181432.0,725.728,-313.6220640866569,-5.9482024301899346,13.276049101304642,0.07873148640396539,,,
Video,video,1,OpenBCI-RAW-2026-06-05_15-20-10.txt,blink-like,181538.0,726.152,-343.184352705189,-6.4850627690495335,15.901031745670517,0.07700120654248167,,,
Video,video,1,OpenBCI-RAW-2026-06-05_15-20-10.txt,blink-like,181665.0,726.66,-471.46094026817843,-8.814605422376047,25.439917315049513,0.11047928932728246,,,
Video,video,1,OpenBCI-RAW-2026-06-05_15-20-10.txt,blink-like,181891.0,727.564,-364.80779738001246,-6.877751237294856,11.149077242538477,0.09011439935979433,,,
Video,video,1,OpenBCI-RAW-2026-06-05_15-20-10.txt,blink-like,182286.0,729.144,-302.01892618499124,-5.737485843727212,8.803801579092626,0.08239732062793337,,,
Video,video,1,OpenBCI-RAW-2026-06-05_15-20-10.txt,blink-like,182512.0,730.048,-329.99807572320026,-6.2455958854061215,15.881422566681287,0.08448536309681368,,,
Video,video,1,OpenBCI-RAW-2026-06-05_15-20-10.txt,blink-like,182778.0,731.112,-371.0084527964565,-6.990357064637227,16.02154979355639,0.08980556966329459,,,
Video,video,1,OpenBCI-RAW-2026-06-05_15-20-10.txt,blink-like,183207.0,732.828,-415.90441902845015,-7.805681749263556,7.705784887546864,0.13283541347703431,,,
Video,video,1,OpenBCI-RAW-2026-06-05_15-20-10.txt,blink-like,184721.0,738.884,-431.88779268936037,-8.095944776948654,1.5319971282482803,0.18261479166219943,,,
Video,video,1,OpenBCI-RAW-2026-06-05_15-20-10.txt,blink-like,185130.0,740.52,-325.0580944700512,-6.15588429224269,1.3671883555421203,0.08998845672653988,,,
Video,video,1,OpenBCI-RAW-2026-06-05_15-20-10.txt,blink-like,185513.0,742.052,-500.71300569722445,-9.345832011806477,2.0774473061954546,0.22082573233998845,,,
Video,video,1,OpenBCI-RAW-2026-06-05_15-20-10.txt,blink-like,186310.0,745.24,-355.9156041471459,-6.716266247624296,6.500529518815422,0.0943589340847684,,,
Video,video,1,OpenBCI-RAW-2026-06-05_15-20-10.txt,blink-like,186497.0,745.988,-358.45630456155806,-6.76240615590484,12.246444323999238,0.09506902961235028,,,
Video,video,1,OpenBCI-RAW-2026-06-05_15-20-10.txt,blink-like,186965.0,747.86,-326.8897241949247,-6.189147256671787,2.053260351254528,0.09970469612057786,,,
Video,video,1,OpenBCI-RAW-2026-06-05_15-20-10.txt,blink-like,187225.0,748.9,-349.78621963000035,-6.6049547219390785,13.976132255563162,0.10868566696916242,,,
Video,video,1,OpenBCI-RAW-2026-06-05_15-20-10.txt,blink-like,187589.0,750.356,-313.7032433696803,-5.949676671171568,8.039201310216257,0.08770223721291404,,,
Video,video,1,OpenBCI-RAW-2026-06-05_15-20-10.txt,blink-like,187952.0,751.808,-284.34395485114044,-5.41650287714876,8.847695982370093,0.08703951788577251,,,
Video,video,1,OpenBCI-RAW-2026-06-05_15-20-10.txt,blink-like,189431.0,757.724,-334.16666036132233,-6.32129867656229,8.168930052238457,0.0956966371757444,,,
Video,video,1,OpenBCI-RAW-2026-06-05_15-20-10.txt,blink-like,189859.0,759.436,-575.3626483103185,-10.701492696476551,1.7079528390508436,0.23635535522259307,,,
Video,video,1,OpenBCI-RAW-2026-06-05_15-20-10.txt,blink-like,190132.0,760.528,-359.5748117985334,-6.782718594566408,3.15011918932116,0.09451441103871912,,,
Video,video,1,OpenBCI-RAW-2026-06-05_15-20-10.txt,blink-like,190324.0,761.296,-301.52466296601006,-5.728509870227592,1.3729182579940578,0.09626996292883996,,,
Video,video,1,OpenBCI-RAW-2026-06-05_15-20-10.txt,blink-like,190496.0,761.984,-275.3917456603623,-5.2539279790507045,4.06763700175106,0.08366916592628695,,,
Video,video,1,OpenBCI-RAW-2026-06-05_15-20-10.txt,blink-like,190712.0,762.848,-353.545655510771,-6.67322724464242,7.340900335690845,0.09508618680294603,,,
Video,video,1,OpenBCI-RAW-2026-06-05_15-20-10.txt,blink-like,191221.0,764.884,-345.33473973871526,-6.524114465161264,1.3770332395185798,0.19465521017927676,,,
Video,video,1,OpenBCI-RAW-2026-06-05_15-20-10.txt,blink-like,191565.0,766.26,-481.53443483400287,-8.997543210985507,1.0734405634992181,0.18280286077782512,,,
Video,video,1,OpenBCI-RAW-2026-06-05_15-20-10.txt,blink-like,193364.0,773.456,-365.3777373194608,-6.88810152353183,1.3656054834487004,0.11383245013223495,,,
Video,video,1,OpenBCI-RAW-2026-06-05_15-20-10.txt,blink-like,193598.0,774.392,-288.6727456743884,-5.495115062362472,8.152066284847182,0.08887643514038064,,,
Video,video,1,OpenBCI-RAW-2026-06-05_15-20-10.txt,blink-like,193850.0,775.4,-363.12000599935953,-6.847100421851102,9.74573256181346,0.08949074233940336,,,
Video,video,1,OpenBCI-RAW-2026-06-05_15-20-10.txt,blink-like,194186.0,776.744,-319.2384729569051,-6.050198158875343,5.5283528529642565,0.0869234878505813,,,
Video,video,1,OpenBCI-RAW-2026-06-05_15-20-10.txt,blink-like,194298.0,777.192,-455.5559841184679,-8.525766481038879,34.21860562793558,0.09000734757026657,,,
Video,video,1,OpenBCI-RAW-2026-06-05_15-20-10.txt,blink-like,195028.0,780.112,-309.79305388235855,-5.878666416172136,9.266350095402977,0.09221653527463786,,,
Video,video,1,OpenBCI-RAW-2026-06-05_15-20-10.txt,blink-like,195499.0,781.996,-292.83310996157996,-5.570668569393753,0.6571584020414484,0.08036077810951975,,,
Video,video,1,OpenBCI-RAW-2026-06-05_15-20-10.txt,blink-like,195692.0,782.768,-350.024785471148,-6.609287151676558,0.8276327184034361,0.10339713978325017,,,
Video,video,1,OpenBCI-RAW-2026-06-05_15-20-10.txt,blink-like,196458.0,785.832,-276.24912382316245,-5.269498232658308,0.5873557972047524,0.10374534158955794,,,
Video,video,1,OpenBCI-RAW-2026-06-05_15-20-10.txt,blink-like,197144.0,788.576,-292.65844113764865,-5.56749652932561,2.044431498591705,0.0771416133523453,,,
Video,video,1,OpenBCI-RAW-2026-06-05_15-20-10.txt,blink-like,197901.0,791.604,-286.5730442473671,-5.4569838326001046,0.7488107527948172,0.08354966644349042,,,
Video,video,1,OpenBCI-RAW-2026-06-05_15-20-10.txt,blink-like,198607.0,794.428,-304.45464222596786,-5.781719203194,20.417458588741255,0.08230604905437212,,,
Video,video,1,OpenBCI-RAW-2026-06-05_15-20-10.txt,blink-like,198966.0,795.864,-432.27966083639916,-8.103061224153477,2.2007240001876553,0.08578487005736679,,,
Video,video,1,OpenBCI-RAW-2026-06-05_15-20-10.txt,blink-like,199463.0,797.852,-416.05581003537765,-7.808431056948362,6.621128286745917,0.09192576978798024,,,
Video,video,1,OpenBCI-RAW-2026-06-05_15-20-10.txt,blink-like,199706.0,798.824,-442.29066132282617,-8.28486410087993,3.2076979760230455,0.11506157202005853,,,
Video,video,1,OpenBCI-RAW-2026-06-05_15-20-10.txt,blink-like,200323.0,801.292,415.4902273163047,7.292703132984582,1.9847936808197317,0.1708143349844031,,,
Video,video,1,OpenBCI-RAW-2026-06-05_15-20-10.txt,blink-like,201072.0,804.288,-545.677053848911,-10.16239308523031,3.7237850032385804,0.10311782685678918,,,
Video,video,1,OpenBCI-RAW-2026-06-05_15-20-10.txt,blink-like,201318.0,805.272,-473.720563381986,-8.855640879617786,71.66637725815092,0.09003799472772517,,,
Video,video,1,OpenBCI-RAW-2026-06-05_15-20-10.txt,blink-like,202066.0,808.264,-353.42336166215046,-6.671006350385617,13.666065868670279,0.09508066906582098,,,
Video,video,1,OpenBCI-RAW-2026-06-05_15-20-10.txt,blink-like,202356.0,809.424,-348.5938620236529,-6.58330113764303,5.407191713412677,0.09157231083558873,,,
Video,video,1,OpenBCI-RAW-2026-06-05_15-20-10.txt,blink-like,202817.0,811.268,-364.1386563926324,-6.865599429230697,2.0218630770223687,0.08854595051659271,,,
Video,video,1,OpenBCI-RAW-2026-06-05_15-20-10.txt,blink-like,203624.0,814.496,-320.46821371978155,-6.0725306328994755,0.7582066766978164,0.19671927542611956,,,
Video,video,1,OpenBCI-RAW-2026-06-05_15-20-10.txt,blink-like,204640.0,818.56,-488.26328118507735,-9.119741149676472,1.2339008223962713,0.0978578387213638,,,
Video,video,1,OpenBCI-RAW-2026-06-05_15-20-10.txt,blink-like,205004.0,820.016,-278.33965042163175,-5.307462844685865,1.2018063532853551,0.097288706575986,,,
Video,video,1,OpenBCI-RAW-2026-06-05_15-20-10.txt,blink-like,205600.0,822.4,-367.87077616742476,-6.933375882969247,1.7912465248797187,0.18402388831635472,,,
Video,video,1,OpenBCI-RAW-2026-06-05_15-20-10.txt,blink-like,205993.0,823.972,-343.3380300379401,-6.487853597121081,0.5683143742844333,0.09162893213063944,,,
Video,video,1,OpenBCI-RAW-2026-06-05_15-20-10.txt,blink-like,206092.0,824.368,-432.14121167293877,-8.100546944363801,1.1337058628429861,0.09565605973871424,,,
Video,video,1,OpenBCI-RAW-2026-06-05_15-20-10.txt,blink-like,206278.0,825.112,-287.00663481613736,-5.464857971936206,3.198334180973831,0.08943742068123538,,,
Video,video,1,OpenBCI-RAW-2026-06-05_15-20-10.txt,blink-like,206474.0,825.896,-384.81329175745253,-7.241057225850609,2.51069072347441,0.08978448779555037,,,
Video,video,1,OpenBCI-RAW-2026-06-05_15-20-10.txt,blink-like,206772.0,827.088,-362.13317791460986,-6.829179317473453,7.606401183036133,0.08994867690547835,,,
Video,video,1,OpenBCI-RAW-2026-06-05_15-20-10.txt,blink-like,207115.0,828.46,-421.06045713878405,-7.8993170020278365,7.548206895877408,0.09960420564399101,,,
Video,video,1,OpenBCI-RAW-2026-06-05_15-20-10.txt,blink-like,207261.0,829.044,-291.780364618007,-5.551550387132007,8.816431317226069,0.07438424278958701,,,
Video,video,1,OpenBCI-RAW-2026-06-05_15-20-10.txt,blink-like,207468.0,829.872,-498.982284071614,-9.314401569786693,1.6716597372109614,0.42655210341326893,,,
Video,video,1,OpenBCI-RAW-2026-06-05_15-20-10.txt,blink-like,207614.0,830.456,378.52615113347065,6.6214240340886965,2.3157806955226192,0.3816722022347385,,,
Video,video,1,OpenBCI-RAW-2026-06-05_15-20-10.txt,blink-like,209287.0,837.148,-310.52032370855676,-5.891873861995203,7.165997318287913,0.09231929723103531,,,
Video,video,1,OpenBCI-RAW-2026-06-05_15-20-10.txt,blink-like,209727.0,838.908,-414.93492362284206,-7.788075411720011,2.2067848814866875,0.22686091773957015,,,
Video,video,1,OpenBCI-RAW-2026-06-05_15-20-10.txt,blink-like,209956.0,839.824,-366.4886973557752,-6.908276902686383,0.9385930790307397,0.26446986927127,,,
Video,video,1,OpenBCI-RAW-2026-06-05_15-20-10.txt,blink-like,210415.0,841.66,-477.5813695545958,-8.92575431829111,1.0279701767505358,0.0812996122308541,,,
Video,video,1,OpenBCI-RAW-2026-06-05_15-20-10.txt,blink-like,210566.0,842.264,-603.6967717231453,-11.216049173919371,1.121868958816567,0.3603795074012596,,,
Video,video,1,OpenBCI-RAW-2026-06-05_15-20-10.txt,blink-like,210719.0,842.876,2067.4769122395655,37.29329418680011,23.5660413281259,0.3150782012894051,,,
Video,video,1,OpenBCI-RAW-2026-06-05_15-20-10.txt,blink-like,210819.0,843.276,-1767.4610786355915,-32.3503702755021,14.749519069769422,0.42053714873234277,,,
Video,video,1,OpenBCI-RAW-2026-06-05_15-20-10.txt,blink-like,211023.0,844.092,595.9278359578699,10.56950612237155,8.244208037112532,0.6189346391524887,,,
Video,video,1,OpenBCI-RAW-2026-06-05_15-20-10.txt,blink-like,211325.0,845.3,-552.8359121821336,-10.292400175013352,1.014149698140391,0.10765151127486024,,,
Video,video,1,OpenBCI-RAW-2026-06-05_15-20-10.txt,blink-like,211834.0,847.336,-294.36022862287564,-5.59840151837349,6.1060177986372635,0.10814294575690292,,,
Video,video,1,OpenBCI-RAW-2026-06-05_15-20-10.txt,blink-like,212106.0,848.424,-345.54522046088454,-6.527936860419133,0.9656178390197722,0.08944217817659955,,,
Video,video,1,OpenBCI-RAW-2026-06-05_15-20-10.txt,blink-like,212300.0,849.2,-334.18504556456674,-6.3216325575608545,0.8226194383054115,0.08438592849869747,,,
Video,video,1,OpenBCI-RAW-2026-06-05_15-20-10.txt,blink-like,212579.0,850.316,-266.0900979769,-5.085007169443099,0.6301939300757163,0.10755640169186517,,,
Video,video,1,OpenBCI-RAW-2026-06-05_15-20-10.txt,blink-like,213638.0,854.552,-331.40048208927726,-6.271064020388031,0.7700385534315802,0.10894217705866321,,,
Video,video,1,OpenBCI-RAW-2026-06-05_15-20-10.txt,blink-like,215248.0,860.992,-350.19178426004214,-6.61231990152728,2.8267047765464564,0.10018431015813258,,,
Video,video,1,OpenBCI-RAW-2026-06-05_15-20-10.txt,blink-like,215487.0,861.948,-317.2050895092533,-6.013271284206596,4.403512416152667,0.08891912976116874,,,
Video,video,1,OpenBCI-RAW-2026-06-05_15-20-10.txt,blink-like,216775.0,867.1,-279.4915210794765,-5.3283811734280215,0.7221443171998597,0.07976010279986076,,,
Video,video,1,OpenBCI-RAW-2026-06-05_15-20-10.txt,blink-like,217401.0,869.604,-275.7866527139196,-5.261099613741326,8.858847127226312,0.08106935862556565,,,
Video,video,1,OpenBCI-RAW-2026-06-05_15-20-10.txt,blink-like,217607.0,870.428,-289.1978639858698,-5.50465137392079,10.164179237704191,0.08108850516797975,,,
Video,video,1,OpenBCI-RAW-2026-06-05_15-20-10.txt,blink-like,218258.0,873.032,-266.7156047000018,-5.096366565721804,0.41452732895575245,0.08467607061821036,,,
Video,video,1,OpenBCI-RAW-2026-06-05_15-20-10.txt,blink-like,219173.0,876.692,-305.7237476340497,-5.804766551395731,0.9268826136997333,0.10660706183675212,,,
Video,video,1,OpenBCI-RAW-2026-06-05_15-20-10.txt,blink-like,219287.0,877.148,-264.92899422999153,-5.063921164937153,0.8920439589110728,0.07918799384334124,,,
Video,video,1,OpenBCI-RAW-2026-06-05_15-20-10.txt,blink-like,219638.0,878.552,-336.6565839312985,-6.366516461584317,2.7344227174728934,0.09765108698047698,,,
Video,video,1,OpenBCI-RAW-2026-06-05_15-20-10.txt,blink-like,219926.0,879.704,-411.788589534139,-7.730937007896711,4.394394242406968,0.10045086672832258,,,
Video,video,1,OpenBCI-RAW-2026-06-05_15-20-10.txt,blink-like,220479.0,881.916,-346.64058824991133,-6.547829079522365,0.9805641542870218,0.08797948429884855,,,
Video,video,1,OpenBCI-RAW-2026-06-05_15-20-10.txt,blink-like,220770.0,883.08,-343.16006713984285,-6.484621735643447,0.7019889173322549,0.21818685533641838,,,
Video,video,1,OpenBCI-RAW-2026-06-05_15-20-10.txt,blink-like,220922.0,883.688,-592.9730257392009,-11.021302617687741,3.3438793916778464,0.11724362582736648,,,
Video,video,1,OpenBCI-RAW-2026-06-05_15-20-10.txt,blink-like,221298.0,885.192,-405.16125712704553,-7.610582593943219,0.9032665847639144,0.10839915579790249,,,
Video,video,1,OpenBCI-RAW-2026-06-05_15-20-10.txt,blink-like,221780.0,887.12,-361.89743711209337,-6.824898191314543,1.2157151572867375,0.10670097859739326,,,
Video,video,1,OpenBCI-RAW-2026-06-05_15-20-10.txt,blink-like,222242.0,888.968,-447.72300230792655,-8.383517099627586,0.8974524006208165,0.09604318657761905,,,
Video,video,1,OpenBCI-RAW-2026-06-05_15-20-10.txt,blink-like,222401.0,889.604,-278.39746556395477,-5.308512785619034,5.88167238017754,0.07329098479170353,,,
Video,video,1,OpenBCI-RAW-2026-06-05_15-20-10.txt,blink-like,222632.0,890.528,-366.0873718032634,-6.90098870606214,1.0234019476049205,0.09228387927997392,,,
Video,video,1,OpenBCI-RAW-2026-06-05_15-20-10.txt,blink-like,222809.0,891.236,-417.3813711957171,-7.832503659137655,0.846596289938519,0.09177739404351451,,,
Video,video,1,OpenBCI-RAW-2026-06-05_15-20-10.txt,blink-like,224415.0,897.66,-633.4750073197638,-11.756831176941281,1.1056340827843507,0.1113408258734271,,,
Video,video,1,OpenBCI-RAW-2026-06-05_15-20-10.txt,blink-like,227055.0,908.22,-434.9249441600819,-8.151100390533907,0.8658367863297591,0.18214367321762256,,,
Video,video,1,OpenBCI-RAW-2026-06-05_15-20-10.txt,blink-like,227596.0,910.384,-320.54655604131585,-6.073953353779739,0.8964271879633707,0.08666536949400325,,,
Video,video,1,OpenBCI-RAW-2026-06-05_15-20-10.txt,blink-like,228089.0,912.356,-371.28472600103765,-6.995374271800825,1.2310350644693593,0.08412060157791712,,,
Video,video,1,OpenBCI-RAW-2026-06-05_15-20-10.txt,blink-like,228338.0,913.352,-363.0137627217144,-6.845171010946075,3.3020304099824123,0.08979201621864923,,,
Video,video,1,OpenBCI-RAW-2026-06-05_15-20-10.txt,blink-like,228699.0,914.796,-284.09232547378184,-5.411933209538145,1.1054141153893187,0.08570367393037304,,,
Video,video,1,OpenBCI-RAW-2026-06-05_15-20-10.txt,blink-like,228917.0,915.668,-296.1174647357823,-5.630313471713936,2.1604203432581652,0.09767334985162597,,,
Video,video,1,OpenBCI-RAW-2026-06-05_15-20-10.txt,blink-like,229499.0,917.996,330.1586456789692,5.743055119449959,9.511056032594695,0.19073852855397855,,,
Video,video,1,OpenBCI-RAW-2026-06-05_15-20-10.txt,blink-like,229597.0,918.388,-366.9127624859344,-6.915978057100156,3.416030938583672,0.1209412395330146,,,
Video,video,1,OpenBCI-RAW-2026-06-05_15-20-10.txt,blink-like,230301.0,921.204,-361.1550762179834,-6.811416687013209,2.323611147383896,0.09198696767864749,,,
Video,video,1,OpenBCI-RAW-2026-06-05_15-20-10.txt,blink-like,230803.0,923.212,-395.549575870249,-7.436031478394627,1.3829859073391366,0.10232028676115443,,,
Video,video,1,OpenBCI-RAW-2026-06-05_15-20-10.txt,blink-like,231116.0,924.464,-357.55596103617336,-6.7460556379742,0.9373402887248281,0.07961566564987879,,,
Video,video,1,OpenBCI-RAW-2026-06-05_15-20-10.txt,blink-like,231488.0,925.952,-318.5153548134142,-6.037066108899121,0.9693960070330132,0.10507767428166699,,,
Video,video,1,OpenBCI-RAW-2026-06-05_15-20-10.txt,blink-like,231944.0,927.776,-317.52867295899955,-6.019147660109753,0.9215923779660253,0.08018102644709871,,,
Video,video,1,OpenBCI-RAW-2026-06-05_15-20-10.txt,blink-like,232814.0,931.256,-295.743086781852,-5.623514651845755,1.0449351795975028,0.09022938040131703,,,
Video,video,1,OpenBCI-RAW-2026-06-05_15-20-10.txt,blink-like,233077.0,932.308,-298.3455872388824,-5.670776868085932,8.183477789264668,0.08800578482542187,,,
Video,video,1,OpenBCI-RAW-2026-06-05_15-20-10.txt,blink-like,233288.0,933.152,-309.1773777777559,-5.867485546977268,1.11162483086129,0.09195400353893637,,,
Video,video,1,OpenBCI-RAW-2026-06-05_15-20-10.txt,blink-like,233443.0,933.772,-322.09034638919195,-6.101989065763465,1.727655428174354,0.07889042581466492,,,
Video,video,1,OpenBCI-RAW-2026-06-05_15-20-10.txt,blink-like,233579.0,934.316,-287.9864992084497,-5.482652613497328,2.2589034635279495,0.07929685984249227,,,
Video,video,1,OpenBCI-RAW-2026-06-05_15-20-10.txt,blink-like,233813.0,935.252,-358.782647789279,-6.768332650232785,0.9462598482858889,0.11504875518532935,,,
Video,video,1,OpenBCI-RAW-2026-06-05_15-20-10.txt,blink-like,234808.0,939.232,-282.3077858629399,-5.379525416198884,2.044720219952424,0.09227460406150204,,,
Video,video,1,OpenBCI-RAW-2026-06-05_15-20-10.txt,blink-like,235499.0,941.996,-290.81696198920133,-5.534054696306682,5.49142782145076,0.07686676980671472,,,
Video,video,1,OpenBCI-RAW-2026-06-05_15-20-10.txt,blink-like,235656.0,942.624,-427.10670497257695,-8.00911873973377,8.729910034614253,0.07830364616052247,,,
Video,video,1,OpenBCI-RAW-2026-06-05_15-20-10.txt,blink-like,235763.0,943.052,-328.31929404460544,-6.215108688948783,9.744993536808728,0.0824818788676057,,,
Video,video,1,OpenBCI-RAW-2026-06-05_15-20-10.txt,blink-like,236267.0,945.068,-435.5537798546305,-8.16252024196756,5.454917611814661,0.08678494232415687,,,
Video,video,1,OpenBCI-RAW-2026-06-05_15-20-10.txt,blink-like,236538.0,946.152,-387.3977349920174,-7.287991517324987,12.546133439369434,0.08509311026474461,,,
Video,video,1,OpenBCI-RAW-2026-06-05_15-20-10.txt,blink-like,236899.0,947.596,-357.1409393403091,-6.738518715134738,15.560334559151293,0.08643138486146927,,,
Video,video,1,OpenBCI-RAW-2026-06-05_15-20-10.txt,blink-like,238003.0,952.012,-540.903436829352,-10.075702718196283,2.523431899103869,0.11750380868802313,,,
Video,video,1,OpenBCI-RAW-2026-06-05_15-20-10.txt,blink-like,239210.0,956.84,-503.85947384881933,-9.40297285025351,1.987769299469304,0.1017643096158281,,,
Video,video,1,OpenBCI-RAW-2026-06-05_15-20-10.txt,blink-like,239446.0,957.784,-330.72518424423345,-6.2588004018773145,4.790897011660186,0.09320673402433749,,,
Video,video,1,OpenBCI-RAW-2026-06-05_15-20-10.txt,blink-like,239687.0,958.748,-331.2825886186918,-6.268923038362432,1.4723945762298918,0.11853193304536398,,,
Video,video,1,OpenBCI-RAW-2026-06-05_15-20-10.txt,blink-like,240216.0,960.864,-424.38607369809586,-7.959711231175238,1.232100654803266,0.09844255070318468,,,
Video,video,1,OpenBCI-RAW-2026-06-05_15-20-10.txt,blink-like,240474.0,961.896,-327.2990588869,-6.196580901755107,8.255169615878765,0.06891515633207745,,,
Video,video,1,OpenBCI-RAW-2026-06-05_15-20-10.txt,blink-like,240663.0,962.652,-551.203586141632,-10.262756627365837,4.977096000209324,0.22121120253636037,,,
Video,video,1,OpenBCI-RAW-2026-06-05_15-20-10.txt,blink-like,241045.0,964.18,-607.6623364130123,-11.288065059788137,18.73494405650454,0.17850003053375985,,,
Video,video,1,OpenBCI-RAW-2026-06-05_15-20-10.txt,blink-like,241274.0,965.096,-503.987865472323,-9.405304481995234,2.9936007435109455,0.40154413470509465,,,
Video,video,1,OpenBCI-RAW-2026-06-05_15-20-10.txt,blink-like,241716.0,966.864,-329.209764643987,-6.231279911478179,2.0822063646605278,0.0936976851838408,,,
Video,video,1,OpenBCI-RAW-2026-06-05_15-20-10.txt,blink-like,242219.0,968.876,-483.73700004316856,-9.037542478965449,3.936149178565651,0.21352945104241372,,,
Video,video,1,OpenBCI-RAW-2026-06-05_15-20-10.txt,blink-like,242645.0,970.58,-332.0056014014817,-6.282053174955615,7.491572191739052,0.07736617511918302,,,
Video,video,1,OpenBCI-RAW-2026-06-05_15-20-10.txt,blink-like,242745.0,970.98,-595.8091380494625,-11.07280729770688,8.914959539962915,0.11185952000820544,,,
Video,video,1,OpenBCI-RAW-2026-06-05_15-20-10.txt,blink-like,243449.0,973.796,-395.3843217372166,-7.433030412035979,21.566739772667272,0.08946225427091122,,,
Video,video,1,OpenBCI-RAW-2026-06-05_15-20-10.txt,blink-like,243878.0,975.512,-317.6468146332878,-6.021293149591649,1.9441220044346514,0.08027837664005347,,,
Video,video,1,OpenBCI-RAW-2026-06-05_15-20-10.txt,blink-like,244106.0,976.424,-337.8158557232334,-6.387569197219217,6.869234425669943,0.08706592109950725,,,
Video,video,1,OpenBCI-RAW-2026-06-05_15-20-10.txt,blink-like,244218.0,976.872,-309.67925711064106,-5.8765998314697905,1.7479449662339055,0.07834574391809292,,,
Video,video,1,OpenBCI-RAW-2026-06-05_15-20-10.txt,blink-like,244510.0,978.04,-417.3751485652823,-7.832390654237157,22.49203613827895,0.08756252843339461,,,
Video,video,1,OpenBCI-RAW-2026-06-05_15-20-10.txt,blink-like,244899.0,979.596,-341.5986877248655,-6.456266600740676,7.730052594196404,0.08191846369078848,,,
Video,video,1,OpenBCI-RAW-2026-06-05_15-20-10.txt,blink-like,245142.0,980.568,-368.45398815829304,-6.943967193780287,5.350965895195016,0.09311261911457404,,,
Video,video,1,OpenBCI-RAW-2026-06-05_15-20-10.txt,blink-like,245334.0,981.336,-362.994396206905,-6.844819309024845,18.701773722099087,0.08560853840934578,,,
Video,video,1,OpenBCI-RAW-2026-06-05_15-20-10.txt,blink-like,245591.0,982.364,-394.49743772002125,-7.416924322952531,25.118878654976697,0.09072607728396542,,,
Video,video,1,OpenBCI-RAW-2026-06-05_15-20-10.txt,blink-like,245923.0,983.692,-402.9345022867294,-7.570144034751968,1.08180766112056,0.26023454691993536,,,
Video,video,1,OpenBCI-RAW-2026-06-05_15-20-10.txt,blink-like,246297.0,985.188,-287.8426646507604,-5.480040533276571,3.3271046711395504,0.08516245374688879,,,
Video,video,1,OpenBCI-RAW-2026-06-05_15-20-10.txt,blink-like,246531.0,986.124,-265.67137244812284,-5.077402983848092,6.2046096491043645,0.07694615233759396,,,
Video,video,1,OpenBCI-RAW-2026-06-05_15-20-10.txt,blink-like,246683.0,986.732,-326.9365679467914,-6.189997953748224,1.619408905109395,0.08326832763664424,,,
Video,video,1,OpenBCI-RAW-2026-06-05_15-20-10.txt,blink-like,247637.0,990.548,-343.0972773141465,-6.483481452915839,6.790701304925072,0.09005450090800877,,,
Video,video,1,OpenBCI-RAW-2026-06-05_15-20-10.txt,blink-like,248067.0,992.268,-298.7894579903447,-5.67883769873118,1.0642407664023417,0.07662106979137752,,,
Video,video,1,OpenBCI-RAW-2026-06-05_15-20-10.txt,blink-like,248166.0,992.664,-279.983956076305,-5.337323945845782,0.7496750923127842,0.11545144750806503,,,
Video,video,1,OpenBCI-RAW-2026-06-05_15-20-10.txt,blink-like,248526.0,994.104,-291.07171890394653,-5.538681160967175,8.457614219014005,0.1000211809836328,,,
Video,video,1,OpenBCI-RAW-2026-06-05_15-20-10.txt,blink-like,248822.0,995.288,-326.46340203164755,-6.181405113835901,0.8732549389129333,0.09829994888661894,,,
Video,video,1,OpenBCI-RAW-2026-06-05_15-20-10.txt,blink-like,249213.0,996.852,-332.85234685505293,-6.297430335262719,1.164503034026583,0.09713263023574836,,,
Video,video,1,OpenBCI-RAW-2026-06-05_15-20-10.txt,blink-like,249703.0,998.812,-300.80226198176825,-5.715390844085975,3.091716036516286,0.07525701250159182,,,
Video,video,1,OpenBCI-RAW-2026-06-05_15-20-10.txt,blink-like,251205.0,1004.82,-284.0931643893671,-5.4119484445056125,0.8169741336872862,0.08245215444709174,,,
Video,video,1,OpenBCI-RAW-2026-06-05_15-20-10.txt,blink-like,251485.0,1005.94,-616.2104270511692,-11.44330103951288,4.338993812054286,0.1730766771620838,,,
Video,video,1,OpenBCI-RAW-2026-06-05_15-20-10.txt,blink-like,251883.0,1007.532,-285.4718820379404,-5.4369863850235465,2.9526038126904823,0.08001615979056806,,,
Video,video,1,OpenBCI-RAW-2026-06-05_15-20-10.txt,blink-like,252182.0,1008.728,-319.00125595847135,-6.045890224540293,2.68879503386849,0.09104986989614554,,,
Video,video,1,OpenBCI-RAW-2026-06-05_15-20-10.txt,blink-like,253868.0,1015.472,-273.9464339582075,-5.227680669845755,2.8094788352350837,0.09815146783611271,,,
Video,video,1,OpenBCI-RAW-2026-06-05_15-20-10.txt,blink-like,254244.0,1016.976,-394.4189612138908,-7.415499165238344,0.7308262624224255,0.08387550774798729,,,
Video,video,1,OpenBCI-RAW-2026-06-05_15-20-10.txt,blink-like,254721.0,1018.884,-463.68528618785075,-8.673397130342702,3.729989126788858,0.27004060020064935,,,
Video,video,1,OpenBCI-RAW-2026-06-05_15-20-10.txt,blink-like,255282.0,1021.128,-270.83855815931213,-5.1712406805046545,7.058075553569494,0.08775935500802007,,,
Video,video,1,OpenBCI-RAW-2026-06-05_15-20-10.txt,blink-like,255562.0,1022.248,-359.446390612171,-6.780386425953994,0.6952152536405167,0.08673530256352388,,,
Video,video,1,OpenBCI-RAW-2026-06-05_15-20-10.txt,blink-like,255660.0,1022.64,-390.31380015065986,-7.340948165891907,0.9031826361142269,0.09517949770449195,,,
Video,video,1,OpenBCI-RAW-2026-06-05_15-20-10.txt,blink-like,257137.0,1028.548,-312.0086385688149,-5.918902121901544,0.9527341767871307,0.08730628051236272,,,
Video,video,1,OpenBCI-RAW-2026-06-05_15-20-10.txt,blink-like,257339.0,1029.356,-395.05173645189547,-7.426990560004182,2.653028196927427,0.08800179988052696,,,
Video,video,1,OpenBCI-RAW-2026-06-05_15-20-10.txt,blink-like,257438.0,1029.752,-415.5653564401616,-7.799524267399007,1.2381859382596851,0.09271447221213021,,,
Video,video,1,OpenBCI-RAW-2026-06-05_15-20-10.txt,blink-like,257614.0,1030.456,-345.7518776822224,-6.531689819714905,0.7267730033370753,0.1018205441320315,,,
Video,video,1,OpenBCI-RAW-2026-06-05_15-20-10.txt,blink-like,257779.0,1031.116,-393.77732074984397,-7.403846775215393,2.4065510768860583,0.09054320978769101,,,
Video,video,1,OpenBCI-RAW-2026-06-05_15-20-10.txt,blink-like,258257.0,1033.028,-367.27591231947804,-6.92257297081637,0.8318065278156824,0.09961858339211903,,,
Video,video,1,OpenBCI-RAW-2026-06-05_15-20-10.txt,blink-like,258948.0,1035.792,-310.21519989744905,-5.8863327188604755,0.5703434073797499,0.09102815905504394,,,
Video,video,1,OpenBCI-RAW-2026-06-05_15-20-10.txt,blink-like,262131.0,1048.524,-299.6398688334123,-5.694281423649451,2.528677376666806,0.09599571208131966,,,
Video,video,1,OpenBCI-RAW-2026-06-05_15-20-10.txt,blink-like,262373.0,1049.492,-435.6498263881786,-8.164264476834227,1.595506395955443,0.10532502204435877,,,
Video,video,1,OpenBCI-RAW-2026-06-05_15-20-10.txt,blink-like,262556.0,1050.224,-378.0660731937586,-7.118525642074861,1.2389867359296358,0.08919500882178545,,,
Video,video,1,OpenBCI-RAW-2026-06-05_15-20-10.txt,blink-like,262745.0,1050.98,-346.9420845974494,-6.55330434679253,4.921698934810488,0.08686331356107257,,,
Video,video,1,OpenBCI-RAW-2026-06-05_15-20-10.txt,blink-like,263275.0,1053.1,-338.45738108437627,-6.399219496937699,1.0038422002595295,0.1005575359808281,,,
Video,video,1,OpenBCI-RAW-2026-06-05_15-20-10.txt,blink-like,263463.0,1053.852,-277.28773322415793,-5.288359701814375,0.8184851434246339,0.10040746772941202,,,
Video,video,1,OpenBCI-RAW-2026-06-05_15-20-10.txt,blink-like,264330.0,1057.32,-466.16157827928294,-8.718367363482509,2.656851500281472,0.08915159107022919,,,
Video,video,1,OpenBCI-RAW-2026-06-05_15-20-10.txt,blink-like,264471.0,1057.884,-305.20565750298755,-5.795357873775708,0.888895880939189,0.0921270024892874,,,
Video,video,1,OpenBCI-RAW-2026-06-05_15-20-10.txt,blink-like,264679.0,1058.716,-412.55024625511453,-7.744768930404269,0.8928062207149199,0.1554318873824086,,,
Video,video,1,OpenBCI-RAW-2026-06-05_15-20-10.txt,blink-like,264773.0,1059.092,-281.92308808399343,-5.3725391851046425,2.6552923218520577,0.07570182974869386,,,
Video,video,1,OpenBCI-RAW-2026-06-05_15-20-10.txt,blink-like,264900.0,1059.6,-263.6389134174019,-5.040492896877793,4.059719389766175,0.08220881557976827,,,
Video,video,1,OpenBCI-RAW-2026-06-05_15-20-10.txt,blink-like,265556.0,1062.224,-309.7632841933278,-5.878125789377403,2.330989958857956,0.09398840763582848,,,
Video,video,1,OpenBCI-RAW-2026-06-05_15-20-10.txt,blink-like,265998.0,1063.992,-277.8206581128398,-5.29803778323819,0.8239902439139434,0.0819001101073809,,,
Video,video,1,OpenBCI-RAW-2026-06-05_15-20-10.txt,blink-like,266138.0,1064.552,-276.08584987589495,-5.266533127087895,2.2432223319602542,0.07022387291211635,,,
Video,video,1,OpenBCI-RAW-2026-06-05_15-20-10.txt,blink-like,266298.0,1065.192,-406.730523373121,-7.639080956147182,1.077403667598057,0.09369386768294498,,,
Video,video,1,OpenBCI-RAW-2026-06-05_15-20-10.txt,blink-like,266528.0,1066.112,-387.1369839042667,-7.283256196621836,4.945775394470572,0.09531744760670699,,,
Video,video,1,OpenBCI-RAW-2026-06-05_15-20-10.txt,blink-like,266850.0,1067.4,-624.3274826063025,-11.590709288316027,1.5511468563416315,0.3197246828530915,,,
Video,video,1,OpenBCI-RAW-2026-06-05_15-20-10.txt,blink-like,268631.0,1074.524,-399.3025938144556,-7.504187449377531,9.820358970733755,0.08174660151009448,,,
Video,video,1,OpenBCI-RAW-2026-06-05_15-20-10.txt,blink-like,268977.0,1075.908,-437.9190715514193,-8.205474673480815,1.0674342355319226,0.23408184038382024,,,
Video,video,1,OpenBCI-RAW-2026-06-05_15-20-10.txt,blink-like,269152.0,1076.608,387.5740259128596,6.785736248975095,1.4024441969273782,0.2699933917231392,,,
Video,video,1,OpenBCI-RAW-2026-06-05_15-20-10.txt,blink-like,269387.0,1077.548,-339.8275923217607,-6.424102958387645,1.0388016118330625,0.1037585340787191,,,
Video,video,1,OpenBCI-RAW-2026-06-05_15-20-10.txt,blink-like,269686.0,1078.744,-429.80570723278396,-8.058133458678405,4.867187203894936,0.0871596964863129,,,
Video,video,1,OpenBCI-RAW-2026-06-05_15-20-10.txt,blink-like,270023.0,1080.092,-532.0176523269064,-9.914334113059743,1.7651889666826976,0.09039474541321396,,,
Video,video,1,OpenBCI-RAW-2026-06-05_15-20-10.txt,blink-like,270291.0,1081.164,-501.4852011267234,-9.359855320532537,3.8571455220210202,0.08456119962432422,,,
Video,video,1,OpenBCI-RAW-2026-06-05_15-20-10.txt,blink-like,270451.0,1081.804,-415.8403623377266,-7.8045184598737585,1.2748455750314733,0.08022654470498673,,,
Video,video,1,OpenBCI-RAW-2026-06-05_15-20-10.txt,blink-like,270832.0,1083.328,-330.26273604107337,-6.250402198941907,1.1269125130984647,0.23266337390313857,,,
Video,video,1,OpenBCI-RAW-2026-06-05_15-20-10.txt,blink-like,271042.0,1084.168,300.86106543621577,5.21100196687263,0.6689871589220776,0.21351862380839884,,,
Video,video,1,OpenBCI-RAW-2026-06-05_15-20-10.txt,blink-like,272873.0,1091.492,-279.2470417269558,-5.323941352488172,0.6979219170123226,0.0887925455479417,,,
Video,video,1,OpenBCI-RAW-2026-06-05_15-20-10.txt,blink-like,275194.0,1100.776,-376.0621953353179,-7.0821345980661325,1.3266318128603376,0.11174915506807157,,,
Video,video,1,OpenBCI-RAW-2026-06-05_15-20-10.txt,blink-like,275491.0,1101.964,-486.7300041924652,-9.091896363488187,4.89534145911155,0.10696895959088579,,,
Video,video,1,OpenBCI-RAW-2026-06-05_15-20-10.txt,blink-like,275942.0,1103.768,-390.2773231018248,-7.340285731360843,2.7534161231632606,0.08384487440483644,,,
Video,video,1,OpenBCI-RAW-2026-06-05_15-20-10.txt,blink-like,276212.0,1104.848,-280.6917510505167,-5.350177722310849,5.070534061096761,0.07669356656796299,,,
Video,video,1,OpenBCI-RAW-2026-06-05_15-20-10.txt,blink-like,276389.0,1105.556,-305.20176677250714,-5.795287216902315,7.717435044800699,0.07415888405358419,,,
Video,video,1,OpenBCI-RAW-2026-06-05_15-20-10.txt,blink-like,276677.0,1106.708,-323.60778099495997,-6.1295461492884264,3.780781094099734,0.08415344784688204,,,
Video,video,1,OpenBCI-RAW-2026-06-05_15-20-10.txt,blink-like,276974.0,1107.896,-446.82376223930027,-8.367186620814243,4.895536050314767,0.08793586068670266,,,
Video,video,1,OpenBCI-RAW-2026-06-05_15-20-10.txt,blink-like,277328.0,1109.312,-349.4750041108128,-6.599302951494464,0.9319227055100544,0.0815308605004102,,,
Video,video,1,OpenBCI-RAW-2026-06-05_15-20-10.txt,blink-like,277643.0,1110.572,-559.5174630043791,-10.413739212217992,13.571699954673022,0.12398530169925652,,,
Video,video,1,OpenBCI-RAW-2026-06-05_15-20-10.txt,blink-like,278044.0,1112.176,-307.0653867974755,-5.829131135112452,3.961493369998882,0.08898853498091921,,,
Video,video,1,OpenBCI-RAW-2026-06-05_15-20-10.txt,blink-like,278348.0,1113.392,-332.9971116588586,-6.300059309041743,3.6459245644686247,0.0803672475691419,,,
Video,video,1,OpenBCI-RAW-2026-06-05_15-20-10.txt,blink-like,278526.0,1114.104,-306.2632699105773,-5.814564443430969,3.0389064771320524,0.08627880057319999,,,
Video,video,1,OpenBCI-RAW-2026-06-05_15-20-10.txt,blink-like,279828.0,1119.312,-556.4701993772261,-10.358399958732646,2.010982661734761,0.1269530214057304,,,
Video,video,1,OpenBCI-RAW-2026-06-05_15-20-10.txt,blink-like,280975.0,1123.9,-476.4204610526542,-8.904671859494377,1.2726665063854625,0.10472272667568178,,,
Video,video,1,OpenBCI-RAW-2026-06-05_15-20-10.txt,blink-like,282554.0,1130.216,-370.6084999970856,-6.983093797636189,1.0937632864096734,0.09366072057792917,,,
Video,video,1,OpenBCI-RAW-2026-06-05_15-20-10.txt,blink-like,282828.0,1131.312,-270.71639764169015,-5.169022207580177,4.928652976866098,0.09342586221289821,,,
Video,video,1,OpenBCI-RAW-2026-06-05_15-20-10.txt,blink-like,283046.0,1132.184,-323.0829526106022,-6.120015102896679,1.121386845715811,0.08262989522516727,,,
Video,video,1,OpenBCI-RAW-2026-06-05_15-20-10.txt,blink-like,283266.0,1133.064,-294.5594373601704,-5.602019210886675,3.8071912866359052,0.08631154689798132,,,
Video,video,1,OpenBCI-RAW-2026-06-05_15-20-10.txt,blink-like,283465.0,1133.86,-353.2935723821152,-6.668649336767382,2.3437505861585293,0.09166015160526149,,,
Video,video,1,OpenBCI-RAW-2026-06-05_15-20-10.txt,blink-like,283801.0,1135.204,-460.30724096441236,-8.6120507803784,1.0384346146677412,0.09284358884533868,,,
Video,video,1,OpenBCI-RAW-2026-06-05_15-20-10.txt,blink-like,283941.0,1135.764,-320.74020617125586,-6.077470100257704,4.550201708079769,0.07298558549629525,,,
Video,video,1,OpenBCI-RAW-2026-06-05_15-20-10.txt,blink-like,284030.0,1136.12,-368.4927904652667,-6.944671855721018,8.030237305131923,0.07566635070322081,,,
Video,video,1,OpenBCI-RAW-2026-06-05_15-20-10.txt,blink-like,284307.0,1137.228,-390.9069453850013,-7.351719867488172,3.8557236142842655,0.09434528230084106,,,
Video,video,1,OpenBCI-RAW-2026-06-05_15-20-10.txt,blink-like,284496.0,1137.984,-534.6730114391645,-9.962556258888707,5.037625021691468,0.09755034779245034,,,
Video,video,1,OpenBCI-RAW-2026-06-05_15-20-10.txt,blink-like,284979.0,1139.916,-392.65876656593525,-7.383533483982941,6.264140539737872,0.1055736193296034,,,
Video,video,1,OpenBCI-RAW-2026-06-05_15-20-10.txt,blink-like,285138.0,1140.552,-378.8834538100298,-7.133369527820348,6.931657489808191,0.08303214043122717,,,
Video,video,1,OpenBCI-RAW-2026-06-05_15-20-10.txt,blink-like,285589.0,1142.356,-365.2468566832672,-6.885724690546951,4.512318177488198,0.08413838472380303,,,
Video,video,1,OpenBCI-RAW-2026-06-05_15-20-10.txt,blink-like,285720.0,1142.88,-384.38056771285227,-7.233198822862446,12.278390984814045,0.10436639157007449,,,
Video,video,1,OpenBCI-RAW-2026-06-05_15-20-10.txt,blink-like,286334.0,1145.336,-515.5375087330976,-9.61504958917208,1.14040651885121,0.11299012193176895,,,
Video,video,1,OpenBCI-RAW-2026-06-05_15-20-10.txt,blink-like,286534.0,1146.136,-331.76976988232707,-6.277770401354394,10.085217533076259,0.09247957554925233,,,
Video,video,1,OpenBCI-RAW-2026-06-05_15-20-10.txt,blink-like,286795.0,1147.18,-519.4439958120727,-9.685992607286533,6.934868885416354,0.11605942851933651,,,
Video,video,1,OpenBCI-RAW-2026-06-05_15-20-10.txt,blink-like,287164.0,1148.656,-270.8595182037917,-5.171621321419403,1.6113064673268092,0.07556481366208755,,,
Video,video,1,OpenBCI-RAW-2026-06-05_15-20-10.txt,blink-like,287354.0,1149.416,-588.9528585618336,-10.948295133694751,1.942607084104621,0.17794695217511616,,,
Video,video,1,OpenBCI-RAW-2026-06-05_15-20-10.txt,blink-like,287905.0,1151.62,-333.8845653943065,-6.316175744385525,2.6296995066696054,0.09239428880088962,,,
Video,video,1,OpenBCI-RAW-2026-06-05_15-20-10.txt,blink-like,288182.0,1152.728,-377.4735590209862,-7.107765400752601,2.754158312956791,0.09595135359675623,,,
Video,video,1,OpenBCI-RAW-2026-06-05_15-20-10.txt,blink-like,288601.0,1154.404,-282.1975571500569,-5.3775236285526695,1.7090366375245418,0.091119667268591,,,
Video,video,1,OpenBCI-RAW-2026-06-05_15-20-10.txt,blink-like,288755.0,1155.02,-277.2035407770324,-5.286830740837217,1.1751163044800532,0.06327783154672943,,,
Video,video,1,OpenBCI-RAW-2026-06-05_15-20-10.txt,blink-like,288868.0,1155.472,-338.6094021927888,-6.401980247461088,5.2380411398315125,0.10328197667794302,,,
Video,video,1,OpenBCI-RAW-2026-06-05_15-20-10.txt,blink-like,289082.0,1156.328,-411.5948300447086,-7.72741827541645,24.098419181148614,0.08704839319642634,,,
Video,video,1,OpenBCI-RAW-2026-06-05_15-20-10.txt,blink-like,289242.0,1156.968,-291.85408321771354,-5.552889139788453,14.186000584446177,0.07658463145466521,,,
Video,video,1,OpenBCI-RAW-2026-06-05_15-20-10.txt,blink-like,289349.0,1157.396,-302.3373291861934,-5.743268141076551,7.764256192961446,0.07713766918610782,,,
Video,video,1,OpenBCI-RAW-2026-06-05_15-20-10.txt,blink-like,289454.0,1157.816,-403.6748164584935,-7.5835883699401005,4.078049430372792,0.0985137965325266,,,
Video,video,1,OpenBCI-RAW-2026-06-05_15-20-10.txt,blink-like,289753.0,1159.012,-368.8582168254872,-6.9513081118684275,7.0656485566751135,0.09994032060471364,,,
Video,video,1,OpenBCI-RAW-2026-06-05_15-20-10.txt,blink-like,289879.0,1159.516,-479.4763874561622,-8.960168431687666,10.93844148726531,0.1834185150093399,,,
Video,video,1,OpenBCI-RAW-2026-06-05_15-20-10.txt,blink-like,290267.0,1161.068,-452.85727046008054,-8.476757003192883,2.4906249644315843,0.19475121174310334,,,
Video,video,1,OpenBCI-RAW-2026-06-05_15-20-10.txt,blink-like,290485.0,1161.94,-453.6781287079325,-8.491664043807502,13.807567877586294,0.09674958043638617,,,
Video,video,1,OpenBCI-RAW-2026-06-05_15-20-10.txt,blink-like,290659.0,1162.636,-372.08689003478804,-7.009941819683781,7.272485033577891,0.08906449264031835,,,
Video,video,1,OpenBCI-RAW-2026-06-05_15-20-10.txt,blink-like,290818.0,1163.272,-408.2869564247304,-7.667346263555604,2.047933267244445,0.09240835458994844,,,
Video,video,1,OpenBCI-RAW-2026-06-05_15-20-10.txt,blink-like,291133.0,1164.532,-350.42749220757776,-6.6166004310295365,7.607395336458077,0.0889733631471172,,,
Video,video,1,OpenBCI-RAW-2026-06-05_15-20-10.txt,blink-like,291604.0,1166.416,-321.26680221735666,-6.087033247935471,9.331234474132824,0.09233310429775156,,,
Video,video,1,OpenBCI-RAW-2026-06-05_15-20-10.txt,blink-like,291861.0,1167.444,-337.45576058755506,-6.38102975776456,11.961671720934815,0.0962250852137804,,,
Video,video,1,OpenBCI-RAW-2026-06-05_15-20-10.txt,blink-like,292119.0,1168.476,-277.22995919306305,-5.287310507473872,15.244633905089154,0.08904355324618518,,,
Video,video,1,OpenBCI-RAW-2026-06-05_15-20-10.txt,blink-like,292257.0,1169.028,-346.9346341168194,-6.553169043751303,10.901875516656231,0.09129177348013036,,,
Video,video,1,OpenBCI-RAW-2026-06-05_15-20-10.txt,blink-like,292653.0,1170.612,-317.9275572763529,-6.0263915231456435,7.2748785469631905,0.08924920622911305,,,
Video,video,1,OpenBCI-RAW-2026-06-05_15-20-10.txt,blink-like,293440.0,1173.76,-357.4159618887485,-6.743513209994538,3.924743266475323,0.09949703172058798,,,
Video,video,1,OpenBCI-RAW-2026-06-05_15-20-10.txt,blink-like,293870.0,1175.48,-346.59777971547163,-6.5470516632471245,6.437618438859863,0.09545448823017068,,,
Video,video,1,OpenBCI-RAW-2026-06-05_15-20-10.txt,blink-like,294053.0,1176.212,-275.8686701787683,-5.262589076365119,3.759496849851914,0.08307719768001698,,,
Video,video,1,OpenBCI-RAW-2026-06-05_15-20-10.txt,blink-like,294214.0,1176.856,-324.6272706081777,-6.148060397162753,3.579083229864531,0.08924839151906781,,,
Video,video,1,OpenBCI-RAW-2026-06-05_15-20-10.txt,blink-like,294427.0,1177.708,-349.36087716490425,-6.597230370726307,1.2548898044297345,0.08330289386585354,,,
Video,video,1,OpenBCI-RAW-2026-06-05_15-20-10.txt,blink-like,294608.0,1178.432,-326.0805042784708,-6.1744515717684525,9.634060874748098,0.09009244315885008,,,
Video,video,1,OpenBCI-RAW-2026-06-05_15-20-10.txt,blink-like,294788.0,1179.152,-312.48141238284245,-5.927487841135868,5.6528108162851955,0.08352316013746895,,,
Video,video,1,OpenBCI-RAW-2026-06-05_15-20-10.txt,blink-like,295012.0,1180.048,-306.2116480844818,-5.813626975043192,1.2264582219063753,0.0925169880350586,,,
Video,video,1,OpenBCI-RAW-2026-06-05_15-20-10.txt,blink-like,295313.0,1181.252,-344.8509582795638,-6.515328843674191,13.574585160046064,0.09180338838952594,,,
Video,video,1,OpenBCI-RAW-2026-06-05_15-20-10.txt,blink-like,295583.0,1182.332,-364.0324615823765,-6.863670898508506,10.81942757301819,0.09366859108163043,,,
Video,video,1,OpenBCI-RAW-2026-06-05_15-20-10.txt,blink-like,295770.0,1183.08,-287.2043522138231,-5.468448581259106,12.9844726497344,0.08860539284604602,,,
Video,video,1,OpenBCI-RAW-2026-06-05_15-20-10.txt,blink-like,296086.0,1184.344,-367.08292619344894,-6.919068282855566,32.261831898730435,0.09388218632293865,,,
Video,video,1,OpenBCI-RAW-2026-06-05_15-20-10.txt,blink-like,296339.0,1185.356,-308.5076842358966,-5.855323704352226,1.2372954379432117,0.08323674528021366,,,
Video,video,1,OpenBCI-RAW-2026-06-05_15-20-10.txt,blink-like,296963.0,1187.852,-384.2610286680276,-7.231027956697798,1.1846216259018953,0.08625697222794407,,,
Video,video,1,OpenBCI-RAW-2026-06-05_15-20-10.txt,blink-like,297133.0,1188.532,-332.99052093609015,-6.299939619470193,6.593868093472413,0.08652426558639854,,,
Video,video,1,OpenBCI-RAW-2026-06-05_15-20-10.txt,blink-like,298117.0,1192.468,-371.5712905475919,-7.00057837292958,2.3924160240503225,0.11805284072412178,,,
Video,video,1,OpenBCI-RAW-2026-06-05_15-20-10.txt,blink-like,298680.0,1194.72,-290.97823609272996,-5.536983484093951,4.5617924028498695,0.08632034942228348,,,
Video,video,1,OpenBCI-RAW-2026-06-05_15-20-10.txt,blink-like,299261.0,1197.044,-282.82244985549016,-5.388871874079894,12.906815247417978,0.10076365416683257,,,
Video,video,1,OpenBCI-RAW-2026-06-05_15-20-10.txt,blink-like,299571.0,1198.284,-307.1083611164465,-5.829911562086247,1.3577515173891759,0.10826742998487317,,,
Video,video,1,OpenBCI-RAW-2026-06-05_15-20-10.txt,blink-like,299742.0,1198.968,-310.91162486053173,-5.898980012393644,7.888953899546542,0.08302934908424504,,,
Video,video,1,OpenBCI-RAW-2026-06-05_15-20-10.txt,blink-like,299916.0,1199.664,-346.1166805683197,-6.53831475337868,6.80089682934655,0.0891021341169253,,,
Video,video,1,OpenBCI-RAW-2026-06-05_15-20-10.txt,blink-like,300140.0,1200.56,-352.7522493476074,-6.658818742408183,7.093169516023277,0.08505993253388443,,,
Video,video,1,OpenBCI-RAW-2026-06-05_15-20-10.txt,blink-like,300407.0,1201.628,-353.5943721051516,-6.674111953120331,5.7817964406656595,0.09541506879543886,,,
Video,video,1,OpenBCI-RAW-2026-06-05_15-20-10.txt,blink-like,300718.0,1202.872,-359.23032158633976,-6.776462545366747,3.516715366638087,0.09468176816613413,,,
Video,video,1,OpenBCI-RAW-2026-06-05_15-20-10.txt,blink-like,300813.0,1203.252,-342.76593529737823,-6.477464179026932,1.2868376203254601,0.07937251279875636,,,
Video,video,1,OpenBCI-RAW-2026-06-05_15-20-10.txt,blink-like,301109.0,1204.436,-339.79867383494536,-6.423577789689399,22.179694937932307,0.08310875885281711,,,
Video,video,1,OpenBCI-RAW-2026-06-05_15-20-10.txt,blink-like,301281.0,1205.124,-324.952910841296,-6.153974124890471,3.5384894602957377,0.08373690210212953,,,
Video,video,1,OpenBCI-RAW-2026-06-05_15-20-10.txt,blink-like,301415.0,1205.66,-293.4727044025355,-5.582283803002183,1.0065609010262844,0.07446753679332323,,,
Video,video,1,OpenBCI-RAW-2026-06-05_15-20-10.txt,blink-like,301519.0,1206.076,-303.39259608474606,-5.762432115559539,4.648200896577354,0.07793741715746,,,
Video,video,1,OpenBCI-RAW-2026-06-05_15-20-10.txt,blink-like,301639.0,1206.556,-377.9468511680313,-7.116360533075439,2.080614723439048,0.07793120578187518,,,
Video,video,1,OpenBCI-RAW-2026-06-05_15-20-10.txt,blink-like,301953.0,1207.812,-302.5941412314742,-5.747931927545581,0.8638388990799559,0.08255698781786487,,,
Video,video,1,OpenBCI-RAW-2026-06-05_15-20-10.txt,blink-like,302178.0,1208.712,-338.93890217950576,-6.407964069512409,1.4678643666242,0.08798954126168974,,,
Video,video,1,OpenBCI-RAW-2026-06-05_15-20-10.txt,blink-like,302328.0,1209.312,-402.5732685744852,-7.563583918393407,1.7797049999381882,0.08241427404480055,,,
Video,video,1,OpenBCI-RAW-2026-06-05_15-20-10.txt,blink-like,302500.0,1210.0,-346.8946525301506,-6.552442965725203,3.6845959338606016,0.0840202581556514,,,
Video,video,1,OpenBCI-RAW-2026-06-05_15-20-10.txt,blink-like,302665.0,1210.66,-393.13322781962574,-7.392149847645405,4.6076137941230515,0.08735680905822664,,,
Video,video,1,OpenBCI-RAW-2026-06-05_15-20-10.txt,blink-like,303352.0,1213.408,-273.478591506709,-5.219184505685889,11.364566732408381,0.07853294598357752,,,
Video,video,1,OpenBCI-RAW-2026-06-05_15-20-10.txt,blink-like,303560.0,1214.24,-290.52399095851,-5.52873425143712,2.4312559520806203,0.07645390111603774,,,
Video,video,1,OpenBCI-RAW-2026-06-05_15-20-10.txt,blink-like,303818.0,1215.272,-445.85674711431267,-8.349625325936763,4.336339248025063,0.08953943725395948,,,
Video,video,1,OpenBCI-RAW-2026-06-05_15-20-10.txt,blink-like,304241.0,1216.964,-374.06907132455626,-7.045938847269765,8.29192113607917,0.09348763475869783,,,
Video,video,1,OpenBCI-RAW-2026-06-05_15-20-10.txt,blink-like,304431.0,1217.724,-344.28264591597826,-6.505008114720162,6.968428399977825,0.0805784236791078,,,
Video,video,1,OpenBCI-RAW-2026-06-05_15-20-10.txt,blink-like,304557.0,1218.228,-288.6374939345366,-5.494474879822938,7.1205482980226265,0.07651103601348587,,,
Video,video,1,OpenBCI-RAW-2026-06-05_15-20-10.txt,blink-like,305108.0,1220.432,-319.5667243976528,-6.056159306944254,16.44971001975239,0.0820039986630436,,,
Video,video,1,OpenBCI-RAW-2026-06-05_15-20-10.txt,blink-like,305296.0,1221.184,-660.179718857667,-12.24179702888818,5.031300882516017,0.2521320090268273,,,
Video,video,1,OpenBCI-RAW-2026-06-05_15-20-10.txt,blink-like,305385.0,1221.54,304.5128966253852,5.277320354970856,6.614063028942983,0.2888598280665465,,,
Video,video,1,OpenBCI-RAW-2026-06-05_15-20-10.txt,blink-like,305674.0,1222.696,-437.547104345118,-8.198719633537987,96.7928013934111,0.09764860095013864,,,
Video,video,1,OpenBCI-RAW-2026-06-05_15-20-10.txt,blink-like,305828.0,1223.312,297.45890652982735,5.149217704939916,6.55956155957661,0.24755423274356872,,,
Video,video,1,OpenBCI-RAW-2026-06-05_15-20-10.txt,blink-like,306404.0,1225.616,-371.70052581276235,-7.002925325465877,3.0617962344842207,0.1462748430594802,,,
Video,video,1,OpenBCI-RAW-2026-06-05_15-20-10.txt,blink-like,306922.0,1227.688,372.96994623654024,6.520521628248931,3.272357982065249,0.15494471127633005,,,
Video,video,1,OpenBCI-RAW-2026-06-05_15-20-10.txt,blink-like,307271.0,1229.084,-329.9418078052204,-6.244574042547356,2.0990211623340755,0.1037864762370009,,,
Video,video,1,OpenBCI-RAW-2026-06-05_15-20-10.txt,blink-like,307428.0,1229.712,-327.4905545301368,-6.200058522085686,8.37606595706408,0.081165584389586,,,
Video,video,1,OpenBCI-RAW-2026-06-05_15-20-10.txt,blink-like,308951.0,1235.804,-401.2331226473664,-7.539246452311593,0.7814609534633357,0.09424668806907721,,,
Video,video,1,OpenBCI-RAW-2026-06-05_15-20-10.txt,blink-like,309382.0,1237.528,-312.3781346539489,-5.925612285516819,1.4232398419707206,0.09018255567341112,,,
Video,video,1,OpenBCI-RAW-2026-06-05_15-20-10.txt,blink-like,310190.0,1240.76,-287.8127852173578,-5.479497913489976,9.545592423818535,0.09304569357912987,,,
Video,video,1,OpenBCI-RAW-2026-06-05_15-20-10.txt,blink-like,310617.0,1242.468,-387.87990046262206,-7.296747791958371,9.393854991124103,0.08591817038645967,,,
Video,video,1,OpenBCI-RAW-2026-06-05_15-20-10.txt,blink-like,311024.0,1244.096,-575.3238075614327,-10.70078733641876,10.955696014236567,0.1741425723931752,,,
Video,video,1,OpenBCI-RAW-2026-06-05_15-20-10.txt,blink-like,311299.0,1245.196,-436.17799278989673,-8.173856142657518,2.468246263034771,0.10212394987419247,,,
Video,video,1,OpenBCI-RAW-2026-06-05_15-20-10.txt,blink-like,311397.0,1245.588,-390.9872458799302,-7.353178149405192,4.072459659033788,0.08872264757216908,,,
Video,video,1,OpenBCI-RAW-2026-06-05_15-20-10.txt,blink-like,311530.0,1246.12,-394.8066717825499,-7.422540109529082,4.696895312066916,0.0945254175637383,,,
Video,video,1,OpenBCI-RAW-2026-06-05_15-20-10.txt,blink-like,311821.0,1247.284,-551.2676678446048,-10.263920370985847,5.66776498771893,0.22206353754503652,,,
Video,video,1,OpenBCI-RAW-2026-06-05_15-20-10.txt,blink-like,312190.0,1248.76,-385.1295076352429,-7.2467998043598,2.7695422534170127,0.10185232758638449,,,
Video,video,1,OpenBCI-RAW-2026-06-05_15-20-10.txt,blink-like,312570.0,1250.28,-590.7958207630948,-10.98176389941319,1.6452060495049439,0.13023444713279606,,,
Video,video,1,OpenBCI-RAW-2026-06-05_15-20-10.txt,blink-like,312726.0,1250.904,-367.95038288033567,-6.934821565589437,4.725047573113622,0.08844104326376691,,,
Video,video,1,OpenBCI-RAW-2026-06-05_15-20-10.txt,blink-like,312862.0,1251.448,-378.7603476623291,-7.131133881960072,7.88735305727564,0.08233211342291906,,,
Video,video,1,OpenBCI-RAW-2026-06-05_15-20-10.txt,blink-like,313009.0,1252.036,-350.9072081813278,-6.625312222039599,3.3974172058338867,0.07802870641741902,,,
Video,video,1,OpenBCI-RAW-2026-06-05_15-20-10.txt,blink-like,313180.0,1252.72,-359.4144524939793,-6.779806419812514,4.32571626105956,0.07994601776008495,,,
Video,video,1,OpenBCI-RAW-2026-06-05_15-20-10.txt,blink-like,313420.0,1253.68,-410.09178121070056,-7.700122441972681,18.951018549395833,0.08785262446431442,,,
Video,video,1,OpenBCI-RAW-2026-06-05_15-20-10.txt,blink-like,313611.0,1254.444,-359.4674919651231,-6.780769633074471,22.446728769199435,0.08052206663810647,,,
Video,video,1,OpenBCI-RAW-2026-06-05_15-20-10.txt,blink-like,313766.0,1255.064,-365.823970778745,-6.896205261684621,29.766523610659792,0.08354808929376305,,,
Video,video,1,OpenBCI-RAW-2026-06-05_15-20-10.txt,blink-like,314068.0,1256.272,-339.787432146936,-6.4233736371451915,7.277415772131762,0.08412702970509417,,,
Video,video,1,OpenBCI-RAW-2026-06-05_15-20-10.txt,blink-like,314301.0,1257.204,-309.7512055075948,-5.877906436694691,4.804151959861719,0.08120731327263639,,,
Video,video,1,OpenBCI-RAW-2026-06-05_15-20-10.txt,blink-like,314562.0,1258.248,-361.64713585591545,-6.820352642796881,6.899805280383363,0.08514586274465547,,,
Video,video,1,OpenBCI-RAW-2026-06-05_15-20-10.txt,blink-like,315287.0,1261.148,-350.0558131185422,-6.6098506233857,10.102475364743453,0.08021212665503845,,,
Video,video,1,OpenBCI-RAW-2026-06-05_15-20-10.txt,blink-like,315762.0,1263.048,289.7238878860621,5.008747365049725,0.6758931379214829,0.39887880493258127,,,
Video,video,1,OpenBCI-RAW-2026-06-05_15-20-10.txt,blink-like,315861.0,1263.444,-398.5613006699926,-7.490725335741267,1.1098398196363173,0.11588521728361957,,,
Video,video,1,OpenBCI-RAW-2026-06-05_15-20-10.txt,blink-like,316016.0,1264.064,-345.52720266364,-6.527609651627587,1.6230919117149887,0.08578909803833812,,,
Video,video,1,OpenBCI-RAW-2026-06-05_15-20-10.txt,blink-like,316384.0,1265.536,-377.43314035811096,-7.107031385286902,4.9845343422327515,0.08862725253729149,,,
Video,video,1,OpenBCI-RAW-2026-06-05_15-20-10.txt,blink-like,316627.0,1266.508,-287.75312541662777,-5.478414472987465,1.5104492899046988,0.09114487262791954,,,
Video,video,1,OpenBCI-RAW-2026-06-05_15-20-10.txt,blink-like,316954.0,1267.816,-325.3745256622396,-6.161630780928195,5.693842841854135,0.08480911794723943,,,
Video,video,1,OpenBCI-RAW-2026-06-05_15-20-10.txt,blink-like,317096.0,1268.384,-290.9832966933874,-5.537075386172941,6.563059237978227,0.08353876771428623,,,
Video,video,1,OpenBCI-RAW-2026-06-05_15-20-10.txt,blink-like,317482.0,1269.928,-460.6031484194251,-8.617424551625245,11.447707865395325,0.08625958143384196,,,
Video,video,1,OpenBCI-RAW-2026-06-05_15-20-10.txt,blink-like,317588.0,1270.352,-268.918146896676,-5.136365415787757,7.065651224817448,0.0713337435387075,,,
Video,video,1,OpenBCI-RAW-2026-06-05_15-20-10.txt,blink-like,317706.0,1270.824,-303.80593840746263,-5.769938540461281,5.090410504698006,0.08050399509561249,,,
Video,video,1,OpenBCI-RAW-2026-06-05_15-20-10.txt,blink-like,317823.0,1271.292,-399.2215656479664,-7.502715952719072,9.61253640534316,0.07872899836208672,,,
Video,video,1,OpenBCI-RAW-2026-06-05_15-20-10.txt,blink-like,318310.0,1273.24,-280.4431152109302,-5.345662418275513,10.562820526062701,0.11573296758020296,,,
Video,video,1,OpenBCI-RAW-2026-06-05_15-20-10.txt,blink-like,318749.0,1274.996,-531.2397492496855,-9.900207151679123,9.295566344643682,0.23773447106126697,,,
Video,video,1,OpenBCI-RAW-2026-06-05_15-20-10.txt,blink-like,318981.0,1275.924,-315.3643189420235,-5.979842319242555,5.848813309470171,0.08823532571387477,,,
Video,video,1,OpenBCI-RAW-2026-06-05_15-20-10.txt,blink-like,320177.0,1280.708,-396.96496885215697,-7.461735454351693,3.863418479417562,0.09996502382238395,,,
Video,video,1,OpenBCI-RAW-2026-06-05_15-20-10.txt,blink-like,320585.0,1282.34,-267.63190748138004,-5.113006908695803,5.3699240239049235,0.08169414408574813,,,
Video,video,1,OpenBCI-RAW-2026-06-05_15-20-10.txt,blink-like,321348.0,1285.392,-322.2701961252662,-6.105255192804525,5.3137325899313375,0.08407772983820178,,,
Video,video,1,OpenBCI-RAW-2026-06-05_15-20-10.txt,blink-like,322325.0,1289.3,-423.47674304917496,-7.943197504291147,7.981026671917313,0.09128429050766863,,,
Video,video,1,OpenBCI-RAW-2026-06-05_15-20-10.txt,blink-like,323628.0,1294.512,-269.15366245689756,-5.140642451476665,5.598205835955454,0.0863495282093063,,,
Video,video,1,OpenBCI-RAW-2026-06-05_15-20-10.txt,blink-like,323986.0,1295.944,-311.85609820546347,-5.916131941547264,22.175578705297266,0.09022631026594899,,,
Video,video,1,OpenBCI-RAW-2026-06-05_15-20-10.txt,blink-like,324349.0,1297.396,-288.56393627559476,-5.4931390499007415,6.396419827613589,0.0910433246169705,,,
Video,video,1,OpenBCI-RAW-2026-06-05_15-20-10.txt,blink-like,325603.0,1302.412,-279.83888872197554,-5.33468947765532,3.504753528674678,0.09772717868792824,,,
Video,video,1,OpenBCI-RAW-2026-06-05_15-20-10.txt,blink-like,325894.0,1303.576,-330.3546915008098,-6.252072138638089,3.0918544777522317,0.09322100295242854,,,
Video,video,1,OpenBCI-RAW-2026-06-05_15-20-10.txt,blink-like,326193.0,1304.772,-379.4529042476957,-7.143710924552989,4.049197296750291,0.10833224352635443,,,
Video,video,1,OpenBCI-RAW-2026-06-05_15-20-10.txt,blink-like,328061.0,1312.244,-314.34896704305135,-5.961403213543472,5.53567010288702,0.09258327976474538,,,
Video,video,1,OpenBCI-RAW-2026-06-05_15-20-10.txt,blink-like,328270.0,1313.08,-411.15736525086703,-7.71947377895031,4.492375275305494,0.0974408050274942,,,
Video,video,1,OpenBCI-RAW-2026-06-05_15-20-10.txt,blink-like,328562.0,1314.248,-364.5678422086368,-6.873393576889122,1.863644330393538,0.09803924424550496,,,
Video,video,1,OpenBCI-RAW-2026-06-05_15-20-10.txt,blink-like,328730.0,1314.92,-349.468842427041,-6.5991910534042875,19.795194921208832,0.08734880466060713,,,
Video,video,1,OpenBCI-RAW-2026-06-05_15-20-10.txt,blink-like,328863.0,1315.452,-386.10875275571703,-7.26458319975209,8.085845292177959,0.10161733891582117,,,
Video,video,1,OpenBCI-RAW-2026-06-05_15-20-10.txt,blink-like,329100.0,1316.4,-501.46723902191474,-9.359529123132917,11.16234755274957,0.2601165513542946,,,
Video,video,1,OpenBCI-RAW-2026-06-05_15-20-10.txt,blink-like,329493.0,1317.972,-308.9095677778995,-5.862622034238854,14.509294884371677,0.1346167812217027,,,
Video,video,1,OpenBCI-RAW-2026-06-05_15-20-10.txt,blink-like,330378.0,1321.512,-297.6750737790434,-5.658600135495837,2.095997693956535,0.08567540331743657,,,
Video,video,1,OpenBCI-RAW-2026-06-05_15-20-10.txt,blink-like,330815.0,1323.26,-318.70316959075535,-6.0404768835623175,7.972239639446835,0.08978788620023988,,,
Video,video,1,OpenBCI-RAW-2026-06-05_15-20-10.txt,blink-like,331285.0,1325.14,-318.49823687748733,-6.036755241868463,4.449042448388795,0.08992620940343476,,,
Video,video,1,OpenBCI-RAW-2026-06-05_15-20-10.txt,blink-like,332865.0,1331.46,-298.97967971974145,-5.682292184390939,6.820591117263536,0.08675108165829443,,,
Video,video,1,OpenBCI-RAW-2026-06-05_15-20-10.txt,blink-like,333336.0,1333.344,-339.3455977322003,-6.4153497870070755,14.209443902198199,0.10261600486328826,,,
Video,video,1,OpenBCI-RAW-2026-06-05_15-20-10.txt,blink-like,333630.0,1334.52,-349.4606778659569,-6.599042782440329,5.369925035429715,0.11287876546266488,,,
Video,video,1,OpenBCI-RAW-2026-06-05_15-20-10.txt,blink-like,333786.0,1335.144,-361.4959209194933,-6.817606532607113,10.992624403962164,0.09128459596983157,,,
Video,video,1,OpenBCI-RAW-2026-06-05_15-20-10.txt,blink-like,335291.0,1341.164,-282.20541238540113,-5.377666282065161,5.787772305730681,0.08845257278881036,,,
Video,video,1,OpenBCI-RAW-2026-06-05_15-20-10.txt,blink-like,335647.0,1342.588,-402.08536867301615,-7.554723504715285,3.192238343559058,0.09701998352748342,,,
Video,video,1,OpenBCI-RAW-2026-06-05_15-20-10.txt,blink-like,336579.0,1346.316,-262.2778724247121,-5.015775969918383,1.9932464504165965,0.08578715332807042,,,
Video,video,1,OpenBCI-RAW-2026-06-05_15-20-10.txt,blink-like,336893.0,1347.572,-291.0837154485936,-5.5388990219422665,0.721422375382327,0.09245587985194288,,,
Video,video,1,OpenBCI-RAW-2026-06-05_15-20-10.txt,blink-like,337550.0,1350.2,-296.65992306984964,-5.640164683465588,12.5226202329931,0.08927530811727047,,,
Video,video,1,OpenBCI-RAW-2026-06-05_15-20-10.txt,blink-like,338823.0,1355.292,-297.2302493768327,-5.65052198625694,6.230226103756448,0.08722132732742466,,,
Video,video,1,OpenBCI-RAW-2026-06-05_15-20-10.txt,blink-like,339511.0,1358.044,-383.36405045530756,-7.214738553889902,8.453337113229765,0.09249930905853398,,,
Video,video,1,OpenBCI-RAW-2026-06-05_15-20-10.txt,blink-like,339704.0,1358.816,-336.74253842877624,-6.368077421942897,4.217799035594386,0.0819901515294332,,,
Video,video,1,OpenBCI-RAW-2026-06-05_15-20-10.txt,blink-like,339852.0,1359.408,-505.7979656992896,-9.438176464058555,18.027717586470267,0.10014467423618771,,,
Video,video,1,OpenBCI-RAW-2026-06-05_15-20-10.txt,blink-like,340132.0,1360.528,-294.9973369676123,-5.609971603702783,9.141211713992092,0.08426721293199807,,,
Video,video,1,OpenBCI-RAW-2026-06-05_15-20-10.txt,blink-like,340256.0,1361.024,-379.1368031407339,-7.137970430317674,6.64401939807195,0.09021656200801954,,,
Video,video,1,OpenBCI-RAW-2026-06-05_15-20-10.txt,blink-like,340391.0,1361.564,-266.958989158345,-5.100786503043484,9.487925706803395,0.07838386792992241,,,
Video,video,1,OpenBCI-RAW-2026-06-05_15-20-10.txt,blink-like,340517.0,1362.068,-373.62183051871574,-7.037816815390783,5.411586795681634,0.09404286966240033,,,
Video,video,1,OpenBCI-RAW-2026-06-05_15-20-10.txt,blink-like,340726.0,1362.904,-432.11058872641445,-8.099990822148092,6.5790701331670665,0.09203098519449122,,,
Video,video,1,OpenBCI-RAW-2026-06-05_15-20-10.txt,blink-like,340994.0,1363.976,-440.76346087528856,-8.257129666636649,1.3793970975501944,0.09859466753643938,,,
Video,video,1,OpenBCI-RAW-2026-06-05_15-20-10.txt,blink-like,341331.0,1365.324,-315.6976312038691,-5.985895373393725,2.7933085241988898,0.08511687186243944,,,
Video,video,1,OpenBCI-RAW-2026-06-05_15-20-10.txt,blink-like,342193.0,1368.772,-346.58427117296594,-6.546806343921524,4.313311688459575,0.09234488783939741,,,
Video,video,1,OpenBCI-RAW-2026-06-05_15-20-10.txt,blink-like,342672.0,1370.688,-462.8476345090377,-8.658185115808347,7.927109778922761,0.1259163587966468,,,
Video,video,1,OpenBCI-RAW-2026-06-05_15-20-10.txt,blink-like,342967.0,1371.868,-394.64716824193755,-7.41964347571404,11.733160951473705,0.09557613511220552,,,
Video,video,1,OpenBCI-RAW-2026-06-05_15-20-10.txt,blink-like,343262.0,1373.048,-349.55467739608804,-6.600749843089457,3.067523427719559,0.08472145818406716,,,
Video,video,1,OpenBCI-RAW-2026-06-05_15-20-10.txt,blink-like,343433.0,1373.732,-447.57751738488724,-8.38087504825972,10.226296579293829,0.08938138861325569,,,
Video,video,1,OpenBCI-RAW-2026-06-05_15-20-10.txt,blink-like,343727.0,1374.908,-299.7076333327709,-5.695512047995142,4.746466886318867,0.08453341924841516,,,
Video,video,1,OpenBCI-RAW-2026-06-05_15-20-10.txt,blink-like,344367.0,1377.468,-350.0418189663057,-6.609596485236632,6.0180232817379125,0.10074283928796648,,,
Video,video,1,OpenBCI-RAW-2026-06-05_15-20-10.txt,blink-like,344703.0,1378.812,-328.288406127459,-6.214547754784318,2.917202576435997,0.08466736730188132,,,
Video,video,1,OpenBCI-RAW-2026-06-05_15-20-10.txt,blink-like,346234.0,1384.936,-357.86915591922707,-6.751743354281113,4.22733526985508,0.0906270642990712,,,
Video,video,1,OpenBCI-RAW-2026-06-05_15-20-10.txt,blink-like,346539.0,1386.156,-310.52527925769056,-5.891963856305912,7.678939731537282,0.07910672122216783,,,
Video,video,1,OpenBCI-RAW-2026-06-05_15-20-10.txt,blink-like,346631.0,1386.524,-490.58203702185523,-9.161850475524975,6.956823754339883,0.08621196433482692,,,
Video,video,1,OpenBCI-RAW-2026-06-05_15-20-10.txt,blink-like,347301.0,1389.204,-379.7211326342897,-7.148582035324445,4.456995043303399,0.08960659750644118,,,
Video,video,1,OpenBCI-RAW-2026-06-05_15-20-10.txt,blink-like,347605.0,1390.42,-304.44337181055096,-5.781514528951154,2.847753569441815,0.08182034350675531,,,
Video,video,1,OpenBCI-RAW-2026-06-05_15-20-10.txt,blink-like,348154.0,1392.616,-365.3574642203443,-6.887733357758136,6.101687720686012,0.10013707829662599,,,
Video,video,1,OpenBCI-RAW-2026-06-05_15-20-10.txt,blink-like,348334.0,1393.336,-273.607723164148,-5.221529576673619,6.241266449784148,0.08095683954330161,,,
Video,video,1,OpenBCI-RAW-2026-06-05_15-20-10.txt,blink-like,348482.0,1393.928,-273.42606802525444,-5.218230662956876,9.969341189510367,0.08661201257887297,,,
Video,video,1,OpenBCI-RAW-2026-06-05_15-20-10.txt,blink-like,348601.0,1394.404,-277.38791965999826,-5.290179118591893,8.39059901188294,0.07779829351557419,,,
Video,video,1,OpenBCI-RAW-2026-06-05_15-20-10.txt,blink-like,348787.0,1395.148,-440.0331007738714,-8.243866100456238,4.9578126300458925,0.10140819195588119,,,
Video,video,1,OpenBCI-RAW-2026-06-05_15-20-10.txt,blink-like,349068.0,1396.272,-290.55357496631905,-5.529271506203222,11.36948277158596,0.08238647564104758,,,
Video,video,1,OpenBCI-RAW-2026-06-05_15-20-10.txt,blink-like,349303.0,1397.212,-293.08220166279335,-5.575192152017755,4.611604464595181,0.08659380748518743,,,
Video,video,1,OpenBCI-RAW-2026-06-05_15-20-10.txt,blink-like,349698.0,1398.792,-272.0599209599512,-5.193421008133638,8.831693463585738,0.09197940323408693,,,
Video,video,1,OpenBCI-RAW-2026-06-05_15-20-10.txt,blink-like,349831.0,1399.324,-277.9103211352999,-5.299666091561752,3.630259268484999,0.08070827536354773,,,
Video,video,1,OpenBCI-RAW-2026-06-05_15-20-10.txt,blink-like,350094.0,1400.376,-347.9982223509623,-6.572484136271951,23.40876762561547,0.08654605057789012,,,
Video,video,1,OpenBCI-RAW-2026-06-05_15-20-10.txt,blink-like,350409.0,1401.636,-379.0722199994149,-7.136797580421628,10.246407126615802,0.09265418817754835,,,
Video,video,1,OpenBCI-RAW-2026-06-05_15-20-10.txt,blink-like,350921.0,1403.684,-315.4154421341012,-5.980770732281768,6.1604451727597205,0.09508287669927813,,,
Video,video,1,OpenBCI-RAW-2026-06-05_15-20-10.txt,blink-like,351269.0,1405.076,-342.46287380708173,-6.471960488278379,12.99044621553777,0.0944566324739717,,,
Video,video,1,OpenBCI-RAW-2026-06-05_15-20-10.txt,blink-like,351798.0,1407.192,-519.2227545882367,-9.681974797977825,3.6343508175624493,0.11417553557711653,,,
Video,video,1,OpenBCI-RAW-2026-06-05_15-20-10.txt,blink-like,352014.0,1408.056,-452.4257925700681,-8.468921230758902,3.884841420612082,0.08408143391623162,,,
Video,video,1,OpenBCI-RAW-2026-06-05_15-20-10.txt,blink-like,352397.0,1409.588,-402.2571058911104,-7.557842305911316,6.917371279385032,0.09130092728114687,,,
Video,video,1,OpenBCI-RAW-2026-06-05_15-20-10.txt,blink-like,352593.0,1410.372,-323.12508160870595,-6.120780178581097,3.8012148333956666,0.08271830669860356,,,
Video,video,1,OpenBCI-RAW-2026-06-05_15-20-10.txt,blink-like,353036.0,1412.144,-384.45871181685,-7.234617944050709,3.422997176629079,0.0884376152921468,,,
Video,video,1,OpenBCI-RAW-2026-06-05_15-20-10.txt,blink-like,353434.0,1413.736,-470.5382160299966,-8.797848463752969,5.718952242511054,0.10235366931091994,,,
Video,video,1,OpenBCI-RAW-2026-06-05_15-20-10.txt,blink-like,354173.0,1416.692,-282.8315631581371,-5.389037374485167,3.827696924324355,0.0880449358150363,,,
Video,video,1,OpenBCI-RAW-2026-06-05_15-20-10.txt,blink-like,354542.0,1418.168,-308.28885936704654,-5.8513497768002125,4.973078142494276,0.0872836923841387,,,
Video,video,1,OpenBCI-RAW-2026-06-05_15-20-10.txt,blink-like,355285.0,1421.14,-302.49109075515577,-5.746060498903845,2.92217892057328,0.07646375179314055,,,
Video,video,1,OpenBCI-RAW-2026-06-05_15-20-10.txt,blink-like,355983.0,1423.932,-322.0232611018586,-6.100770776119012,5.351935965358171,0.08442034972901456,,,
Video,video,1,OpenBCI-RAW-2026-06-05_15-20-10.txt,blink-like,356119.0,1424.476,-300.50356693429694,-5.709966449294679,4.0720194961381475,0.08224574737926013,,,
Video,video,1,OpenBCI-RAW-2026-06-05_15-20-10.txt,blink-like,356293.0,1425.172,-353.0089900323312,-6.663481232947344,4.828217519164634,0.08354666793020442,,,
Video,video,1,OpenBCI-RAW-2026-06-05_15-20-10.txt,blink-like,356388.0,1425.552,-345.65725100370963,-6.5299713698564705,10.433349190622366,0.08328396887076087,,,
Video,video,1,OpenBCI-RAW-2026-06-05_15-20-10.txt,blink-like,356709.0,1426.836,-289.5877410039957,-5.511731661606414,8.697572394696241,0.08450504748383537,,,
Video,video,1,OpenBCI-RAW-2026-06-05_15-20-10.txt,blink-like,356816.0,1427.264,-340.3696309523454,-6.433946548193757,13.216872710310652,0.08591696419892833,,,
Video,video,1,OpenBCI-RAW-2026-06-05_15-20-10.txt,blink-like,357038.0,1428.152,-287.3342666571659,-5.470807867881864,4.010792944086386,0.0903396429605782,,,
Video,video,1,OpenBCI-RAW-2026-06-05_15-20-10.txt,blink-like,359268.0,1437.072,-320.431842168954,-6.07187011424498,1.4929529306064588,0.08579382532229647,,,
Video,video,1,OpenBCI-RAW-2026-06-05_15-20-10.txt,blink-like,359443.0,1437.772,-354.57719783950796,-6.691960373572316,11.497112837788272,0.08898969486122951,,,
Video,video,1,OpenBCI-RAW-2026-06-05_15-20-10.txt,blink-like,360119.0,1440.476,-330.53231079782836,-6.255297760213463,3.954633487676352,0.08587986121908761,,,
Video,video,1,OpenBCI-RAW-2026-06-05_15-20-10.txt,blink-like,360321.0,1441.284,-414.11659333031764,-7.77321427955894,6.667326337004477,0.09972408022126183,,,
Video,video,1,OpenBCI-RAW-2026-06-05_15-20-10.txt,blink-like,360445.0,1441.78,-275.53413533325136,-5.256513819714929,6.791438707147599,0.07633212824026123,,,
Video,video,1,OpenBCI-RAW-2026-06-05_15-20-10.txt,blink-like,360554.0,1442.216,-330.36033148700614,-6.252174562538336,3.462627309856639,0.0851532170563005,,,
Video,video,1,OpenBCI-RAW-2026-06-05_15-20-10.txt,blink-like,363042.0,1452.168,-288.4638991042433,-5.491322343812681,2.5836839995300123,0.08574112357036211,,,
Video,video,1,OpenBCI-RAW-2026-06-05_15-20-10.txt,blink-like,363615.0,1454.46,-274.0649781520898,-5.22983346920844,3.3354587246736345,0.09188376513496041,,,
Video,video,1,OpenBCI-RAW-2026-06-05_15-20-10.txt,blink-like,363974.0,1455.896,-434.87263946524257,-8.150150521037748,4.568633971839797,0.1004339670301415,,,
Video,video,1,OpenBCI-RAW-2026-06-05_15-20-10.txt,blink-like,364173.0,1456.692,-320.59420256175434,-6.0748186293826585,2.4753339832061245,0.08554612990515306,,,
Video,video,1,OpenBCI-RAW-2026-06-05_15-20-10.txt,blink-like,364397.0,1457.588,-313.4469794635704,-5.945022839080051,9.155670801292642,0.08788276518369094,,,
Video,video,1,OpenBCI-RAW-2026-06-05_15-20-10.txt,blink-like,364577.0,1458.308,-373.1663977931674,-7.029546015706743,7.50076801410472,0.09084121414739639,,,
Video,video,1,OpenBCI-RAW-2026-06-05_15-20-10.txt,blink-like,364692.0,1458.768,-266.109216484581,-5.085354367477884,4.374832678993038,0.07453378009144217,,,
Video,video,1,OpenBCI-RAW-2026-06-05_15-20-10.txt,blink-like,364793.0,1459.172,-319.72497542931427,-6.059033194807908,5.340759455161998,0.07816221061418764,,,
Video,video,1,OpenBCI-RAW-2026-06-05_15-20-10.txt,blink-like,364892.0,1459.568,-355.51595013272504,-6.709008406650709,5.652270502674982,0.08031234814971686,,,
Video,video,1,OpenBCI-RAW-2026-06-05_15-20-10.txt,blink-like,365276.0,1461.104,-447.7336463928444,-8.383710399514126,7.424934440969273,0.09183184865233489,,,
Video,video,1,OpenBCI-RAW-2026-06-05_15-20-10.txt,blink-like,365510.0,1462.04,-282.10196586848855,-5.375787661203286,2.4532540350052243,0.07955560265737585,,,
Video,video,1,OpenBCI-RAW-2026-06-05_15-20-10.txt,blink-like,365652.0,1462.608,-321.59940194796627,-6.093073362298192,5.515242944501682,0.08814146556914784,,,
Video,video,1,OpenBCI-RAW-2026-06-05_15-20-10.txt,blink-like,366008.0,1464.032,-288.88157880795035,-5.498907536899741,7.7223440693468826,0.08000210488028825,,,
Video,video,1,OpenBCI-RAW-2026-06-05_15-20-10.txt,blink-like,366266.0,1465.064,-278.6312349259453,-5.312758109805963,2.484044698234793,0.08563696402753704,,,
Video,video,1,OpenBCI-RAW-2026-06-05_15-20-10.txt,blink-like,366495.0,1465.98,-352.0838929407548,-6.6466811825699725,5.552951682704744,0.08223164092493243,,,
Video,video,1,OpenBCI-RAW-2026-06-05_15-20-10.txt,blink-like,366612.0,1466.448,-327.76201157740473,-6.204988266337311,5.561755338558691,0.08261277388664894,,,
Video,video,1,OpenBCI-RAW-2026-06-05_15-20-10.txt,blink-like,366711.0,1466.844,-323.78453386969784,-6.132756036366205,4.659206322076357,0.07667092426191084,,,
Video,video,1,OpenBCI-RAW-2026-06-05_15-20-10.txt,blink-like,366823.0,1467.292,-271.187968706559,-5.177586084516388,4.543356960504065,0.07718737898929975,,,
Video,video,1,OpenBCI-RAW-2026-06-05_15-20-10.txt,blink-like,367005.0,1468.02,-345.36729667730964,-6.524705709273368,3.85426140928306,0.0828890878369566,,,
Video,video,1,OpenBCI-RAW-2026-06-05_15-20-10.txt,blink-like,367183.0,1468.732,-300.7908207248151,-5.715183067307792,6.63019136072302,0.08204928208119236,,,
Video,video,1,OpenBCI-RAW-2026-06-05_15-20-10.txt,blink-like,367469.0,1469.876,-265.7029982607184,-5.077977318422991,4.7482940714315305,0.0717827369144652,,,
Video,video,1,OpenBCI-RAW-2026-06-05_15-20-10.txt,blink-like,367657.0,1470.628,-311.22322533896823,-5.90463877381773,8.500587216832242,0.0802243658665102,,,
Video,video,1,OpenBCI-RAW-2026-06-05_15-20-10.txt,blink-like,367860.0,1471.44,-359.72279365820015,-6.785405991078597,4.3409367076888685,0.09062906483863481,,,
Video,video,1,OpenBCI-RAW-2026-06-05_15-20-10.txt,blink-like,368288.0,1473.152,-579.6605838141445,-10.779544539510594,16.75486806348918,0.11771391499647871,,,
Video,video,1,OpenBCI-RAW-2026-06-05_15-20-10.txt,blink-like,368795.0,1475.18,-329.994155179841,-6.245524687121593,10.1146899604451,0.08537990628276021,,,
Video,video,1,OpenBCI-RAW-2026-06-05_15-20-10.txt,blink-like,370410.0,1481.64,-445.4156177629961,-8.341614279969225,8.446231939230778,0.10859355154889636,,,
Video,video,1,OpenBCI-RAW-2026-06-05_15-20-10.txt,blink-like,370612.0,1482.448,-468.80002721366145,-8.766282415231453,9.625235126679188,0.11397853380232117,,,
Video,video,1,OpenBCI-RAW-2026-06-05_15-20-10.txt,blink-like,371050.0,1484.2,-266.0431443503753,-5.084154477008761,9.400147771342276,0.08475863673584536,,,
Video,video,1,OpenBCI-RAW-2026-06-05_15-20-10.txt,blink-like,371174.0,1484.696,-505.6713136766233,-9.435876424008095,6.073553271727967,0.09819366394914687,,,
Video,video,1,OpenBCI-RAW-2026-06-05_15-20-10.txt,blink-like,371581.0,1486.324,-297.1774549785996,-5.6495632235951225,9.017669289483862,0.09045213892147877,,,
Video,video,1,OpenBCI-RAW-2026-06-05_15-20-10.txt,blink-like,371859.0,1487.436,-335.5344366784821,-6.3461379191050415,12.09713184435883,0.09708379069413059,,,
Video,video,1,OpenBCI-RAW-2026-06-05_15-20-10.txt,blink-like,372225.0,1488.9,-364.8870351923725,-6.879190220566517,9.262453078710744,0.09246396514377557,,,
Video,video,1,OpenBCI-RAW-2026-06-05_15-20-10.txt,blink-like,372435.0,1489.74,-453.01700152516486,-8.479657768922971,9.48103723731269,0.1188246462738607,,,
Video,video,1,OpenBCI-RAW-2026-06-05_15-20-10.txt,blink-like,372656.0,1490.624,-320.8013502307737,-6.078580495360586,7.258255466287407,0.09180463423323817,,,
Video,video,1,OpenBCI-RAW-2026-06-05_15-20-10.txt,blink-like,372755.0,1491.02,-305.7787195736914,-5.80576485888554,9.739159346621257,0.08544758815527893,,,
Video,video,1,OpenBCI-RAW-2026-06-05_15-20-10.txt,blink-like,373248.0,1492.992,-322.8297070961463,-6.11541608573465,2.1580425445972957,0.10480709720519371,,,
Video,video,1,OpenBCI-RAW-2026-06-05_15-20-10.txt,blink-like,373697.0,1494.788,-445.70158952781804,-8.346807615997692,13.311162099131337,0.09977851079613902,,,
Video,video,1,OpenBCI-RAW-2026-06-05_15-20-10.txt,blink-like,375590.0,1502.36,-285.2349429100167,-5.432683496903223,2.1978856187521063,0.09088091793749481,,,
Video,video,1,OpenBCI-RAW-2026-06-05_15-20-10.txt,blink-like,377235.0,1508.94,-375.39333131702165,-7.069987819846519,9.59045434570179,0.09976052020699717,,,
Video,video,1,OpenBCI-RAW-2026-06-05_15-20-10.txt,blink-like,377420.0,1509.68,-308.4617307001942,-5.854489173877696,3.0663080934245763,0.08218118853797204,,,
Video,video,1,OpenBCI-RAW-2026-06-05_15-20-10.txt,blink-like,377739.0,1510.956,-427.74432022158015,-8.020698030601912,4.430725827165853,0.1030848867148161,,,
Video,video,1,OpenBCI-RAW-2026-06-05_15-20-10.txt,blink-like,377865.0,1511.46,-292.58558803328,-5.56617349433319,2.937043210649943,0.07725176885863766,,,
Video,video,1,OpenBCI-RAW-2026-06-05_15-20-10.txt,blink-like,377995.0,1511.98,-396.6194210622434,-7.455460199212317,7.378172408778006,0.09058014710666612,,,
Video,video,1,OpenBCI-RAW-2026-06-05_15-20-10.txt,blink-like,378222.0,1512.888,-496.3090036827132,-9.265853968010276,4.504853055128572,0.09441645598807372,,,
Video,video,1,OpenBCI-RAW-2026-06-05_15-20-10.txt,blink-like,378554.0,1514.216,-496.6909111478781,-9.272789526139999,4.072000087091179,0.148071517636301,,,
Video,video,1,OpenBCI-RAW-2026-06-05_15-20-10.txt,blink-like,378748.0,1514.992,-417.5716157718978,-7.835958559702104,5.883376663407641,0.1017011658330448,,,
Video,video,1,OpenBCI-RAW-2026-06-05_15-20-10.txt,blink-like,379339.0,1517.356,-296.2016429123665,-5.6318421735336335,3.9535396695089613,0.08668500124081038,,,
Video,video,1,OpenBCI-RAW-2026-06-05_15-20-10.txt,blink-like,379826.0,1519.304,-360.6789826939297,-6.8027706808142145,3.561477061108056,0.09019486724445597,,,
Video,video,1,OpenBCI-RAW-2026-06-05_15-20-10.txt,blink-like,380276.0,1521.104,-359.4821415022853,-6.781035673217254,2.216722749169245,0.10518192182132043,,,
Video,video,1,OpenBCI-RAW-2026-06-05_15-20-10.txt,blink-like,380439.0,1521.756,-302.59649266514,-5.7479746303109485,7.38551215634487,0.09047148825367912,,,
Video,video,1,OpenBCI-RAW-2026-06-05_15-20-10.txt,blink-like,380763.0,1523.052,-274.8254641048866,-5.24364413020241,4.2945487249213645,0.08876691843383014,,,
Video,video,1,OpenBCI-RAW-2026-06-05_15-20-10.txt,blink-like,380941.0,1523.764,-348.01420830070754,-6.572774446082128,3.69661740862259,0.0853144103991799,,,
Video,video,1,OpenBCI-RAW-2026-06-05_15-20-10.txt,blink-like,381412.0,1525.648,-284.14787114786,-5.412941936223436,1.839638460153493,0.08828282065247185,,,
Video,video,1,OpenBCI-RAW-2026-06-05_15-20-10.txt,blink-like,382109.0,1528.436,-300.58504298890836,-5.711446079740483,6.124982453637987,0.08503939194395208,,,
Video,video,1,OpenBCI-RAW-2026-06-05_15-20-10.txt,blink-like,382229.0,1528.916,-558.7245316122734,-10.399339331973557,8.733989231703328,0.14998424467537552,,,
Video,video,1,OpenBCI-RAW-2026-06-05_15-20-10.txt,blink-like,382583.0,1530.332,-376.648084818565,-7.092774532969993,8.96855390503948,0.09773343084403313,,,
Video,video,1,OpenBCI-RAW-2026-06-05_15-20-10.txt,blink-like,383143.0,1532.572,-462.72082649179544,-8.65588224284796,5.678823168260115,0.10160157820186577,,,
Video,video,1,OpenBCI-RAW-2026-06-05_15-20-10.txt,blink-like,383470.0,1533.88,-444.4343623749582,-8.323794377493893,6.562857712875183,0.18896507004159502,,,
Video,video,1,OpenBCI-RAW-2026-06-05_15-20-10.txt,blink-like,386480.0,1545.92,-397.231094502652,-7.466568378782802,4.628127549698504,0.08784698739438318,,,
Video,video,1,OpenBCI-RAW-2026-06-05_15-20-10.txt,blink-like,387273.0,1549.092,-263.9138919227864,-5.045486591902043,5.113948237272941,0.09716246830811724,,,
Video,video,1,OpenBCI-RAW-2026-06-05_15-20-10.txt,blink-like,387798.0,1551.192,-315.97571046925157,-5.990945379182163,6.907428653885029,0.08578021422587336,,,
Video,video,1,OpenBCI-RAW-2026-06-05_15-20-10.txt,blink-like,387955.0,1551.82,-320.4419092815268,-6.072052936134615,6.299218581311338,0.08835866272449494,,,
Video,video,1,OpenBCI-RAW-2026-06-05_15-20-10.txt,blink-like,388204.0,1552.816,-304.66677389305477,-5.785571580124105,2.804315441686977,0.09392884112801403,,,
Video,video,1,OpenBCI-RAW-2026-06-05_15-20-10.txt,blink-like,388377.0,1553.508,-530.2526094343452,-9.882280386177174,8.662214553058233,0.11019709070795215,,,
Video,video,1,OpenBCI-RAW-2026-06-05_15-20-10.txt,blink-like,389165.0,1556.66,-331.0889185603499,-6.2654059299785025,6.977161852838743,0.09698462301678956,,,
Video,video,1,OpenBCI-RAW-2026-06-05_15-20-10.txt,blink-like,390153.0,1560.612,-306.89744980128205,-5.82608134712591,2.9326553851143067,0.09506179209426045,,,
Video,video,1,OpenBCI-RAW-2026-06-05_15-20-10.txt,blink-like,390473.0,1561.892,-333.0475755200183,-6.300975748426798,11.810602195023742,0.09765854499838315,,,
Video,video,1,OpenBCI-RAW-2026-06-05_15-20-10.txt,blink-like,390895.0,1563.58,-594.3591835282105,-11.046475673465773,6.3369721801419265,0.14498464521579443,,,
Video,video,1,OpenBCI-RAW-2026-06-05_15-20-10.txt,blink-like,392365.0,1569.46,-346.63307152284386,-6.547692573425268,3.4675645415261878,0.08911620281799697,,,
Video,video,1,OpenBCI-RAW-2026-06-05_15-20-10.txt,blink-like,392496.0,1569.984,-398.7996496745159,-7.495053827658331,5.072902255430221,0.09444817319582216,,,
Video,video,1,OpenBCI-RAW-2026-06-05_15-20-10.txt,blink-like,392657.0,1570.628,-364.7828696721415,-6.877298542381167,15.120683434043217,0.09324379193619825,,,
Video,video,1,OpenBCI-RAW-2026-06-05_15-20-10.txt,blink-like,393007.0,1572.028,-295.7968709134267,-5.6244913883723155,1.3381965903829312,0.08642471600440331,,,
Video,video,1,OpenBCI-RAW-2026-06-05_15-20-10.txt,blink-like,393183.0,1572.732,-279.7973899340439,-5.333935846783274,2.331182087989383,0.07870020109787583,,,
Video,video,1,OpenBCI-RAW-2026-06-05_15-20-10.txt,blink-like,393297.0,1573.188,-479.6956901777599,-8.964151037193925,5.8096607963235565,0.10679649033187888,,,
Video,video,1,OpenBCI-RAW-2026-06-05_15-20-10.txt,blink-like,393507.0,1574.028,-595.4286257326621,-11.065897075904578,4.6144687417728445,0.15293331134296023,,,
Video,video,1,OpenBCI-RAW-2026-06-05_15-20-10.txt,blink-like,393948.0,1575.792,-419.7921559429492,-7.876284258570177,1.1341235369757279,0.08651915028435178,,,
Video,video,1,OpenBCI-RAW-2026-06-05_15-20-10.txt,blink-like,394411.0,1577.644,-314.0592837266271,-5.956142474585663,2.0066168711614107,0.08594534827093593,,,
Video,video,1,OpenBCI-RAW-2026-06-05_15-20-10.txt,blink-like,394761.0,1579.044,-376.9249585867013,-7.097802646554197,2.500502004226955,0.09751165671460331,,,
Video,video,1,OpenBCI-RAW-2026-06-05_15-20-10.txt,blink-like,394984.0,1579.936,-280.7477372162646,-5.351194448461612,2.344109294931361,0.09040383145888337,,,
Video,video,1,OpenBCI-RAW-2026-06-05_15-20-10.txt,blink-like,395262.0,1581.048,-392.7571916469586,-7.3853209140101725,3.1232976032987447,0.09266701408172957,,,
Video,video,1,OpenBCI-RAW-2026-06-05_15-20-10.txt,blink-like,398241.0,1592.964,-311.12297700023464,-5.902818232864453,2.3181451108745126,0.08510626310668885,,,
Video,video,1,OpenBCI-RAW-2026-06-05_15-20-10.txt,blink-like,398624.0,1594.496,-298.1166468129451,-5.666619238876862,3.845284865856283,0.08310755545343272,,,
Video,video,1,OpenBCI-RAW-2026-06-05_15-20-10.txt,blink-like,398784.0,1595.136,-503.86435493359534,-9.403061492268364,5.131929776780082,0.0897530371779576,,,
Video,video,1,OpenBCI-RAW-2026-06-05_15-20-10.txt,blink-like,399209.0,1596.836,-325.7592189661995,-6.168616930755292,4.052755600210686,0.08705719906953163,,,
Video,video,1,OpenBCI-RAW-2026-06-05_15-20-10.txt,blink-like,399576.0,1598.304,-330.5568903758825,-6.255744132981603,4.845467149818373,0.09713587800576351,,,
Video,video,1,OpenBCI-RAW-2026-06-05_15-20-10.txt,blink-like,401168.0,1604.672,-376.9220224762748,-7.097749325877342,6.335378134244945,0.09066842949972488,,,
Video,video,1,OpenBCI-RAW-2026-06-05_15-20-10.txt,blink-like,401352.0,1605.408,-408.7071718768035,-7.674977506620208,7.7413524244015,0.09746305388724431,,,
Video,video,1,OpenBCI-RAW-2026-06-05_15-20-10.txt,blink-like,401632.0,1606.528,-371.5687234079742,-7.0005317528771585,13.910546257501077,0.12390036130347289,,,
Video,video,1,OpenBCI-RAW-2026-06-05_15-20-10.txt,blink-like,401832.0,1607.328,-347.64581391699113,-6.566084289706616,4.784798961379514,0.09134296618308872,,,
Video,video,1,OpenBCI-RAW-2026-06-05_15-20-10.txt,blink-like,402438.0,1609.752,-315.87490672296997,-5.989114751855389,2.465466562947285,0.09696175763802603,,,
Video,video,1,OpenBCI-RAW-2026-06-05_15-20-10.txt,blink-like,402826.0,1611.304,-337.05154745552176,-6.373689121799764,4.478406601196696,0.08760725808120333,,,
Video,video,1,OpenBCI-RAW-2026-06-05_15-20-10.txt,blink-like,403228.0,1612.912,-330.0144984090701,-6.245894126479904,4.837053672423322,0.09322799831791781,,,
Video,video,1,OpenBCI-RAW-2026-06-05_15-20-10.txt,blink-like,403479.0,1613.916,-373.22797710807225,-7.030664315182578,2.9936294517108792,0.089061892606318,,,
Video,video,1,OpenBCI-RAW-2026-06-05_15-20-10.txt,blink-like,403727.0,1614.908,-633.0654101484856,-11.749392765152335,4.186855200919039,0.14395645932713524,,,
Video,video,1,OpenBCI-RAW-2026-06-05_15-20-10.txt,blink-like,404076.0,1616.304,-705.5811985769365,-13.066301995378982,9.56715763458352,0.27278294598986397,,,
Video,video,1,OpenBCI-RAW-2026-06-05_15-20-10.txt,blink-like,404562.0,1618.248,-282.2695041315071,-5.378830208071586,2.4312599421200773,0.08478065111348405,,,
Video,video,1,OpenBCI-RAW-2026-06-05_15-20-10.txt,blink-like,405383.0,1621.532,-328.3795401726796,-6.216202777337887,3.3913553031878543,0.08807410104991868,,,
Video,video,1,OpenBCI-RAW-2026-06-05_15-20-10.txt,blink-like,405885.0,1623.54,-313.53455537055794,-5.946613244738691,1.7783501537169613,0.08457126709539443,,,
Video,video,1,OpenBCI-RAW-2026-06-05_15-20-10.txt,blink-like,406071.0,1624.284,-424.55813212265906,-7.962835865580462,5.111450633163632,0.0939271830173675,,,
Video,video,1,OpenBCI-RAW-2026-06-05_15-20-10.txt,blink-like,406243.0,1624.972,-407.50958304486466,-7.6532289216433975,2.515434102987353,0.08548807965754532,,,
Video,video,1,OpenBCI-RAW-2026-06-05_15-20-10.txt,blink-like,408049.0,1632.196,-310.0288993435865,-5.882949442965736,1.563914467447806,0.08588781667873263,,,
Video,video,1,OpenBCI-RAW-2026-06-05_15-20-10.txt,blink-like,408284.0,1633.136,-367.52795138999323,-6.927150078581898,5.33523582552564,0.08686609979718923,,,
Video,video,1,OpenBCI-RAW-2026-06-05_15-20-10.txt,blink-like,408620.0,1634.48,-371.07464089739324,-6.9915590610981875,5.382311045308513,0.08987905453727581,,,
Video,video,1,OpenBCI-RAW-2026-06-05_15-20-10.txt,blink-like,408895.0,1635.58,-392.48415440722073,-7.380362472972727,2.3147965607576046,0.09520861478336155,,,
Video,video,1,OpenBCI-RAW-2026-06-05_15-20-10.txt,blink-like,409364.0,1637.456,-349.85383725958366,-6.606182679084055,11.402957933466757,0.08991145802242681,,,
Video,video,1,OpenBCI-RAW-2026-06-05_15-20-10.txt,blink-like,409968.0,1639.872,-577.2411794540872,-10.735607405233225,23.454117204292366,0.20168112725159154,,,
Video,video,1,OpenBCI-RAW-2026-06-05_15-20-10.txt,blink-like,410224.0,1640.896,-309.8366681283709,-5.879458464419666,8.325120185348876,0.08712195333605632,,,
Video,video,1,OpenBCI-RAW-2026-06-05_15-20-10.txt,blink-like,410614.0,1642.456,-306.0459730786168,-5.810618265503245,2.095965143145053,0.08491317841014825,,,
Video,video,1,OpenBCI-RAW-2026-06-05_15-20-10.txt,blink-like,410803.0,1643.212,-381.28998223880086,-7.177072831188254,2.1182439404824613,0.08604907297785394,,,
Video,video,1,OpenBCI-RAW-2026-06-05_15-20-10.txt,blink-like,411090.0,1644.36,-395.8035036586303,-7.4406428858629505,4.799183770219594,0.08870104028005153,,,
Video,video,1,OpenBCI-RAW-2026-06-05_15-20-10.txt,blink-like,411296.0,1645.184,-421.81408426213613,-7.913003104549782,12.654455605524443,0.09445272433804348,,,
Video,video,1,OpenBCI-RAW-2026-06-05_15-20-10.txt,blink-like,411499.0,1645.996,-360.4026821971236,-6.797752978015339,2.462995326878371,0.09854281111783349,,,
Video,video,1,OpenBCI-RAW-2026-06-05_15-20-10.txt,blink-like,412362.0,1649.448,-318.6682801709261,-6.039843280866875,8.456609676200582,0.08036256737774237,,,
Video,video,1,OpenBCI-RAW-2026-06-05_15-20-10.txt,blink-like,412526.0,1650.104,-495.93561781808,-9.259073164791722,3.3116645000008433,0.08496174488659017,,,
Video,video,1,OpenBCI-RAW-2026-06-05_15-20-10.txt,blink-like,412712.0,1650.848,-306.5498419297812,-5.81976868026536,3.548286252645045,0.08506585843488575,,,
Video,video,1,OpenBCI-RAW-2026-06-05_15-20-10.txt,blink-like,413333.0,1653.332,-373.74327705913083,-7.04002232226753,2.214864148711149,0.09101865542167797,,,
Video,video,1,OpenBCI-RAW-2026-06-05_15-20-10.txt,blink-like,413833.0,1655.332,-439.2420800167619,-8.229500917936486,5.423829143533451,0.11349435202497989,,,
Video,video,1,OpenBCI-RAW-2026-06-05_15-20-10.txt,blink-like,414066.0,1656.264,-463.46236925252464,-8.66934888959311,4.927823260234128,0.11139117846242153,,,
Video,video,1,OpenBCI-RAW-2026-06-05_15-20-10.txt,blink-like,414307.0,1657.228,-392.92294435648114,-7.388331034672664,4.54781138771832,0.09415442994027398,,,
Video,video,1,OpenBCI-RAW-2026-06-05_15-20-10.txt,blink-like,414618.0,1658.472,-328.865170895477,-6.22502198202687,3.045730140798013,0.09156771065690554,,,
Video,video,1,OpenBCI-RAW-2026-06-05_15-20-10.txt,blink-like,414903.0,1659.612,-486.50612718737887,-9.0878306875737,13.630743815124998,0.13933278873772362,,,
Video,video,1,OpenBCI-RAW-2026-06-05_15-20-10.txt,blink-like,415168.0,1660.672,-507.883645732021,-9.476053060947706,1.4722744554205267,0.10766655687661841,,,
Video,video,1,OpenBCI-RAW-2026-06-05_15-20-10.txt,blink-like,415414.0,1661.656,-286.50695649740464,-5.455783658543991,2.080071064584164,0.08489125677105039,,,
Video,video,1,OpenBCI-RAW-2026-06-05_15-20-10.txt,blink-like,415724.0,1662.896,-317.3977161078675,-6.016769443037931,1.038892855256344,0.0834076441845391,,,
Video,video,1,OpenBCI-RAW-2026-06-05_15-20-10.txt,blink-like,416491.0,1665.964,-465.90934243096405,-8.713786682170976,1.5542078585313135,0.11746316942456178,,,
Video,video,1,OpenBCI-RAW-2026-06-05_15-20-10.txt,blink-like,416648.0,1666.592,-326.31674639213634,-6.17874180189346,3.745305186291919,0.07636267855018378,,,
Video,video,1,OpenBCI-RAW-2026-06-05_15-20-10.txt,blink-like,416835.0,1667.34,-671.2735687386074,-12.443264786787195,12.44098927536637,0.19439096800261177,,,
Video,video,1,OpenBCI-RAW-2026-06-05_15-20-10.txt,blink-like,417238.0,1668.952,-360.4034305095969,-6.797766567602165,3.4382586461260995,0.08802941342303529,,,
Video,video,1,OpenBCI-RAW-2026-06-05_15-20-10.txt,blink-like,417394.0,1669.576,-313.52432425335184,-5.946427444474,2.3374452203188647,0.0808694674745202,,,
Video,video,1,OpenBCI-RAW-2026-06-05_15-20-10.txt,blink-like,417611.0,1670.444,-319.2720289665586,-6.050807546428039,3.2910793702022083,0.0814356840623077,,,
Video,video,1,OpenBCI-RAW-2026-06-05_15-20-10.txt,blink-like,417746.0,1670.984,-598.73723404771,-11.125982430055975,8.732888699821322,0.10937244058516808,,,
Video,video,1,OpenBCI-RAW-2026-06-05_15-20-10.txt,blink-like,418196.0,1672.784,-349.3506380550934,-6.597044425313433,6.770802748928075,0.08390565065178089,,,
Video,video,1,OpenBCI-RAW-2026-06-05_15-20-10.txt,blink-like,418312.0,1673.248,-428.44990759142155,-8.033511716286267,6.87785058017145,0.09065961449011228,,,
Video,video,1,OpenBCI-RAW-2026-06-05_15-20-10.txt,blink-like,418444.0,1673.776,-366.5694983187677,-6.909744273258808,3.1454013989532883,0.08154487860598601,,,
Video,video,1,OpenBCI-RAW-2026-06-05_15-20-10.txt,blink-like,418638.0,1674.552,-367.3744893243014,-6.924363159826975,4.268877298517884,0.08186294335732236,,,
Video,video,1,OpenBCI-RAW-2026-06-05_15-20-10.txt,blink-like,418791.0,1675.164,-350.723197284741,-6.621970527031808,3.370534733103287,0.07500066244928166,,,
Video,video,1,OpenBCI-RAW-2026-06-05_15-20-10.txt,blink-like,418975.0,1675.9,-357.6425766860461,-6.7476286050655245,2.9185220996271175,0.07750804154155776,,,
Video,video,1,OpenBCI-RAW-2026-06-05_15-20-10.txt,blink-like,419091.0,1676.364,-406.75279162429837,-7.6394853545016925,3.1038690036229797,0.08209266061754897,,,
Video,video,1,OpenBCI-RAW-2026-06-05_15-20-10.txt,blink-like,419360.0,1677.44,-458.97268278159186,-8.587814789467746,6.300550148221698,0.08697964033088647,,,
Video,video,1,OpenBCI-RAW-2026-06-05_15-20-10.txt,blink-like,419597.0,1678.388,-498.13896088978294,-9.299086558996827,4.091982189017021,0.09693865398853085,,,
Video,video,1,OpenBCI-RAW-2026-06-05_15-20-10.txt,blink-like,419760.0,1679.04,-282.3269707074174,-5.379873818930488,1.798045434901114,0.07350212668976747,,,
Video,video,1,OpenBCI-RAW-2026-06-05_15-20-10.txt,blink-like,419880.0,1679.52,-340.34054846608416,-6.433418401214659,5.527049074598593,0.07718846337078139,,,
Video,video,1,OpenBCI-RAW-2026-06-05_15-20-10.txt,blink-like,420001.0,1680.004,-361.82444419806427,-6.823572617335286,6.672572414319269,0.08619703187071719,,,
Video,video,1,OpenBCI-RAW-2026-06-05_15-20-10.txt,blink-like,420233.0,1680.932,-327.00901444849336,-6.191313604709988,1.8572600514033888,0.08582469102949836,,,
Video,video,1,OpenBCI-RAW-2026-06-05_15-20-10.txt,blink-like,420422.0,1681.688,-327.1764930855275,-6.194355068751901,2.09507542232519,0.0785641186516732,,,
Video,video,1,OpenBCI-RAW-2026-06-05_15-20-10.txt,blink-like,420680.0,1682.72,-353.3156393275488,-6.66905007934709,2.780333423808934,0.07690746372542344,,,
Video,video,1,OpenBCI-RAW-2026-06-05_15-20-10.txt,blink-like,420918.0,1683.672,-414.5050774085988,-7.780269271024548,3.9670717749540483,0.08687855723430403,,,
Video,video,1,OpenBCI-RAW-2026-06-05_15-20-10.txt,blink-like,421117.0,1684.468,-332.40847496006097,-6.289369483850619,1.5792507151867985,0.07596627216669731,,,
Video,video,1,OpenBCI-RAW-2026-06-05_15-20-10.txt,blink-like,421232.0,1684.928,-408.03655217388547,-7.662798844622815,3.263642158608442,0.0864491036965046,,,
Video,video,1,OpenBCI-RAW-2026-06-05_15-20-10.txt,blink-like,421356.0,1685.424,-284.02442286462065,-5.410700077075563,1.539098773448729,0.07426192520512268,,,
Video,video,1,OpenBCI-RAW-2026-06-05_15-20-10.txt,blink-like,421539.0,1686.156,-395.51449294031056,-7.4353943614955265,2.13664326956281,0.0885501583579462,,,
Video,video,1,OpenBCI-RAW-2026-06-05_15-20-10.txt,blink-like,421815.0,1687.26,-347.1635751505974,-6.557326683998949,0.9904879145078923,0.07939480495708995,,,
Video,video,1,OpenBCI-RAW-2026-06-05_15-20-10.txt,blink-like,421904.0,1687.616,-337.14982989437544,-6.375473961400912,4.650271482257099,0.07214240585966036,,,
Video,video,1,OpenBCI-RAW-2026-06-05_15-20-10.txt,blink-like,421997.0,1687.988,-431.94731886179903,-8.09702579071991,4.8839780018532455,0.08641707732900977,,,
Video,video,1,OpenBCI-RAW-2026-06-05_15-20-10.txt,blink-like,422513.0,1690.052,-305.8860018671328,-5.807713138639987,2.2884103638037785,0.07877631159313023,,,
Video,video,1,OpenBCI-RAW-2026-06-05_15-20-10.txt,blink-like,422610.0,1690.44,-392.73185578935994,-7.38486080697072,2.2131081634107352,0.084167631783057,,,
Video,video,1,OpenBCI-RAW-2026-06-05_15-20-10.txt,blink-like,422939.0,1691.756,-423.5880098123178,-7.945218143252341,2.784571776295625,0.10173090360988862,,,
Video,video,1,OpenBCI-RAW-2026-06-05_15-20-10.txt,blink-like,423709.0,1694.836,-362.0145648084487,-6.827025266642391,2.127577281340425,0.08561187801905908,,,
Video,video,1,OpenBCI-RAW-2026-06-05_15-20-10.txt,blink-like,423955.0,1695.82,-419.3583590580642,-7.868406372469383,3.9972893436404875,0.08990316615160554,,,
Video,video,1,OpenBCI-RAW-2026-06-05_15-20-10.txt,blink-like,424149.0,1696.596,-418.9612563917468,-7.861194864769415,5.560070313862324,0.08594427720201202,,,
Video,video,1,OpenBCI-RAW-2026-06-05_15-20-10.txt,blink-like,424377.0,1697.508,-405.83881005568963,-7.6228871654722035,9.160730938678762,0.09413431139313616,,,
Video,video,1,OpenBCI-RAW-2026-06-05_15-20-10.txt,blink-like,424738.0,1698.952,-539.4753584532573,-10.049768371542632,6.326513209387115,0.11973835770902223,,,
Video,video,1,OpenBCI-RAW-2026-06-05_15-20-10.txt,blink-like,425262.0,1701.048,-420.02759474930036,-7.88055990038497,7.604107091691339,0.08596594305103644,,,
Video,video,1,OpenBCI-RAW-2026-06-05_15-20-10.txt,blink-like,425455.0,1701.82,-357.58913742872056,-6.746658131562394,11.573406105821,0.08979237529914826,,,
Video,video,1,OpenBCI-RAW-2026-06-05_15-20-10.txt,blink-like,426107.0,1704.428,-359.6140041219308,-6.7834303393264745,3.5840513152280273,0.08628573507023975,,,
Video,video,1,OpenBCI-RAW-2026-06-05_15-20-10.txt,blink-like,426352.0,1705.408,-303.806846876486,-5.769955038540778,6.283401311640644,0.08232287196279503,,,
Video,video,1,OpenBCI-RAW-2026-06-05_15-20-10.txt,blink-like,426530.0,1706.12,-341.93840464238065,-6.462435965427116,5.622478413437181,0.08942402216140181,,,
Video,video,1,OpenBCI-RAW-2026-06-05_15-20-10.txt,blink-like,426903.0,1707.612,-339.70874052848495,-6.421944572924482,7.228486089160321,0.08763830312504434,,,
Video,video,1,OpenBCI-RAW-2026-06-05_15-20-10.txt,blink-like,427103.0,1708.412,-386.6752773421381,-7.274871462117801,5.815905313616993,0.08438542647054419,,,
Video,video,1,OpenBCI-RAW-2026-06-05_15-20-10.txt,blink-like,427388.0,1709.552,-375.31000815977023,-7.068474645443343,4.989419134394468,0.09028526904876344,,,
Video,video,1,OpenBCI-RAW-2026-06-05_15-20-10.txt,blink-like,427608.0,1710.432,-296.2972820469806,-5.633579009909184,4.633933515123507,0.0804922121411655,,,
Video,video,1,OpenBCI-RAW-2026-06-05_15-20-10.txt,blink-like,427798.0,1711.192,-423.5579179171995,-7.944671665095031,2.137822852469095,0.09536828915495425,,,
Video,video,1,OpenBCI-RAW-2026-06-05_15-20-10.txt,blink-like,428706.0,1714.824,-339.09240242103635,-6.410751681552415,9.138060390558238,0.09597178130527027,,,
Video,video,1,OpenBCI-RAW-2026-06-05_15-20-10.txt,blink-like,429037.0,1716.148,-653.9530603363517,-12.12871897708874,16.526140362908773,0.14622089330665766,,,
Video,video,1,OpenBCI-RAW-2026-06-05_15-20-10.txt,blink-like,431336.0,1725.344,-293.6616895863521,-5.585715832610325,4.668575063685972,0.08842837863136083,,,
Video,video,1,OpenBCI-RAW-2026-06-05_15-20-10.txt,blink-like,432164.0,1728.656,-314.43688630795924,-5.96299985468854,7.381919926458572,0.08534082137420773,,,
Video,video,1,OpenBCI-RAW-2026-06-05_15-20-10.txt,blink-like,433215.0,1732.86,-488.30340001606015,-9.120469720101923,3.0162218387698583,0.10556485163862817,,,
Video,video,1,OpenBCI-RAW-2026-06-05_15-20-10.txt,blink-like,434693.0,1738.772,-283.85992524551204,-5.407712749244629,5.781120133934784,0.09947600649227388,,,
Video,video,1,OpenBCI-RAW-2026-06-05_15-20-10.txt,blink-like,435700.0,1742.8,-538.414605526129,-10.030504769077584,7.28244235723523,0.11740669070091099,,,
Video,video,1,OpenBCI-RAW-2026-06-05_15-20-10.txt,blink-like,435902.0,1743.608,-620.6682489271299,-11.524256468701259,7.514529415022007,0.20074494121014141,,,
Video,video,1,OpenBCI-RAW-2026-06-05_15-20-10.txt,blink-like,436759.0,1747.036,-330.17182360883123,-6.248751200948826,4.844715387341257,0.08807178649073466,,,
Video,video,1,OpenBCI-RAW-2026-06-05_15-20-10.txt,blink-like,437584.0,1750.336,-427.32336889454206,-8.01305342381949,3.2034429362218657,0.09008783904020674,,,
Video,video,1,OpenBCI-RAW-2026-06-05_15-20-10.txt,blink-like,438090.0,1752.36,-540.4436123582693,-10.067352163049932,4.081329835661428,0.16645660948264412,,,
Video,video,1,OpenBCI-RAW-2026-06-05_15-20-10.txt,blink-like,438350.0,1753.4,-457.2559888652944,-8.556639095003957,2.400213519003519,0.11673010456888006,,,
Video,video,1,OpenBCI-RAW-2026-06-05_15-20-10.txt,blink-like,438561.0,1754.244,-277.1471351740388,-5.2858063975758585,1.6285519752021698,0.08018111369968392,,,
Video,video,1,OpenBCI-RAW-2026-06-05_15-20-10.txt,blink-like,438658.0,1754.632,-455.11609220168214,-8.517777907266577,3.37167910869054,0.09152031073928811,,,
Video,video,1,OpenBCI-RAW-2026-06-05_15-20-10.txt,blink-like,438815.0,1755.26,-389.4937482867725,-7.326055769460426,6.048624121562071,0.08937204189086333,,,
Video,video,1,OpenBCI-RAW-2026-06-05_15-20-10.txt,blink-like,439104.0,1756.416,-366.62951711140454,-6.910834233165794,4.574108882836018,0.08603085349779577,,,
Video,video,1,OpenBCI-RAW-2026-06-05_15-20-10.txt,blink-like,439264.0,1757.056,-407.89985114888344,-7.660316311570247,3.4905671875426934,0.08055606645601801,,,
Video,video,1,OpenBCI-RAW-2026-06-05_15-20-10.txt,blink-like,439463.0,1757.852,-716.2978362931802,-13.260919463262423,9.122685560179976,0.16675241550896316,,,
Video,video,1,OpenBCI-RAW-2026-06-05_15-20-10.txt,blink-like,439733.0,1758.932,-498.79213387223393,-9.310948383134244,2.935964605855528,0.3372151189451106,,,
Video,video,1,OpenBCI-RAW-2026-06-05_15-20-10.txt,blink-like,439898.0,1759.592,-316.1867134243501,-5.994777258352153,10.064018124817045,0.06689178408007138,,,
Video,video,1,OpenBCI-RAW-2026-06-05_15-20-10.txt,blink-like,440295.0,1761.18,295.17210024750466,5.107688592918988,20.71354733188473,0.22223435586318374,,,
Video,video,1,OpenBCI-RAW-2026-06-05_15-20-10.txt,blink-like,440443.0,1761.772,-401.09187952095607,-7.536681433287366,5.684649488683579,0.5333630685363896,,,
Video,video,1,OpenBCI-RAW-2026-06-05_15-20-10.txt,blink-like,440881.0,1763.524,-310.12673256977837,-5.884726124725489,2.458267923137058,0.09117657137569041,,,
Video,video,1,OpenBCI-RAW-2026-06-05_15-20-10.txt,blink-like,441601.0,1766.404,-262.08872211414297,-5.012340941557152,1.21807293627193,0.07010761021194048,,,
Video,video,1,OpenBCI-RAW-2026-06-05_15-20-10.txt,blink-like,441692.0,1766.768,494.4659925843695,8.726927548104126,5.225777554812808,0.25711526633705944,,,
Video,video,1,OpenBCI-RAW-2026-06-05_15-20-10.txt,blink-like,442191.0,1768.764,-447.840585612471,-8.38565244894159,1.3247264125513933,0.2675400080692489,,,
Video,video,1,OpenBCI-RAW-2026-06-05_15-20-10.txt,blink-like,442747.0,1770.988,-266.7282344511479,-5.096595925923496,4.0931030276654425,0.08274929274851456,,,
Video,video,1,OpenBCI-RAW-2026-06-05_15-20-10.txt,blink-like,442861.0,1771.444,-327.9739916596081,-6.208837890438871,1.331017441729274,0.08613962131296285,,,
Video,video,1,OpenBCI-RAW-2026-06-05_15-20-10.txt,blink-like,443188.0,1772.752,-333.93883690648175,-6.3171613318950985,5.5309275240106395,0.09162468624813482,,,
Video,video,1,OpenBCI-RAW-2026-06-05_15-20-10.txt,blink-like,444181.0,1776.724,-450.8410368920095,-8.440141575661466,10.153928973990931,0.09205479326401837,,,
Video,video,1,OpenBCI-RAW-2026-06-05_15-20-10.txt,blink-like,446257.0,1785.028,-587.2359025343131,-10.917114679209782,32.80360226393212,0.13100917238532567,,,
Video,video,1,OpenBCI-RAW-2026-06-05_15-20-10.txt,blink-like,451478.0,1805.912,-383.1425179555366,-7.210715454919788,3.8104891928558633,0.10115617124829442,,,
Video,video,1,OpenBCI-RAW-2026-06-05_15-20-10.txt,blink-like,451636.0,1806.544,-486.3957849931455,-9.085826839070931,8.786810438170113,0.13939662464219146,,,
Video,video,1,OpenBCI-RAW-2026-06-05_15-20-10.txt,blink-like,452621.0,1810.484,-418.11912532919246,-7.845901503235704,2.2064411061711477,0.09220410616882145,,,
Video,video,1,OpenBCI-RAW-2026-06-05_15-20-10.txt,blink-like,452937.0,1811.748,-516.9157964576017,-9.640079722135448,3.0210779007941855,0.09984558080602438,,,
Video,video,1,OpenBCI-RAW-2026-06-05_15-20-10.txt,blink-like,453128.0,1812.512,-438.0172586822166,-8.207257782258072,3.944262303607791,0.08978758934116922,,,
Video,video,1,OpenBCI-RAW-2026-06-05_15-20-10.txt,blink-like,453638.0,1814.552,-410.79317480468234,-7.712859967385478,3.594013250471164,0.0905674591914285,,,
Video,video,1,OpenBCI-RAW-2026-06-05_15-20-10.txt,blink-like,453892.0,1815.568,-533.7708553154723,-9.946172823610086,8.1077196755407,0.11234995991340839,,,
Video,video,1,OpenBCI-RAW-2026-06-05_15-20-10.txt,blink-like,454235.0,1816.94,-389.9640884309291,-7.334597292494368,11.348165644057172,0.09269797574332915,,,
Video,video,1,OpenBCI-RAW-2026-06-05_15-20-10.txt,blink-like,455121.0,1820.484,-375.08417284283684,-7.064373405977759,6.137163012059514,0.09164050792087801,,,
Video,video,1,OpenBCI-RAW-2026-06-05_15-20-10.txt,blink-like,455647.0,1822.588,-334.9055939315589,-6.334717939598077,2.375501786337499,0.09462629823945462,,,
Video,video,1,OpenBCI-RAW-2026-06-05_15-20-10.txt,blink-like,455891.0,1823.564,-317.94152336267035,-6.026645151608909,1.3904477832224191,0.1005578607826028,,,
Video,video,1,OpenBCI-RAW-2026-06-05_15-20-10.txt,blink-like,456156.0,1824.624,-438.1096965784349,-8.208936483150536,6.129304778413446,0.09236809374019504,,,
Video,video,1,OpenBCI-RAW-2026-06-05_15-20-10.txt,blink-like,456495.0,1825.98,-410.187255826067,-7.701856290627618,7.31867664102366,0.0902768217609264,,,
Video,video,1,OpenBCI-RAW-2026-06-05_15-20-10.txt,blink-like,457300.0,1829.2,-706.1723211683786,-13.07703696515227,4.78162612743774,0.1972499971864745,,,
Video,video,1,OpenBCI-RAW-2026-06-05_15-20-10.txt,blink-like,457427.0,1829.708,-264.084616210848,-5.04858699797422,13.23008176854502,0.06929250459559262,,,
Video,video,1,OpenBCI-RAW-2026-06-05_15-20-10.txt,blink-like,457681.0,1830.724,-465.7650099490711,-8.7111655594921,5.922973403971047,0.09660074102599174,,,
Video,video,1,OpenBCI-RAW-2026-06-05_15-20-10.txt,blink-like,457856.0,1831.424,-411.8976727239148,-7.732917992487674,3.586727900870748,0.0935654965613503,,,
Video,video,1,OpenBCI-RAW-2026-06-05_15-20-10.txt,blink-like,458312.0,1833.248,-423.25115474694115,-7.939100750689192,8.804830303874477,0.09744823805545456,,,
Video,video,1,OpenBCI-RAW-2026-06-05_15-20-10.txt,blink-like,458600.0,1834.4,-372.6225935178646,-7.019670361244411,4.13053894956314,0.09078059670771473,,,
Video,video,1,OpenBCI-RAW-2026-06-05_15-20-10.txt,blink-like,458859.0,1835.436,-376.40011886045636,-7.088271394190257,9.321767472862541,0.09373535200511106,,,
Video,video,1,OpenBCI-RAW-2026-06-05_15-20-10.txt,blink-like,459051.0,1836.204,-467.98814129485925,-8.751538314897818,11.522438259346053,0.0970189880754333,,,
Video,video,1,OpenBCI-RAW-2026-06-05_15-20-10.txt,blink-like,459214.0,1836.856,-407.14505417291133,-7.646608964161543,11.79456634555973,0.08326460391818545,,,
Video,video,1,OpenBCI-RAW-2026-06-05_15-20-10.txt,blink-like,459329.0,1837.316,-439.8773260311831,-8.241037182769093,6.071715072117856,0.08748580132820644,,,
Video,video,1,OpenBCI-RAW-2026-06-05_15-20-10.txt,blink-like,459462.0,1837.848,-349.0949610349641,-6.592401251253521,6.799949424166097,0.08114256598008797,,,
Video,video,1,OpenBCI-RAW-2026-06-05_15-20-10.txt,blink-like,459558.0,1838.232,-428.76788983209946,-8.03928637249386,6.736631653429218,0.09150986092467793,,,
Video,video,1,OpenBCI-RAW-2026-06-05_15-20-10.txt,blink-like,459674.0,1838.696,-360.775210972495,-6.804518216226817,9.429780190771682,0.08138257143762893,,,
Video,video,1,OpenBCI-RAW-2026-06-05_15-20-10.txt,blink-like,459776.0,1839.104,-326.25831781767454,-6.177680720842211,6.25020295097616,0.07661805130145513,,,
Video,video,1,OpenBCI-RAW-2026-06-05_15-20-10.txt,blink-like,459943.0,1839.772,-545.1570976473336,-10.15295051919041,5.662110074000899,0.10477436695480719,,,
Video,video,1,OpenBCI-RAW-2026-06-05_15-20-10.txt,blink-like,460160.0,1840.64,-396.49271009179466,-7.4531590886518275,3.2385877572181037,0.0845204182381276,,,
Video,video,1,OpenBCI-RAW-2026-06-05_15-20-10.txt,blink-like,460590.0,1842.36,-350.15515562010035,-6.611654714054656,8.182393577108016,0.09287453377456405,,,
Video,video,1,OpenBCI-RAW-2026-06-05_15-20-10.txt,blink-like,460804.0,1843.216,-369.8648509708313,-6.969588900455218,7.099305864702637,0.08560852138861083,,,
Video,video,1,OpenBCI-RAW-2026-06-05_15-20-10.txt,blink-like,461007.0,1844.028,-382.8252185515987,-7.204953199239378,5.923131728901438,0.0792612843120005,,,
Video,video,1,OpenBCI-RAW-2026-06-05_15-20-10.txt,blink-like,461204.0,1844.816,-636.912911045959,-11.819264575898588,11.419891476547253,0.12299935611779801,,,
Video,video,1,OpenBCI-RAW-2026-06-05_15-20-10.txt,blink-like,461431.0,1845.724,-363.57605529688755,-6.855382418673705,7.814926681795233,0.082750717359595,,,
Video,video,1,OpenBCI-RAW-2026-06-05_15-20-10.txt,blink-like,461545.0,1846.18,-341.0943105012822,-6.447106953777611,4.833716541505193,0.07860170690459199,,,
Video,video,1,OpenBCI-RAW-2026-06-05_15-20-10.txt,blink-like,461808.0,1847.232,-385.9359437074038,-7.261444933786536,7.0524955297810905,0.08627874245727435,,,
Video,video,1,OpenBCI-RAW-2026-06-05_15-20-10.txt,blink-like,462069.0,1848.276,-578.4940925606278,-10.758360696212103,6.619382056646288,0.15091044474788942,,,
Video,video,1,OpenBCI-RAW-2026-06-05_15-20-10.txt,blink-like,462387.0,1849.548,-337.00352680390785,-6.37281705185855,0.804584619302537,0.07685486364224926,,,
Video,video,1,OpenBCI-RAW-2026-06-05_15-20-10.txt,blink-like,462537.0,1850.148,-642.8401034294214,-11.926904229666018,2.7802349646548628,0.148785715902457,,,
Video,video,1,OpenBCI-RAW-2026-06-05_15-20-10.txt,blink-like,462826.0,1851.304,-424.9361267022608,-7.969700364493611,1.7444193412576683,0.08618162659229711,,,
Video,video,1,OpenBCI-RAW-2026-06-05_15-20-10.txt,blink-like,462964.0,1851.856,-473.53665971966444,-8.852301132017542,1.9372874370468305,0.11230367330741137,,,
Video,video,1,OpenBCI-RAW-2026-06-05_15-20-10.txt,blink-like,463279.0,1853.116,-415.7672134745065,-7.803190053808779,8.100197016493622,0.08994334585312753,,,
Video,video,1,OpenBCI-RAW-2026-06-05_15-20-10.txt,blink-like,463802.0,1855.208,-388.74653821803867,-7.312486202642509,6.620415204005554,0.08362051677308045,,,
Video,video,1,OpenBCI-RAW-2026-06-05_15-20-10.txt,blink-like,464367.0,1857.468,-431.0519645904314,-8.080765879191121,8.97106807458948,0.0914555389250163,,,
Video,video,1,OpenBCI-RAW-2026-06-05_15-20-10.txt,blink-like,464716.0,1858.864,-533.8015594503138,-9.946730420230837,13.04605945003792,0.10026489898283035,,,
Video,video,1,OpenBCI-RAW-2026-06-05_15-20-10.txt,blink-like,465442.0,1861.768,-383.8637301832193,-7.223812892873244,7.604052359858163,0.09484005483076907,,,
Video,video,1,OpenBCI-RAW-2026-06-05_15-20-10.txt,blink-like,465605.0,1862.42,-329.0896858017667,-6.229099242425248,3.886299240254592,0.08298071986087598,,,
Video,video,1,OpenBCI-RAW-2026-06-05_15-20-10.txt,blink-like,465700.0,1862.8,-587.6447814544407,-10.924540047334855,34.03335661452598,0.12325500512635336,,,
Video,video,1,OpenBCI-RAW-2026-06-05_15-20-10.txt,blink-like,466437.0,1865.748,-620.3696284016441,-11.518833427252357,23.724102631048076,0.1911802125782706,,,
Video,video,1,OpenBCI-RAW-2026-06-05_15-20-10.txt,blink-like,467662.0,1870.648,-339.36010790468634,-6.415613296244073,3.328485587886047,0.08635156221664511,,,
Video,video,1,OpenBCI-RAW-2026-06-05_15-20-10.txt,blink-like,468081.0,1872.324,-339.116565854002,-6.4111904969965545,8.475986199691352,0.08985974302631802,,,
Video,video,1,OpenBCI-RAW-2026-06-05_15-20-10.txt,blink-like,468213.0,1872.852,-390.92031350768667,-7.351962636746243,12.677965178551862,0.09377482009539381,,,
Video,video,1,OpenBCI-RAW-2026-06-05_15-20-10.txt,blink-like,468378.0,1873.512,-308.4441838942946,-5.854170518435193,10.62445992552064,0.07858756374008953,,,
Video,video,1,OpenBCI-RAW-2026-06-05_15-20-10.txt,blink-like,468510.0,1874.04,-406.42303557861516,-7.633496882340051,10.422128841267853,0.08578650585352443,,,
Video,video,1,OpenBCI-RAW-2026-06-05_15-20-10.txt,blink-like,468611.0,1874.444,-491.80528084317945,-9.184064963073558,9.932219706227425,0.0898524649112951,,,
Video,video,1,OpenBCI-RAW-2026-06-05_15-20-10.txt,blink-like,469219.0,1876.876,-378.6419247137335,-7.1289832844494345,5.941023146522971,0.08969195103342645,,,
Video,video,1,OpenBCI-RAW-2026-06-05_15-20-10.txt,blink-like,469343.0,1877.372,-334.40870935215617,-6.325694361379406,14.40797203587037,0.08315856313030236,,,
Video,video,1,OpenBCI-RAW-2026-06-05_15-20-10.txt,blink-like,469516.0,1878.064,-415.2205675385336,-7.79326279390649,5.55543845784199,0.08806626848387532,,,
Video,video,1,OpenBCI-RAW-2026-06-05_15-20-10.txt,blink-like,470537.0,1882.148,-266.73890344296774,-5.096789678127109,3.3450424814810145,0.08833437062078156,,,
Video,video,1,OpenBCI-RAW-2026-06-05_15-20-10.txt,blink-like,470823.0,1883.292,-368.00061009073966,-6.935733707323299,5.288150127611233,0.08222476699436083,,,
Video,video,1,OpenBCI-RAW-2026-06-05_15-20-10.txt,blink-like,470949.0,1883.796,-509.97979928660027,-9.514119860245096,42.300151332168426,0.0929737763449084,,,
Video,video,1,OpenBCI-RAW-2026-06-05_15-20-10.txt,blink-like,471111.0,1884.444,-447.71676243018186,-8.383403781510586,8.591185892726594,0.08700806477852166,,,
Video,video,1,OpenBCI-RAW-2026-06-05_15-20-10.txt,blink-like,471452.0,1885.808,-435.4477771197027,-8.160595199392956,1.9537171789484038,0.08866764168883674,,,
Video,video,1,OpenBCI-RAW-2026-06-05_15-20-10.txt,blink-like,471940.0,1887.76,-477.53915783019573,-8.924987740271467,9.859996908250379,0.08754850904108025,,,
Video,video,1,OpenBCI-RAW-2026-06-05_15-20-10.txt,blink-like,472181.0,1888.724,-346.9810674800808,-6.554012288043265,4.675246673036065,0.07518904531910084,,,
Video,video,1,OpenBCI-RAW-2026-06-05_15-20-10.txt,blink-like,472337.0,1889.348,-474.432652510803,-8.868572639263597,1.2318330196185052,0.0840521849533543,,,
Video,video,1,OpenBCI-RAW-2026-06-05_15-20-10.txt,blink-like,472571.0,1890.284,-574.2358292070824,-10.681029311743286,6.550971781233575,0.09249188613984734,,,
Video,video,1,OpenBCI-RAW-2026-06-05_15-20-10.txt,blink-like,472860.0,1891.44,-510.92691137655015,-9.531319709827436,4.119321206593622,0.09037455337354913,,,
Video,video,1,OpenBCI-RAW-2026-06-05_15-20-10.txt,horizontal-saccade-like,3192.0,12.768,,,,,-15.348091357684353,-211.66729445735047,negative
Video,video,1,OpenBCI-RAW-2026-06-05_15-20-10.txt,horizontal-saccade-like,5722.0,22.888,,,,,-44.734924491609036,-838.1221860899113,negative
Video,video,1,OpenBCI-RAW-2026-06-05_15-20-10.txt,horizontal-saccade-like,5971.0,23.884,,,,,51.2848197716463,967.1524715855824,positive
Video,video,1,OpenBCI-RAW-2026-06-05_15-20-10.txt,horizontal-saccade-like,6215.0,24.86,,,,,40.023704053185554,715.4679316817928,positive
Video,video,1,OpenBCI-RAW-2026-06-05_15-20-10.txt,horizontal-saccade-like,6447.0,25.788,,,,,-53.64502919304751,-951.2073479165567,negative
Video,video,1,OpenBCI-RAW-2026-06-05_15-20-10.txt,horizontal-saccade-like,6771.0,27.084,,,,,12.029951770680471,201.802523563519,positive
Video,video,1,OpenBCI-RAW-2026-06-05_15-20-10.txt,horizontal-saccade-like,8119.0,32.476,,,,,7.126381109839867,97.29299511950666,positive
Video,video,1,OpenBCI-RAW-2026-06-05_15-20-10.txt,horizontal-saccade-like,8819.0,35.276,,,,,39.11521611209249,700.8929044043847,positive
Video,video,1,OpenBCI-RAW-2026-06-05_15-20-10.txt,horizontal-saccade-like,9108.0,36.432,,,,,-48.61074448433715,-865.3648986792655,negative
Video,video,1,OpenBCI-RAW-2026-06-05_15-20-10.txt,horizontal-saccade-like,9240.0,36.96,,,,,-46.09051575455216,-846.476511364727,negative
Video,video,1,OpenBCI-RAW-2026-06-05_15-20-10.txt,horizontal-saccade-like,9562.0,38.248,,,,,49.370155095871446,955.1931788502734,positive
Video,video,1,OpenBCI-RAW-2026-06-05_15-20-10.txt,horizontal-saccade-like,11422.0,45.688,,,,,-17.940447802868597,-330.7554219728625,negative
Video,video,1,OpenBCI-RAW-2026-06-05_15-20-10.txt,horizontal-saccade-like,11460.0,45.84,,,,,21.676391722796687,313.5901634589359,positive
Video,video,1,OpenBCI-RAW-2026-06-05_15-20-10.txt,horizontal-saccade-like,13221.0,52.884,,,,,-20.722060858251844,-362.38877419856294,negative
Video,video,1,OpenBCI-RAW-2026-06-05_15-20-10.txt,horizontal-saccade-like,14012.0,56.048,,,,,25.699830282611757,390.6045933118267,positive
Video,video,1,OpenBCI-RAW-2026-06-05_15-20-10.txt,horizontal-saccade-like,14348.0,57.392,,,,,-39.66575085759681,-706.6511689816374,negative
Video,video,1,OpenBCI-RAW-2026-06-05_15-20-10.txt,horizontal-saccade-like,18233.0,72.932,,,,,-73.39120951132124,-1488.523311126308,negative
Video,video,1,OpenBCI-RAW-2026-06-05_15-20-10.txt,horizontal-saccade-like,18259.0,73.036,,,,,-70.10560718401058,-1495.5832028033842,negative
Video,video,1,OpenBCI-RAW-2026-06-05_15-20-10.txt,horizontal-saccade-like,18318.0,73.272,,,,,26.974570099164335,487.2152518397579,positive
Video,video,1,OpenBCI-RAW-2026-06-05_15-20-10.txt,horizontal-saccade-like,18443.0,73.772,,,,,35.92507670816205,591.4008917521987,positive
Video,video,1,OpenBCI-RAW-2026-06-05_15-20-10.txt,horizontal-saccade-like,18517.0,74.068,,,,,260.3521700535101,4999.7055037919345,positive
Video,video,1,OpenBCI-RAW-2026-06-05_15-20-10.txt,horizontal-saccade-like,18626.0,74.504,,,,,-90.65267586390999,-1861.67984748242,negative
Video,video,1,OpenBCI-RAW-2026-06-05_15-20-10.txt,horizontal-saccade-like,18656.0,74.624,,,,,-76.72149268942624,-1476.7662068494606,negative
Video,video,1,OpenBCI-RAW-2026-06-05_15-20-10.txt,horizontal-saccade-like,18694.0,74.776,,,,,-56.373412439970394,-1092.4726069971912,negative
Video,video,1,OpenBCI-RAW-2026-06-05_15-20-10.txt,horizontal-saccade-like,18784.0,75.136,,,,,-16.17100994090014,-268.83323000400924,negative
Video,video,1,OpenBCI-RAW-2026-06-05_15-20-10.txt,horizontal-saccade-like,18827.0,75.308,,,,,15.300708210945277,301.47467427669517,positive
Video,video,1,OpenBCI-RAW-2026-06-05_15-20-10.txt,horizontal-saccade-like,18884.0,75.536,,,,,16.150811238484305,215.27634943231305,positive
Video,video,1,OpenBCI-RAW-2026-06-05_15-20-10.txt,horizontal-saccade-like,18915.0,75.66,,,,,-43.58241400911975,-899.2143620358534,negative
Video,video,1,OpenBCI-RAW-2026-06-05_15-20-10.txt,horizontal-saccade-like,18981.0,75.924,,,,,57.41102691721268,857.4162361163644,positive
Video,video,1,OpenBCI-RAW-2026-06-05_15-20-10.txt,horizontal-saccade-like,19026.0,76.104,,,,,32.06234982265847,568.3777172091891,positive
Video,video,1,OpenBCI-RAW-2026-06-05_15-20-10.txt,horizontal-saccade-like,19077.0,76.308,,,,,-18.48267554641767,-322.589141067437,negative
Video,video,1,OpenBCI-RAW-2026-06-05_15-20-10.txt,horizontal-saccade-like,19117.0,76.468,,,,,-37.794066270050074,-696.8907002262175,negative
Video,video,1,OpenBCI-RAW-2026-06-05_15-20-10.txt,horizontal-saccade-like,19312.0,77.248,,,,,-7.049707183578257,-120.3725886142604,negative
Video,video,1,OpenBCI-RAW-2026-06-05_15-20-10.txt,horizontal-saccade-like,19464.0,77.856,,,,,-14.39065647617306,-218.93250506504444,negative
Video,video,1,OpenBCI-RAW-2026-06-05_15-20-10.txt,horizontal-saccade-like,19559.0,78.236,,,,,17.683346345254876,275.46953345467637,positive
Video,video,1,OpenBCI-RAW-2026-06-05_15-20-10.txt,horizontal-saccade-like,19926.0,79.704,,,,,6.071796134439863,98.89429509871195,positive
Video,video,1,OpenBCI-RAW-2026-06-05_15-20-10.txt,horizontal-saccade-like,20038.0,80.152,,,,,39.07068335433006,707.9312501486711,positive
Video,video,1,OpenBCI-RAW-2026-06-05_15-20-10.txt,horizontal-saccade-like,20329.0,81.316,,,,,-41.365780934151076,-693.4854481215265,negative
Video,video,1,OpenBCI-RAW-2026-06-05_15-20-10.txt,horizontal-saccade-like,20431.0,81.724,,,,,-47.494347224635526,-855.6256420335396,negative
Video,video,1,OpenBCI-RAW-2026-06-05_15-20-10.txt,horizontal-saccade-like,21695.0,86.78,,,,,-11.017215959736411,-159.6519880066478,negative
Video,video,1,OpenBCI-RAW-2026-06-05_15-20-10.txt,horizontal-saccade-like,21740.0,86.96,,,,,11.599901402599606,198.96029720228606,positive
Video,video,1,OpenBCI-RAW-2026-06-05_15-20-10.txt,horizontal-saccade-like,23333.0,93.332,,,,,13.550561379326293,188.60149385560632,positive
Video,video,1,OpenBCI-RAW-2026-06-05_15-20-10.txt,horizontal-saccade-like,23797.0,95.188,,,,,-40.26922703176251,-645.1597602321235,negative
Video,video,1,OpenBCI-RAW-2026-06-05_15-20-10.txt,horizontal-saccade-like,23883.0,95.532,,,,,39.321939474641944,627.2976279063022,positive
Video,video,1,OpenBCI-RAW-2026-06-05_15-20-10.txt,horizontal-saccade-like,25356.0,101.424,,,,,-6.296428262243314,-86.05782256914318,negative
Video,video,1,OpenBCI-RAW-2026-06-05_15-20-10.txt,horizontal-saccade-like,25823.0,103.292,,,,,7.415341851984257,119.15498182703145,positive
Video,video,1,OpenBCI-RAW-2026-06-05_15-20-10.txt,horizontal-saccade-like,27184.0,108.736,,,,,-43.802748898995034,-801.6683486403172,negative
Video,video,1,OpenBCI-RAW-2026-06-05_15-20-10.txt,horizontal-saccade-like,27438.0,109.752,,,,,51.59544547823692,938.0274147426679,positive
Video,video,1,OpenBCI-RAW-2026-06-05_15-20-10.txt,horizontal-saccade-like,27497.0,109.988,,,,,38.572444861308846,694.1376674107762,positive
Video,video,1,OpenBCI-RAW-2026-06-05_15-20-10.txt,horizontal-saccade-like,27698.0,110.792,,,,,-51.40620228558281,-863.3628405175477,negative
Video,video,1,OpenBCI-RAW-2026-06-05_15-20-10.txt,horizontal-saccade-like,29111.0,116.444,,,,,15.23389079400651,232.86337977254368,positive
Video,video,1,OpenBCI-RAW-2026-06-05_15-20-10.txt,horizontal-saccade-like,29759.0,119.036,,,,,-10.988029417691854,-153.5756817672971,negative
Video,video,1,OpenBCI-RAW-2026-06-05_15-20-10.txt,horizontal-saccade-like,29845.0,119.38,,,,,21.005749148760557,303.54394608059306,positive
Video,video,1,OpenBCI-RAW-2026-06-05_15-20-10.txt,horizontal-saccade-like,29904.0,119.616,,,,,-7.931506162806127,-145.81334480564973,negative
Video,video,1,OpenBCI-RAW-2026-06-05_15-20-10.txt,horizontal-saccade-like,30848.0,123.392,,,,,-31.936033567047954,-462.70858088687817,negative
Video,video,1,OpenBCI-RAW-2026-06-05_15-20-10.txt,horizontal-saccade-like,30913.0,123.652,,,,,31.87398786023893,461.15756608387227,positive
Video,video,1,OpenBCI-RAW-2026-06-05_15-20-10.txt,horizontal-saccade-like,31070.0,124.28,,,,,-6.890677745095628,-90.0447159287726,negative
Video,video,1,OpenBCI-RAW-2026-06-05_15-20-10.txt,horizontal-saccade-like,31175.0,124.7,,,,,7.581471464290478,103.66610837019782,positive
Video,video,1,OpenBCI-RAW-2026-06-05_15-20-10.txt,horizontal-saccade-like,31840.0,127.36,,,,,13.561533905124632,184.6090219914681,positive
Video,video,1,OpenBCI-RAW-2026-06-05_15-20-10.txt,horizontal-saccade-like,32609.0,130.436,,,,,-7.562067712620772,-103.80782768476159,negative
Video,video,1,OpenBCI-RAW-2026-06-05_15-20-10.txt,horizontal-saccade-like,32852.0,131.408,,,,,7.13833614958677,104.04943834565138,positive
Video,video,1,OpenBCI-RAW-2026-06-05_15-20-10.txt,horizontal-saccade-like,33065.0,132.26,,,,,6.107276857454384,85.79169537430944,positive
Video,video,1,OpenBCI-RAW-2026-06-05_15-20-10.txt,horizontal-saccade-like,33125.0,132.5,,,,,-9.0826292324376,-134.7153683147671,negative
Video,video,1,OpenBCI-RAW-2026-06-05_15-20-10.txt,horizontal-saccade-like,34413.0,137.652,,,,,-7.361901567702988,-105.22231369462321,negative
Video,video,1,OpenBCI-RAW-2026-06-05_15-20-10.txt,horizontal-saccade-like,34511.0,138.044,,,,,8.029593626658325,112.15568010984337,positive
Video,video,1,OpenBCI-RAW-2026-06-05_15-20-10.txt,horizontal-saccade-like,35140.0,140.56,,,,,-8.698266801250327,-175.1229399760079,negative
Video,video,1,OpenBCI-RAW-2026-06-05_15-20-10.txt,horizontal-saccade-like,35910.0,143.64,,,,,-14.42479574716926,-204.61854519239418,negative
Video,video,1,OpenBCI-RAW-2026-06-05_15-20-10.txt,horizontal-saccade-like,37250.0,149.0,,,,,-6.7469481261166715,-89.09237713728106,negative
Video,video,1,OpenBCI-RAW-2026-06-05_15-20-10.txt,horizontal-saccade-like,37373.0,149.492,,,,,34.03756505862347,526.5463333408711,positive
Video,video,1,OpenBCI-RAW-2026-06-05_15-20-10.txt,horizontal-saccade-like,37884.0,151.536,,,,,23.802439987468183,344.21994414915287,positive
Video,video,1,OpenBCI-RAW-2026-06-05_15-20-10.txt,horizontal-saccade-like,38655.0,154.62,,,,,35.17496544412317,598.6989619432713,positive
Video,video,1,OpenBCI-RAW-2026-06-05_15-20-10.txt,horizontal-saccade-like,38716.0,154.864,,,,,15.818158091199077,248.28659274847783,positive
Video,video,1,OpenBCI-RAW-2026-06-05_15-20-10.txt,horizontal-saccade-like,39389.0,157.556,,,,,33.53428993029261,473.02779449047307,positive
Video,video,1,OpenBCI-RAW-2026-06-05_15-20-10.txt,horizontal-saccade-like,39427.0,157.708,,,,,-38.280192954427875,-557.7514376180122,negative
Video,video,1,OpenBCI-RAW-2026-06-05_15-20-10.txt,horizontal-saccade-like,39576.0,158.304,,,,,54.28281651722234,971.3992312977405,positive
Video,video,1,OpenBCI-RAW-2026-06-05_15-20-10.txt,horizontal-saccade-like,39606.0,158.424,,,,,-17.144949878033223,-297.1706349320808,negative
Video,video,1,OpenBCI-RAW-2026-06-05_15-20-10.txt,horizontal-saccade-like,39667.0,158.668,,,,,-46.552594183065544,-761.3734182051073,negative
Video,video,1,OpenBCI-RAW-2026-06-05_15-20-10.txt,horizontal-saccade-like,39695.0,158.78,,,,,11.87525102392099,190.15137210885075,positive
Video,video,1,OpenBCI-RAW-2026-06-05_15-20-10.txt,horizontal-saccade-like,40285.0,161.14,,,,,6.063888245992458,88.36307231736964,positive
Video,video,1,OpenBCI-RAW-2026-06-05_15-20-10.txt,horizontal-saccade-like,41285.0,165.14,,,,,-12.432326352163777,-202.85856935695978,negative
Video,video,1,OpenBCI-RAW-2026-06-05_15-20-10.txt,horizontal-saccade-like,41385.0,165.54,,,,,6.327366117239371,84.77928646973383,positive
Video,video,1,OpenBCI-RAW-2026-06-05_15-20-10.txt,horizontal-saccade-like,42150.0,168.6,,,,,41.4910894053355,760.2056160667616,positive
Video,video,1,OpenBCI-RAW-2026-06-05_15-20-10.txt,horizontal-saccade-like,42405.0,169.62,,,,,38.48502402358136,572.2289103497833,positive
Video,video,1,OpenBCI-RAW-2026-06-05_15-20-10.txt,horizontal-saccade-like,42457.0,169.828,,,,,-34.842564937024335,-503.6324658166121,negative
Video,video,1,OpenBCI-RAW-2026-06-05_15-20-10.txt,horizontal-saccade-like,42547.0,170.188,,,,,46.447226620874154,833.2764147986863,positive
Video,video,1,OpenBCI-RAW-2026-06-05_15-20-10.txt,horizontal-saccade-like,42573.0,170.292,,,,,-13.456878261606269,-162.12892593479046,negative
Video,video,1,OpenBCI-RAW-2026-06-05_15-20-10.txt,horizontal-saccade-like,42606.0,170.424,,,,,-9.823406073116717,-179.47166726612193,negative
Video,video,1,OpenBCI-RAW-2026-06-05_15-20-10.txt,horizontal-saccade-like,42672.0,170.688,,,,,-12.7057676779452,-194.6720787147818,negative
Video,video,1,OpenBCI-RAW-2026-06-05_15-20-10.txt,horizontal-saccade-like,43597.0,174.388,,,,,6.882610461613253,95.02255388855771,positive
Video,video,1,OpenBCI-RAW-2026-06-05_15-20-10.txt,horizontal-saccade-like,43637.0,174.548,,,,,-10.600909503029355,-156.89462608378705,negative
Video,video,1,OpenBCI-RAW-2026-06-05_15-20-10.txt,horizontal-saccade-like,43775.0,175.1,,,,,12.85830901571792,185.89604545439767,positive
Video,video,1,OpenBCI-RAW-2026-06-05_15-20-10.txt,horizontal-saccade-like,44334.0,177.336,,,,,-10.460070442591977,-168.98554489101093,negative
Video,video,1,OpenBCI-RAW-2026-06-05_15-20-10.txt,horizontal-saccade-like,45006.0,180.024,,,,,-9.34544716511236,-118.16327477263872,negative
Video,video,1,OpenBCI-RAW-2026-06-05_15-20-10.txt,horizontal-saccade-like,45409.0,181.636,,,,,10.301096598619566,140.48011195699888,positive
Video,video,1,OpenBCI-RAW-2026-06-05_15-20-10.txt,horizontal-saccade-like,46307.0,185.228,,,,,41.645264350539,839.1927506641744,positive
Video,video,1,OpenBCI-RAW-2026-06-05_15-20-10.txt,horizontal-saccade-like,46347.0,185.388,,,,,-7.552174201343717,-104.02623733639132,negative
Video,video,1,OpenBCI-RAW-2026-06-05_15-20-10.txt,horizontal-saccade-like,48701.0,194.804,,,,,-7.892014403655399,-149.97329898910056,negative
Video,video,1,OpenBCI-RAW-2026-06-05_15-20-10.txt,horizontal-saccade-like,49167.0,196.668,,,,,42.80117106389034,703.9418824846312,positive
Video,video,1,OpenBCI-RAW-2026-06-05_15-20-10.txt,horizontal-saccade-like,49301.0,197.204,,,,,-12.321626749197623,-209.506825320205,negative
Video,video,1,OpenBCI-RAW-2026-06-05_15-20-10.txt,horizontal-saccade-like,50367.0,201.468,,,,,37.975997432156746,582.6560354876841,positive
Video,video,1,OpenBCI-RAW-2026-06-05_15-20-10.txt,horizontal-saccade-like,50393.0,201.572,,,,,-7.470335496593133,-112.60874880341117,negative
Video,video,1,OpenBCI-RAW-2026-06-05_15-20-10.txt,horizontal-saccade-like,50654.0,202.616,,,,,6.411039765026802,94.60054069221047,positive
Video,video,1,OpenBCI-RAW-2026-06-05_15-20-10.txt,horizontal-saccade-like,50714.0,202.856,,,,,-28.970521464061527,-464.83711370082705,negative
Video,video,1,OpenBCI-RAW-2026-06-05_15-20-10.txt,horizontal-saccade-like,51115.0,204.46,,,,,16.11715353747171,208.52803461680384,positive
Video,video,1,OpenBCI-RAW-2026-06-05_15-20-10.txt,horizontal-saccade-like,51229.0,204.916,,,,,-18.968483807841686,-286.27590400459883,negative
Video,video,1,OpenBCI-RAW-2026-06-05_15-20-10.txt,horizontal-saccade-like,51319.0,205.276,,,,,20.17989806858179,278.70424089125925,positive
Video,video,1,OpenBCI-RAW-2026-06-05_15-20-10.txt,horizontal-saccade-like,51386.0,205.544,,,,,-23.573133735619802,-367.7272392634885,negative
Video,video,1,OpenBCI-RAW-2026-06-05_15-20-10.txt,horizontal-saccade-like,51475.0,205.9,,,,,21.309885463651554,325.87991488604496,positive
Video,video,1,OpenBCI-RAW-2026-06-05_15-20-10.txt,horizontal-saccade-like,51542.0,206.168,,,,,29.31913031778716,413.824948756829,positive
Video,video,1,OpenBCI-RAW-2026-06-05_15-20-10.txt,horizontal-saccade-like,51623.0,206.492,,,,,8.637071983352506,103.06116036347137,positive
Video,video,1,OpenBCI-RAW-2026-06-05_15-20-10.txt,horizontal-saccade-like,51651.0,206.604,,,,,-32.51927762972942,-506.94342440739604,negative
Video,video,1,OpenBCI-RAW-2026-06-05_15-20-10.txt,horizontal-saccade-like,51966.0,207.864,,,,,-44.60103963192254,-788.1542572469842,negative
Video,video,1,OpenBCI-RAW-2026-06-05_15-20-10.txt,horizontal-saccade-like,51995.0,207.98,,,,,14.330361537283311,227.63237535076206,positive
Video,video,1,OpenBCI-RAW-2026-06-05_15-20-10.txt,horizontal-saccade-like,52088.0,208.352,,,,,10.860784813918652,141.18123861201667,positive
Video,video,1,OpenBCI-RAW-2026-06-05_15-20-10.txt,horizontal-saccade-like,52454.0,209.816,,,,,13.773433223206823,196.92912191679454,positive
Video,video,1,OpenBCI-RAW-2026-06-05_15-20-10.txt,horizontal-saccade-like,52549.0,210.196,,,,,-14.160945931627115,-192.4820053018962,negative
Video,video,1,OpenBCI-RAW-2026-06-05_15-20-10.txt,horizontal-saccade-like,52617.0,210.468,,,,,15.668068451461806,226.02480594859463,positive
Video,video,1,OpenBCI-RAW-2026-06-05_15-20-10.txt,horizontal-saccade-like,52676.0,210.704,,,,,-8.536372991160938,-129.9230400694904,negative
Video,video,1,OpenBCI-RAW-2026-06-05_15-20-10.txt,horizontal-saccade-like,53762.0,215.048,,,,,9.121676802497793,128.75416657686648,positive
Video,video,1,OpenBCI-RAW-2026-06-05_15-20-10.txt,horizontal-saccade-like,54113.0,216.452,,,,,40.41033616954137,675.1078487135293,positive
Video,video,1,OpenBCI-RAW-2026-06-05_15-20-10.txt,horizontal-saccade-like,54179.0,216.716,,,,,-9.283140603934969,-128.54269025698449,negative
Video,video,1,OpenBCI-RAW-2026-06-05_15-20-10.txt,horizontal-saccade-like,54351.0,217.404,,,,,-39.036827246038165,-591.3789835224765,negative
Video,video,1,OpenBCI-RAW-2026-06-05_15-20-10.txt,horizontal-saccade-like,55287.0,221.148,,,,,-15.418657630291914,-211.97649655134643,negative
Video,video,1,OpenBCI-RAW-2026-06-05_15-20-10.txt,horizontal-saccade-like,55435.0,221.74,,,,,7.1586684112994,113.37087252181442,positive
Video,video,1,OpenBCI-RAW-2026-06-05_15-20-10.txt,horizontal-saccade-like,56212.0,224.848,,,,,12.82522263692096,183.9676276041153,positive
Video,video,1,OpenBCI-RAW-2026-06-05_15-20-10.txt,horizontal-saccade-like,56705.0,226.82,,,,,-29.158333782113775,-502.0444280022418,negative
Video,video,1,OpenBCI-RAW-2026-06-05_15-20-10.txt,horizontal-saccade-like,56743.0,226.972,,,,,13.53460301246348,248.9076335726627,positive
Video,video,1,OpenBCI-RAW-2026-06-05_15-20-10.txt,horizontal-saccade-like,56778.0,227.112,,,,,-14.566138925145047,-150.06494765914832,negative
Video,video,1,OpenBCI-RAW-2026-06-05_15-20-10.txt,horizontal-saccade-like,56819.0,227.276,,,,,-20.13222158168535,-252.37006964965133,negative
Video,video,1,OpenBCI-RAW-2026-06-05_15-20-10.txt,horizontal-saccade-like,56867.0,227.468,,,,,-7.041999694173522,-92.53516763629318,negative
Video,video,1,OpenBCI-RAW-2026-06-05_15-20-10.txt,horizontal-saccade-like,57859.0,231.436,,,,,33.51636037751113,557.4299183016172,positive
Video,video,1,OpenBCI-RAW-2026-06-05_15-20-10.txt,horizontal-saccade-like,57888.0,231.552,,,,,-13.484868548256118,-230.76571931713914,negative
Video,video,1,OpenBCI-RAW-2026-06-05_15-20-10.txt,horizontal-saccade-like,57975.0,231.9,,,,,-45.59639860198988,-803.6356826033532,negative
Video,video,1,OpenBCI-RAW-2026-06-05_15-20-10.txt,horizontal-saccade-like,58004.0,232.016,,,,,11.175894252047904,195.7304301386975,positive
Video,video,1,OpenBCI-RAW-2026-06-05_15-20-10.txt,horizontal-saccade-like,58046.0,232.184,,,,,7.724132639716461,152.43196750283388,positive
Video,video,1,OpenBCI-RAW-2026-06-05_15-20-10.txt,horizontal-saccade-like,58615.0,234.46,,,,,-38.007889938593976,-757.71335816584,negative
Video,video,1,OpenBCI-RAW-2026-06-05_15-20-10.txt,horizontal-saccade-like,58648.0,234.592,,,,,9.97661661253363,187.82210003441799,positive
Video,video,1,OpenBCI-RAW-2026-06-05_15-20-10.txt,horizontal-saccade-like,58703.0,234.812,,,,,8.03265912211557,140.4398702760445,positive
Video,video,1,OpenBCI-RAW-2026-06-05_15-20-10.txt,horizontal-saccade-like,59330.0,237.32,,,,,-7.816881284858254,-130.31380738479078,negative
Video,video,1,OpenBCI-RAW-2026-06-05_15-20-10.txt,horizontal-saccade-like,59611.0,238.444,,,,,-33.17479894409498,-492.3705158989501,negative
Video,video,1,OpenBCI-RAW-2026-06-05_15-20-10.txt,horizontal-saccade-like,59978.0,239.912,,,,,11.682530373520393,160.50690181809097,positive
Video,video,1,OpenBCI-RAW-2026-06-05_15-20-10.txt,horizontal-saccade-like,60420.0,241.68,,,,,-20.355551063659295,-329.0161122394228,negative
Video,video,1,OpenBCI-RAW-2026-06-05_15-20-10.txt,horizontal-saccade-like,60487.0,241.948,,,,,-20.1724572658384,-297.76001826447214,negative
Video,video,1,OpenBCI-RAW-2026-06-05_15-20-10.txt,horizontal-saccade-like,60540.0,242.16,,,,,7.9287894613995356,145.90845411240082,positive
Video,video,1,OpenBCI-RAW-2026-06-05_15-20-10.txt,horizontal-saccade-like,61347.0,245.388,,,,,-7.91058780963601,-119.53794866983526,negative
Video,video,1,OpenBCI-RAW-2026-06-05_15-20-10.txt,horizontal-saccade-like,62249.0,248.996,,,,,-28.406008468632898,-401.61813483637627,negative
Video,video,1,OpenBCI-RAW-2026-06-05_15-20-10.txt,horizontal-saccade-like,62277.0,249.108,,,,,8.506363940451573,130.49112951664608,positive
Video,video,1,OpenBCI-RAW-2026-06-05_15-20-10.txt,horizontal-saccade-like,62447.0,249.788,,,,,-7.722003046458977,-118.52886998990448,negative
Video,video,1,OpenBCI-RAW-2026-06-05_15-20-10.txt,horizontal-saccade-like,62531.0,250.124,,,,,6.300211111338663,87.86062327866875,positive
Video,video,1,OpenBCI-RAW-2026-06-05_15-20-10.txt,horizontal-saccade-like,62816.0,251.264,,,,,8.477443685362442,118.45390798914013,positive
Video,video,1,OpenBCI-RAW-2026-06-05_15-20-10.txt,horizontal-saccade-like,63531.0,254.124,,,,,35.2073962110863,677.668211885879,positive
Video,video,1,OpenBCI-RAW-2026-06-05_15-20-10.txt,horizontal-saccade-like,63618.0,254.472,,,,,-37.984714993824326,-622.477701801138,negative
Video,video,1,OpenBCI-RAW-2026-06-05_15-20-10.txt,horizontal-saccade-like,63696.0,254.784,,,,,-21.127183295475916,-275.6980516605064,negative
Video,video,1,OpenBCI-RAW-2026-06-05_15-20-10.txt,horizontal-saccade-like,63994.0,255.976,,,,,19.93571342237956,280.2383752269927,positive
Video,video,1,OpenBCI-RAW-2026-06-05_15-20-10.txt,horizontal-saccade-like,64083.0,256.332,,,,,-21.743410070120166,-321.2583693964299,negative
Video,video,1,OpenBCI-RAW-2026-06-05_15-20-10.txt,horizontal-saccade-like,64304.0,257.216,,,,,-7.71961461884321,-107.2462407326125,negative
Video,video,1,OpenBCI-RAW-2026-06-05_15-20-10.txt,horizontal-saccade-like,64350.0,257.4,,,,,10.566891396153919,148.97097733862245,positive
Video,video,1,OpenBCI-RAW-2026-06-05_15-20-10.txt,horizontal-saccade-like,64968.0,259.872,,,,,44.04158753861887,811.8223698469653,positive
Video,video,1,OpenBCI-RAW-2026-06-05_15-20-10.txt,horizontal-saccade-like,65033.0,260.132,,,,,44.814701444326744,632.452174313994,positive
Video,video,1,OpenBCI-RAW-2026-06-05_15-20-10.txt,horizontal-saccade-like,65095.0,260.38,,,,,-7.610670766831731,-122.29358637109135,negative
Video,video,1,OpenBCI-RAW-2026-06-05_15-20-10.txt,horizontal-saccade-like,65370.0,261.48,,,,,54.73575891669297,1008.6322268298308,positive
Video,video,1,OpenBCI-RAW-2026-06-05_15-20-10.txt,horizontal-saccade-like,65405.0,261.62,,,,,-19.386861747793088,-312.2726093950405,negative
Video,video,1,OpenBCI-RAW-2026-06-05_15-20-10.txt,horizontal-saccade-like,65535.0,262.14,,,,,-14.656386978196489,-189.38948691751636,negative
Video,video,1,OpenBCI-RAW-2026-06-05_15-20-10.txt,horizontal-saccade-like,65668.0,262.672,,,,,13.812896892974514,179.77417085313667,positive
Video,video,1,OpenBCI-RAW-2026-06-05_15-20-10.txt,horizontal-saccade-like,65871.0,263.484,,,,,-14.700018691503654,-203.53814026710046,negative
Video,video,1,OpenBCI-RAW-2026-06-05_15-20-10.txt,horizontal-saccade-like,65926.0,263.704,,,,,13.263525963156336,178.7343066003851,positive
Video,video,1,OpenBCI-RAW-2026-06-05_15-20-10.txt,horizontal-saccade-like,66100.0,264.4,,,,,-15.079329871483516,-216.10386523224943,negative
Video,video,1,OpenBCI-RAW-2026-06-05_15-20-10.txt,horizontal-saccade-like,66585.0,266.34,,,,,10.219022769378801,138.12295589387347,positive
Video,video,1,OpenBCI-RAW-2026-06-05_15-20-10.txt,horizontal-saccade-like,66627.0,266.508,,,,,-9.276440887415168,-135.2359829147802,negative
Video,video,1,OpenBCI-RAW-2026-06-05_15-20-10.txt,horizontal-saccade-like,66693.0,266.772,,,,,11.456325477660275,149.66012633956174,positive
Video,video,1,OpenBCI-RAW-2026-06-05_15-20-10.txt,horizontal-saccade-like,66756.0,267.024,,,,,-53.36662941073432,-972.9751041868378,negative
Video,video,1,OpenBCI-RAW-2026-06-05_15-20-10.txt,horizontal-saccade-like,67802.0,271.208,,,,,12.103289657716811,164.65559914534646,positive
Video,video,1,OpenBCI-RAW-2026-06-05_15-20-10.txt,horizontal-saccade-like,69034.0,276.136,,,,,-12.58132837730809,-185.3919672848063,negative
Video,video,1,OpenBCI-RAW-2026-06-05_15-20-10.txt,horizontal-saccade-like,69117.0,276.468,,,,,-6.04990158846445,-86.74695660405715,negative
Video,video,1,OpenBCI-RAW-2026-06-05_15-20-10.txt,horizontal-saccade-like,70174.0,280.696,,,,,8.405462130737229,116.81716895718444,positive
Video,video,1,OpenBCI-RAW-2026-06-05_15-20-10.txt,horizontal-saccade-like,70402.0,281.608,,,,,7.354722973079497,119.91336993077539,positive
Video,video,1,OpenBCI-RAW-2026-06-05_15-20-10.txt,horizontal-saccade-like,70484.0,281.936,,,,,60.21957512338505,1067.2859481944356,positive
Video,video,1,OpenBCI-RAW-2026-06-05_15-20-10.txt,horizontal-saccade-like,70832.0,283.328,,,,,6.752484216279928,102.67322401166058,positive
Video,video,1,OpenBCI-RAW-2026-06-05_15-20-10.txt,horizontal-saccade-like,70893.0,283.572,,,,,-9.99918528187047,-129.87419659616455,negative
Video,video,1,OpenBCI-RAW-2026-06-05_15-20-10.txt,horizontal-saccade-like,70926.0,283.704,,,,,20.582399726561952,288.46522525743114,positive
Video,video,1,OpenBCI-RAW-2026-06-05_15-20-10.txt,horizontal-saccade-like,71356.0,285.424,,,,,-9.538520939123222,-99.69759811329743,negative
Video,video,1,OpenBCI-RAW-2026-06-05_15-20-10.txt,horizontal-saccade-like,71437.0,285.748,,,,,10.261413936467024,147.25994591564222,positive
Video,video,1,OpenBCI-RAW-2026-06-05_15-20-10.txt,horizontal-saccade-like,72023.0,288.092,,,,,24.10322323339045,332.6991016320254,positive
Video,video,1,OpenBCI-RAW-2026-06-05_15-20-10.txt,horizontal-saccade-like,72122.0,288.488,,,,,13.103865074784132,171.72666499653502,positive
Video,video,1,OpenBCI-RAW-2026-06-05_15-20-10.txt,horizontal-saccade-like,73240.0,292.96,,,,,8.631959073812478,130.76672437775142,positive
Video,video,1,OpenBCI-RAW-2026-06-05_15-20-10.txt,horizontal-saccade-like,73556.0,294.224,,,,,-34.63303246005991,-505.701028190784,negative
Video,video,1,OpenBCI-RAW-2026-06-05_15-20-10.txt,horizontal-saccade-like,73583.0,294.332,,,,,9.389197574153329,139.6990866003191,positive
Video,video,1,OpenBCI-RAW-2026-06-05_15-20-10.txt,horizontal-saccade-like,73706.0,294.824,,,,,-22.794029529938598,-328.04731633063795,negative
Video,video,1,OpenBCI-RAW-2026-06-05_15-20-10.txt,horizontal-saccade-like,73732.0,294.928,,,,,8.812609460305978,146.02949359264255,positive
Video,video,1,OpenBCI-RAW-2026-06-05_15-20-10.txt,horizontal-saccade-like,74109.0,296.436,,,,,-46.976913161453645,-835.3508318910322,negative
Video,video,1,OpenBCI-RAW-2026-06-05_15-20-10.txt,horizontal-saccade-like,74190.0,296.76,,,,,-21.728717382457084,-266.2736937185392,negative
Video,video,1,OpenBCI-RAW-2026-06-05_15-20-10.txt,horizontal-saccade-like,74237.0,296.948,,,,,-15.234451705096626,-207.44878162375403,negative
Video,video,1,OpenBCI-RAW-2026-06-05_15-20-10.txt,horizontal-saccade-like,74517.0,298.068,,,,,-8.193326986527811,-132.3987710497263,negative
Video,video,1,OpenBCI-RAW-2026-06-05_15-20-10.txt,horizontal-saccade-like,75283.0,301.132,,,,,7.461955445825758,102.34173267279553,positive
Video,video,1,OpenBCI-RAW-2026-06-05_15-20-10.txt,horizontal-saccade-like,75563.0,302.252,,,,,-42.19011785976979,-795.2441090519893,negative
Video,video,1,OpenBCI-RAW-2026-06-05_15-20-10.txt,horizontal-saccade-like,75608.0,302.432,,,,,40.9782785729694,817.9922970815481,positive
Video,video,1,OpenBCI-RAW-2026-06-05_15-20-10.txt,horizontal-saccade-like,75957.0,303.828,,,,,-48.44050863702637,-769.4222101716441,negative
Video,video,1,OpenBCI-RAW-2026-06-05_15-20-10.txt,horizontal-saccade-like,75990.0,303.96,,,,,56.02499152623269,980.8946911233309,positive
Video,video,1,OpenBCI-RAW-2026-06-05_15-20-10.txt,horizontal-saccade-like,76324.0,305.296,,,,,-17.664696326177097,-289.3231505910296,negative
Video,video,1,OpenBCI-RAW-2026-06-05_15-20-10.txt,horizontal-saccade-like,76560.0,306.24,,,,,44.747539884055534,933.3921682334296,positive
Video,video,1,OpenBCI-RAW-2026-06-05_15-20-10.txt,horizontal-saccade-like,76605.0,306.42,,,,,-58.35420135212192,-1096.087592688642,negative
Video,video,1,OpenBCI-RAW-2026-06-05_15-20-10.txt,horizontal-saccade-like,76672.0,306.688,,,,,42.22149392782707,868.0868314777964,positive
Video,video,1,OpenBCI-RAW-2026-06-05_15-20-10.txt,horizontal-saccade-like,77159.0,308.636,,,,,18.255738396467137,305.96510212950113,positive
Video,video,1,OpenBCI-RAW-2026-06-05_15-20-10.txt,horizontal-saccade-like,77285.0,309.14,,,,,-38.14605880154925,-647.9375553312389,negative
Video,video,1,OpenBCI-RAW-2026-06-05_15-20-10.txt,horizontal-saccade-like,77337.0,309.348,,,,,17.4982633334426,312.4588297337493,positive
Video,video,1,OpenBCI-RAW-2026-06-05_15-20-10.txt,horizontal-saccade-like,77370.0,309.48,,,,,-16.366499886975895,-185.28481856394512,negative
Video,video,1,OpenBCI-RAW-2026-06-05_15-20-10.txt,horizontal-saccade-like,77925.0,311.7,,,,,-7.421187463879415,-150.15383211453525,negative
Video,video,1,OpenBCI-RAW-2026-06-05_15-20-10.txt,horizontal-saccade-like,77967.0,311.868,,,,,-6.20635259612177,-113.23627819871058,negative
Video,video,1,OpenBCI-RAW-2026-06-05_15-20-10.txt,horizontal-saccade-like,78017.0,312.068,,,,,26.12699725187436,348.2702715591806,positive
Video,video,1,OpenBCI-RAW-2026-06-05_15-20-10.txt,horizontal-saccade-like,78082.0,312.328,,,,,15.969326741009546,210.89397057672755,positive
Video,video,1,OpenBCI-RAW-2026-06-05_15-20-10.txt,horizontal-saccade-like,78174.0,312.696,,,,,-34.6715666044005,-531.9325646140995,negative
Video,video,1,OpenBCI-RAW-2026-06-05_15-20-10.txt,horizontal-saccade-like,78240.0,312.96,,,,,-19.455754163451733,-257.9881851035543,negative
Video,video,1,OpenBCI-RAW-2026-06-05_15-20-10.txt,horizontal-saccade-like,78297.0,313.188,,,,,48.74675344590338,958.1444151714666,positive
Video,video,1,OpenBCI-RAW-2026-06-05_15-20-10.txt,horizontal-saccade-like,78354.0,313.416,,,,,48.69481639969692,783.466320291918,positive
Video,video,1,OpenBCI-RAW-2026-06-05_15-20-10.txt,horizontal-saccade-like,78406.0,313.624,,,,,-21.343663042239488,-375.4395431284978,negative
Video,video,1,OpenBCI-RAW-2026-06-05_15-20-10.txt,horizontal-saccade-like,78433.0,313.732,,,,,9.400905584282382,68.49770860295405,positive
Video,video,1,OpenBCI-RAW-2026-06-05_15-20-10.txt,horizontal-saccade-like,78776.0,315.104,,,,,-8.151582748945174,-98.75833732079346,negative
Video,video,1,OpenBCI-RAW-2026-06-05_15-20-10.txt,horizontal-saccade-like,78822.0,315.288,,,,,-40.367678246623285,-639.752188211913,negative
Video,video,1,OpenBCI-RAW-2026-06-05_15-20-10.txt,horizontal-saccade-like,78851.0,315.404,,,,,6.869789695663147,92.48540827296881,positive
Video,video,1,OpenBCI-RAW-2026-06-05_15-20-10.txt,horizontal-saccade-like,79258.0,317.032,,,,,-42.074787774768915,-597.1791012328779,negative
Video,video,1,OpenBCI-RAW-2026-06-05_15-20-10.txt,horizontal-saccade-like,80420.0,321.68,,,,,-36.92022661873539,-631.369876919051,negative
Video,video,1,OpenBCI-RAW-2026-06-05_15-20-10.txt,horizontal-saccade-like,80698.0,322.792,,,,,39.85914959147016,674.6145272163487,positive
Video,video,1,OpenBCI-RAW-2026-06-05_15-20-10.txt,horizontal-saccade-like,80742.0,322.968,,,,,-14.084815071605385,-239.83930596647048,negative
Video,video,1,OpenBCI-RAW-2026-06-05_15-20-10.txt,horizontal-saccade-like,81686.0,326.744,,,,,-39.11076420183897,-680.7469621856906,negative
Video,video,1,OpenBCI-RAW-2026-06-05_15-20-10.txt,horizontal-saccade-like,81749.0,326.996,,,,,19.114199104951762,358.75105582814933,positive
Video,video,1,OpenBCI-RAW-2026-06-05_15-20-10.txt,horizontal-saccade-like,81779.0,327.116,,,,,-10.18480210458379,-89.04487456126066,negative
Video,video,1,OpenBCI-RAW-2026-06-05_15-20-10.txt,horizontal-saccade-like,81848.0,327.392,,,,,15.166078629433965,204.64686828580813,positive
Video,video,1,OpenBCI-RAW-2026-06-05_15-20-10.txt,horizontal-saccade-like,81912.0,327.648,,,,,-12.708430673801129,-181.42716256661913,negative
Video,video,1,OpenBCI-RAW-2026-06-05_15-20-10.txt,horizontal-saccade-like,82007.0,328.028,,,,,6.518295618709401,98.67627611635135,positive
Video,video,1,OpenBCI-RAW-2026-06-05_15-20-10.txt,horizontal-saccade-like,82327.0,329.308,,,,,6.477449429725729,78.17249441646663,positive
Video,video,1,OpenBCI-RAW-2026-06-05_15-20-10.txt,horizontal-saccade-like,82667.0,330.668,,,,,-22.59704935041411,-312.2611228861506,negative
Video,video,1,OpenBCI-RAW-2026-06-05_15-20-10.txt,horizontal-saccade-like,82748.0,330.992,,,,,22.22865459631379,306.17864595703827,positive
Video,video,1,OpenBCI-RAW-2026-06-05_15-20-10.txt,horizontal-saccade-like,83270.0,333.08,,,,,-27.294175349082927,-380.3142280151087,negative
Video,video,1,OpenBCI-RAW-2026-06-05_15-20-10.txt,horizontal-saccade-like,84516.0,338.064,,,,,-34.47047823217361,-572.6577790513606,negative
Video,video,1,OpenBCI-RAW-2026-06-05_15-20-10.txt,horizontal-saccade-like,85781.0,343.124,,,,,-30.17799701247089,-437.33507735768933,negative
Video,video,1,OpenBCI-RAW-2026-06-05_15-20-10.txt,horizontal-saccade-like,85890.0,343.56,,,,,39.426582286862626,589.5032598426953,positive
Video,video,1,OpenBCI-RAW-2026-06-05_15-20-10.txt,horizontal-saccade-like,87106.0,348.424,,,,,8.026817788207763,109.09037512511054,positive
Video,video,1,OpenBCI-RAW-2026-06-05_15-20-10.txt,horizontal-saccade-like,87499.0,349.996,,,,,22.522033078548997,330.93942670214045,positive
Video,video,1,OpenBCI-RAW-2026-06-05_15-20-10.txt,horizontal-saccade-like,87598.0,350.392,,,,,-22.862187951004856,-349.5075971062685,negative
Video,video,1,OpenBCI-RAW-2026-06-05_15-20-10.txt,horizontal-saccade-like,89136.0,356.544,,,,,-27.82078887185325,-451.56751060763173,negative
Video,video,1,OpenBCI-RAW-2026-06-05_15-20-10.txt,horizontal-saccade-like,89177.0,356.708,,,,,16.508550876957603,286.6129456772487,positive
Video,video,1,OpenBCI-RAW-2026-06-05_15-20-10.txt,horizontal-saccade-like,89309.0,357.236,,,,,26.418753193571536,462.8064474309159,positive
Video,video,1,OpenBCI-RAW-2026-06-05_15-20-10.txt,horizontal-saccade-like,89346.0,357.384,,,,,-10.027619252519406,-181.89016278046114,negative
Video,video,1,OpenBCI-RAW-2026-06-05_15-20-10.txt,horizontal-saccade-like,89374.0,357.496,,,,,31.835543163248577,530.0835465431164,positive
Video,video,1,OpenBCI-RAW-2026-06-05_15-20-10.txt,horizontal-saccade-like,89407.0,357.628,,,,,-11.823262830868138,-208.4657283831238,negative
Video,video,1,OpenBCI-RAW-2026-06-05_15-20-10.txt,horizontal-saccade-like,89476.0,357.904,,,,,21.317073926724078,328.84222758289184,positive
Video,video,1,OpenBCI-RAW-2026-06-05_15-20-10.txt,horizontal-saccade-like,89505.0,358.02,,,,,-9.742066914428905,-166.6310534865787,negative
Video,video,1,OpenBCI-RAW-2026-06-05_15-20-10.txt,horizontal-saccade-like,89644.0,358.576,,,,,-11.433299935951474,-202.03223658918742,negative
Video,video,1,OpenBCI-RAW-2026-06-05_15-20-10.txt,horizontal-saccade-like,89703.0,358.812,,,,,28.167324181942305,489.2451111295765,positive
Video,video,1,OpenBCI-RAW-2026-06-05_15-20-10.txt,horizontal-saccade-like,89739.0,358.956,,,,,-6.764109865034352,-118.0840177674765,negative
Video,video,1,OpenBCI-RAW-2026-06-05_15-20-10.txt,horizontal-saccade-like,89858.0,359.432,,,,,-32.40937532794602,-492.62852552520434,negative
Video,video,1,OpenBCI-RAW-2026-06-05_15-20-10.txt,horizontal-saccade-like,90128.0,360.512,,,,,-18.261413882775273,-253.0974818052017,negative
Video,video,1,OpenBCI-RAW-2026-06-05_15-20-10.txt,horizontal-saccade-like,90316.0,361.264,,,,,-11.937562733653593,-160.29817127461033,negative
Video,video,1,OpenBCI-RAW-2026-06-05_15-20-10.txt,horizontal-saccade-like,90401.0,361.604,,,,,23.328270582465272,339.0066794198684,positive
Video,video,1,OpenBCI-RAW-2026-06-05_15-20-10.txt,horizontal-saccade-like,90887.0,363.548,,,,,-38.51933214714783,-651.0494093354537,negative
Video,video,1,OpenBCI-RAW-2026-06-05_15-20-10.txt,horizontal-saccade-like,90930.0,363.72,,,,,-17.224284080581644,-180.5883333023823,negative
Video,video,1,OpenBCI-RAW-2026-06-05_15-20-10.txt,horizontal-saccade-like,91005.0,364.02,,,,,32.41436453847134,466.5753695572854,positive
Video,video,1,OpenBCI-RAW-2026-06-05_15-20-10.txt,horizontal-saccade-like,91031.0,364.124,,,,,-16.76871523174895,-282.2233376280757,negative
Video,video,1,OpenBCI-RAW-2026-06-05_15-20-10.txt,horizontal-saccade-like,91064.0,364.256,,,,,24.80151792114426,317.33228837187875,positive
Video,video,1,OpenBCI-RAW-2026-06-05_15-20-10.txt,horizontal-saccade-like,91106.0,364.424,,,,,26.99240438423194,359.0484429841892,positive
Video,video,1,OpenBCI-RAW-2026-06-05_15-20-10.txt,horizontal-saccade-like,91143.0,364.572,,,,,6.508760769205506,53.527500648114994,positive
Video,video,1,OpenBCI-RAW-2026-06-05_15-20-10.txt,horizontal-saccade-like,91209.0,364.836,,,,,9.201757446714797,113.104051409335,positive
Video,video,1,OpenBCI-RAW-2026-06-05_15-20-10.txt,horizontal-saccade-like,91278.0,365.112,,,,,-46.40541740184124,-816.9480484186936,negative
Video,video,1,OpenBCI-RAW-2026-06-05_15-20-10.txt,horizontal-saccade-like,91307.0,365.228,,,,,15.774770386957677,265.98213794134256,positive
Video,video,1,OpenBCI-RAW-2026-06-05_15-20-10.txt,horizontal-saccade-like,91348.0,365.392,,,,,-10.417185791243197,-76.30922580588013,negative
Video,video,1,OpenBCI-RAW-2026-06-05_15-20-10.txt,horizontal-saccade-like,91454.0,365.816,,,,,28.488490341831266,403.03845625405023,positive
Video,video,1,OpenBCI-RAW-2026-06-05_15-20-10.txt,horizontal-saccade-like,91488.0,365.952,,,,,7.661301891268851,82.03140942798888,positive
Video,video,1,OpenBCI-RAW-2026-06-05_15-20-10.txt,horizontal-saccade-like,91757.0,367.028,,,,,-11.380672778630112,-117.26292825843845,negative
Video,video,1,OpenBCI-RAW-2026-06-05_15-20-10.txt,horizontal-saccade-like,91881.0,367.524,,,,,25.520734883291208,348.3901774231443,positive
Video,video,1,OpenBCI-RAW-2026-06-05_15-20-10.txt,horizontal-saccade-like,91943.0,367.772,,,,,35.95314384102498,528.0148648341302,positive
Video,video,1,OpenBCI-RAW-2026-06-05_15-20-10.txt,horizontal-saccade-like,92019.0,368.076,,,,,-37.26984555675059,-710.9027561623448,negative
Video,video,1,OpenBCI-RAW-2026-06-05_15-20-10.txt,horizontal-saccade-like,92676.0,370.704,,,,,-12.979099237498191,-171.39701462614232,negative
Video,video,1,OpenBCI-RAW-2026-06-05_15-20-10.txt,horizontal-saccade-like,92733.0,370.932,,,,,25.80006612997207,392.14369139139706,positive
Video,video,1,OpenBCI-RAW-2026-06-05_15-20-10.txt,horizontal-saccade-like,92768.0,371.072,,,,,22.810212360992402,306.8644369833851,positive
Video,video,1,OpenBCI-RAW-2026-06-05_15-20-10.txt,horizontal-saccade-like,93007.0,372.028,,,,,37.175991373166006,556.2111373472242,positive
Video,video,1,OpenBCI-RAW-2026-06-05_15-20-10.txt,horizontal-saccade-like,93133.0,372.532,,,,,-8.819631822102147,-119.27100221029417,negative
Video,video,1,OpenBCI-RAW-2026-06-05_15-20-10.txt,horizontal-saccade-like,93213.0,372.852,,,,,6.14524299156678,114.97653121217358,positive
Video,video,1,OpenBCI-RAW-2026-06-05_15-20-10.txt,horizontal-saccade-like,93249.0,372.996,,,,,-21.149498434963732,-292.9498101533028,negative
Video,video,1,OpenBCI-RAW-2026-06-05_15-20-10.txt,horizontal-saccade-like,93341.0,373.364,,,,,-28.812365400098457,-409.08165289646456,negative
Video,video,1,OpenBCI-RAW-2026-06-05_15-20-10.txt,horizontal-saccade-like,93426.0,373.704,,,,,11.185013249263248,151.5859149206658,positive
Video,video,1,OpenBCI-RAW-2026-06-05_15-20-10.txt,horizontal-saccade-like,93487.0,373.948,,,,,-6.248109131535746,-104.21589782280067,negative
Video,video,1,OpenBCI-RAW-2026-06-05_15-20-10.txt,horizontal-saccade-like,93515.0,374.06,,,,,34.0985077841136,526.970513903103,positive
Video,video,1,OpenBCI-RAW-2026-06-05_15-20-10.txt,horizontal-saccade-like,93577.0,374.308,,,,,-50.502415697848186,-900.2194832691916,negative
Video,video,1,OpenBCI-RAW-2026-06-05_15-20-10.txt,horizontal-saccade-like,93626.0,374.504,,,,,11.39453416852395,230.75780498768466,positive
Video,video,1,OpenBCI-RAW-2026-06-05_15-20-10.txt,horizontal-saccade-like,93715.0,374.86,,,,,19.460947548010427,285.99292563471266,positive
Video,video,1,OpenBCI-RAW-2026-06-05_15-20-10.txt,horizontal-saccade-like,93897.0,375.588,,,,,-18.313112722709494,-261.4652769470682,negative
Video,video,1,OpenBCI-RAW-2026-06-05_15-20-10.txt,horizontal-saccade-like,93948.0,375.792,,,,,-12.716528203921749,-162.00418084534022,negative
Video,video,1,OpenBCI-RAW-2026-06-05_15-20-10.txt,horizontal-saccade-like,94007.0,376.028,,,,,19.777671501541803,286.5381271214477,positive
Video,video,1,OpenBCI-RAW-2026-06-05_15-20-10.txt,horizontal-saccade-like,94052.0,376.208,,,,,11.587621118514612,145.9892174178069,positive
Video,video,1,OpenBCI-RAW-2026-06-05_15-20-10.txt,horizontal-saccade-like,94089.0,376.356,,,,,14.6179551790886,188.78760467589743,positive
Video,video,1,OpenBCI-RAW-2026-06-05_15-20-10.txt,horizontal-saccade-like,94298.0,377.192,,,,,-25.443233329787496,-353.10040434143804,negative
Video,video,1,OpenBCI-RAW-2026-06-05_15-20-10.txt,horizontal-saccade-like,94377.0,377.508,,,,,26.68054361584085,392.45919347864935,positive
Video,video,1,OpenBCI-RAW-2026-06-05_15-20-10.txt,horizontal-saccade-like,94483.0,377.932,,,,,-20.78518332295136,-325.9559276699433,negative
Video,video,1,OpenBCI-RAW-2026-06-05_15-20-10.txt,horizontal-saccade-like,94653.0,378.612,,,,,-8.403724769909521,-145.73914518145702,negative
Video,video,1,OpenBCI-RAW-2026-06-05_15-20-10.txt,horizontal-saccade-like,95042.0,380.168,,,,,-6.371610054874243,-98.78133341713232,negative
Video,video,1,OpenBCI-RAW-2026-06-05_15-20-10.txt,horizontal-saccade-like,95279.0,381.116,,,,,15.467156212838669,230.61564898880857,positive
Video,video,1,OpenBCI-RAW-2026-06-05_15-20-10.txt,horizontal-saccade-like,95400.0,381.6,,,,,-26.219597697839685,-358.307066249993,negative
Video,video,1,OpenBCI-RAW-2026-06-05_15-20-10.txt,horizontal-saccade-like,95447.0,381.788,,,,,38.40006884619539,594.7227661691018,positive
Video,video,1,OpenBCI-RAW-2026-06-05_15-20-10.txt,horizontal-saccade-like,95494.0,381.976,,,,,6.82020337980619,48.47037661428624,positive
Video,video,1,OpenBCI-RAW-2026-06-05_15-20-10.txt,horizontal-saccade-like,95569.0,382.276,,,,,-24.218275190746297,-340.9939800762828,negative
Video,video,1,OpenBCI-RAW-2026-06-05_15-20-10.txt,horizontal-saccade-like,95996.0,383.984,,,,,-23.311636715554602,-302.4343483585992,negative
Video,video,1,OpenBCI-RAW-2026-06-05_15-20-10.txt,horizontal-saccade-like,96103.0,384.412,,,,,17.523046822288173,238.7222448616468,positive
Video,video,1,OpenBCI-RAW-2026-06-05_15-20-10.txt,horizontal-saccade-like,96163.0,384.652,,,,,26.8220651157597,376.53420510509324,positive
Video,video,1,OpenBCI-RAW-2026-06-05_15-20-10.txt,horizontal-saccade-like,96206.0,384.824,,,,,26.782558313008664,372.7525797024928,positive
Video,video,1,OpenBCI-RAW-2026-06-05_15-20-10.txt,horizontal-saccade-like,96284.0,385.136,,,,,-17.901175266791853,-245.45667203435224,negative
Video,video,1,OpenBCI-RAW-2026-06-05_15-20-10.txt,horizontal-saccade-like,98291.0,393.164,,,,,-49.835814891258096,-894.7066469711781,negative
Video,video,1,OpenBCI-RAW-2026-06-05_15-20-10.txt,horizontal-saccade-like,98343.0,393.372,,,,,18.752720355356786,388.5324541315897,positive
Video,video,1,OpenBCI-RAW-2026-06-05_15-20-10.txt,horizontal-saccade-like,98384.0,393.536,,,,,10.672808948469987,178.4298235849132,positive
Video,video,1,OpenBCI-RAW-2026-06-05_15-20-10.txt,horizontal-saccade-like,98454.0,393.816,,,,,-33.562435156712475,-478.8181571427684,negative
Video,video,1,OpenBCI-RAW-2026-06-05_15-20-10.txt,horizontal-saccade-like,98951.0,395.804,,,,,-29.700536744489455,-558.6067998344514,negative
Video,video,1,OpenBCI-RAW-2026-06-05_15-20-10.txt,horizontal-saccade-like,98983.0,395.932,,,,,24.391581236907168,461.8214840828361,positive
Video,video,1,OpenBCI-RAW-2026-06-05_15-20-10.txt,horizontal-saccade-like,99026.0,396.104,,,,,13.326178754378798,213.1254476343056,positive
Video,video,1,OpenBCI-RAW-2026-06-05_15-20-10.txt,horizontal-saccade-like,99268.0,397.072,,,,,12.485219219367544,140.89573077737842,positive
Video,video,1,OpenBCI-RAW-2026-06-05_15-20-10.txt,horizontal-saccade-like,99926.0,399.704,,,,,6.62735854131033,101.63806407424067,positive
Video,video,1,OpenBCI-RAW-2026-06-05_15-20-10.txt,horizontal-saccade-like,100010.0,400.04,,,,,-40.71033853564963,-741.3163748257173,negative
Video,video,1,OpenBCI-RAW-2026-06-05_15-20-10.txt,horizontal-saccade-like,100039.0,400.156,,,,,11.462386805801696,197.51763285660587,positive
Video,video,1,OpenBCI-RAW-2026-06-05_15-20-10.txt,horizontal-saccade-like,100757.0,403.028,,,,,-19.71630091382996,-271.9774559743803,negative
Video,video,1,OpenBCI-RAW-2026-06-05_15-20-10.txt,horizontal-saccade-like,100827.0,403.308,,,,,14.081901985543334,228.72885822259627,positive
Video,video,1,OpenBCI-RAW-2026-06-05_15-20-10.txt,horizontal-saccade-like,100873.0,403.492,,,,,-22.498325254339505,-330.9835794671259,negative
Video,video,1,OpenBCI-RAW-2026-06-05_15-20-10.txt,horizontal-saccade-like,101258.0,405.032,,,,,-6.047676242759856,-83.03246695064098,negative
Video,video,1,OpenBCI-RAW-2026-06-05_15-20-10.txt,horizontal-saccade-like,101322.0,405.288,,,,,8.736113120361837,122.63081703313655,positive
Video,video,1,OpenBCI-RAW-2026-06-05_15-20-10.txt,horizontal-saccade-like,101395.0,405.58,,,,,7.766539431954909,111.92698325381726,positive
Video,video,1,OpenBCI-RAW-2026-06-05_15-20-10.txt,horizontal-saccade-like,101454.0,405.816,,,,,-12.169581806322359,-170.45156738406118,negative
Video,video,1,OpenBCI-RAW-2026-06-05_15-20-10.txt,horizontal-saccade-like,101547.0,406.188,,,,,-8.514759436947445,-107.40988555812461,negative
Video,video,1,OpenBCI-RAW-2026-06-05_15-20-10.txt,horizontal-saccade-like,101863.0,407.452,,,,,17.310911756913114,242.47002248632162,positive
Video,video,1,OpenBCI-RAW-2026-06-05_15-20-10.txt,horizontal-saccade-like,102011.0,408.044,,,,,12.38921966308126,174.6539497433447,positive
Video,video,1,OpenBCI-RAW-2026-06-05_15-20-10.txt,horizontal-saccade-like,102675.0,410.7,,,,,25.296772143686216,356.1361914287865,positive
Video,video,1,OpenBCI-RAW-2026-06-05_15-20-10.txt,horizontal-saccade-like,103102.0,412.408,,,,,11.441616288886511,157.5582289493988,positive
Video,video,1,OpenBCI-RAW-2026-06-05_15-20-10.txt,horizontal-saccade-like,103237.0,412.948,,,,,31.170062510875045,450.4504729765029,positive
Video,video,1,OpenBCI-RAW-2026-06-05_15-20-10.txt,horizontal-saccade-like,103393.0,413.572,,,,,-16.867757763167102,-298.21966662349337,negative
Video,video,1,OpenBCI-RAW-2026-06-05_15-20-10.txt,horizontal-saccade-like,103471.0,413.884,,,,,41.759385119615985,746.1409738797411,positive
Video,video,1,OpenBCI-RAW-2026-06-05_15-20-10.txt,horizontal-saccade-like,103503.0,414.012,,,,,-12.999181425539934,-220.78189318392367,negative
Video,video,1,OpenBCI-RAW-2026-06-05_15-20-10.txt,horizontal-saccade-like,103584.0,414.336,,,,,6.0998992430646855,115.007980642581,positive
Video,video,1,OpenBCI-RAW-2026-06-05_15-20-10.txt,horizontal-saccade-like,103729.0,414.916,,,,,-19.64616545299964,-381.8129853389231,negative
Video,video,1,OpenBCI-RAW-2026-06-05_15-20-10.txt,horizontal-saccade-like,103757.0,415.028,,,,,6.076050312383024,96.01032805837292,positive
Video,video,1,OpenBCI-RAW-2026-06-05_15-20-10.txt,horizontal-saccade-like,103835.0,415.34,,,,,-37.12085190609452,-566.9913317390764,negative
Video,video,1,OpenBCI-RAW-2026-06-05_15-20-10.txt,horizontal-saccade-like,103862.0,415.448,,,,,14.87148254490137,251.59445227754284,positive
Video,video,1,OpenBCI-RAW-2026-06-05_15-20-10.txt,horizontal-saccade-like,103899.0,415.596,,,,,-22.399647106752486,-281.53318544148664,negative
Video,video,1,OpenBCI-RAW-2026-06-05_15-20-10.txt,horizontal-saccade-like,105142.0,420.568,,,,,6.117048657310537,79.62883505813464,positive
Video,video,1,OpenBCI-RAW-2026-06-05_15-20-10.txt,horizontal-saccade-like,105538.0,422.152,,,,,-11.307352351940253,-147.75492752742264,negative
Video,video,1,OpenBCI-RAW-2026-06-05_15-20-10.txt,horizontal-saccade-like,105929.0,423.716,,,,,28.86706802352432,414.30996360493623,positive
Video,video,1,OpenBCI-RAW-2026-06-05_15-20-10.txt,horizontal-saccade-like,106296.0,425.184,,,,,13.457639045785156,201.21806658357087,positive
Video,video,1,OpenBCI-RAW-2026-06-05_15-20-10.txt,horizontal-saccade-like,110088.0,440.352,,,,,19.44269227719913,282.4504850775868,positive
Video,video,1,OpenBCI-RAW-2026-06-05_15-20-10.txt,horizontal-saccade-like,110426.0,441.704,,,,,21.30529093184407,345.6737816266536,positive
Video,video,1,OpenBCI-RAW-2026-06-05_15-20-10.txt,horizontal-saccade-like,110985.0,443.94,,,,,33.77146455934104,531.6258192968681,positive
Video,video,1,OpenBCI-RAW-2026-06-05_15-20-10.txt,horizontal-saccade-like,111150.0,444.6,,,,,-6.931217893064385,-119.67969915066897,negative
Video,video,1,OpenBCI-RAW-2026-06-05_15-20-10.txt,horizontal-saccade-like,111390.0,445.56,,,,,-19.514060452327502,-323.3698074530438,negative
Video,video,1,OpenBCI-RAW-2026-06-05_15-20-10.txt,horizontal-saccade-like,111419.0,445.676,,,,,6.583185577771317,111.19900600274453,positive
Video,video,1,OpenBCI-RAW-2026-06-05_15-20-10.txt,horizontal-saccade-like,111633.0,446.532,,,,,-6.861086643631357,-101.89944388116618,negative
Video,video,1,OpenBCI-RAW-2026-06-05_15-20-10.txt,horizontal-saccade-like,111683.0,446.732,,,,,-16.785113516591128,-245.92329423650028,negative
Video,video,1,OpenBCI-RAW-2026-06-05_15-20-10.txt,horizontal-saccade-like,111778.0,447.112,,,,,-43.73896900212547,-788.5499566958817,negative
Video,video,1,OpenBCI-RAW-2026-06-05_15-20-10.txt,horizontal-saccade-like,111824.0,447.296,,,,,11.876336932670222,215.1364462673555,positive
Video,video,1,OpenBCI-RAW-2026-06-05_15-20-10.txt,horizontal-saccade-like,112509.0,450.036,,,,,19.961012305214204,284.8839048966346,positive
Video,video,1,OpenBCI-RAW-2026-06-05_15-20-10.txt,horizontal-saccade-like,112620.0,450.48,,,,,-11.983065609456919,-163.38434607269176,negative
Video,video,1,OpenBCI-RAW-2026-06-05_15-20-10.txt,horizontal-saccade-like,112756.0,451.024,,,,,-6.54181986915191,-110.78617511597247,negative
Video,video,1,OpenBCI-RAW-2026-06-05_15-20-10.txt,horizontal-saccade-like,113124.0,452.496,,,,,26.110995273159194,389.94628645341913,positive
Video,video,1,OpenBCI-RAW-2026-06-05_15-20-10.txt,horizontal-saccade-like,113327.0,453.308,,,,,-37.395673816767456,-667.1242870136365,negative
Video,video,1,OpenBCI-RAW-2026-06-05_15-20-10.txt,horizontal-saccade-like,113382.0,453.528,,,,,12.061689632751598,227.2560965005132,positive
Video,video,1,OpenBCI-RAW-2026-06-05_15-20-10.txt,horizontal-saccade-like,113424.0,453.696,,,,,-11.458677097674835,-135.51133210873604,negative
Video,video,1,OpenBCI-RAW-2026-06-05_15-20-10.txt,horizontal-saccade-like,113647.0,454.588,,,,,-8.02577960519012,-127.64050290269768,negative
Video,video,1,OpenBCI-RAW-2026-06-05_15-20-10.txt,horizontal-saccade-like,113684.0,454.736,,,,,21.55248372744498,286.49826807057,positive
Video,video,1,OpenBCI-RAW-2026-06-05_15-20-10.txt,horizontal-saccade-like,113760.0,455.04,,,,,-37.33266709226289,-590.9109708097707,negative
Video,video,1,OpenBCI-RAW-2026-06-05_15-20-10.txt,horizontal-saccade-like,113818.0,455.272,,,,,-33.955494032187666,-524.1955619098251,negative
Video,video,1,OpenBCI-RAW-2026-06-05_15-20-10.txt,horizontal-saccade-like,113847.0,455.388,,,,,12.051548906629174,221.739756793658,positive
Video,video,1,OpenBCI-RAW-2026-06-05_15-20-10.txt,horizontal-saccade-like,113926.0,455.704,,,,,-14.095063077303145,-174.4906044912016,negative
Video,video,1,OpenBCI-RAW-2026-06-05_15-20-10.txt,horizontal-saccade-like,114113.0,456.452,,,,,12.757190593588765,179.35274967781947,positive
Video,video,1,OpenBCI-RAW-2026-06-05_15-20-10.txt,horizontal-saccade-like,114162.0,456.648,,,,,18.692208206925354,279.3838251494089,positive
Video,video,1,OpenBCI-RAW-2026-06-05_15-20-10.txt,horizontal-saccade-like,114246.0,456.984,,,,,-11.323653073922568,-152.1225690606135,negative
Video,video,1,OpenBCI-RAW-2026-06-05_15-20-10.txt,horizontal-saccade-like,114635.0,458.54,,,,,32.050698599562566,480.68507871150086,positive
Video,video,1,OpenBCI-RAW-2026-06-05_15-20-10.txt,horizontal-saccade-like,114680.0,458.72,,,,,-34.500664706880656,-499.7774525109408,negative
Video,video,1,OpenBCI-RAW-2026-06-05_15-20-10.txt,horizontal-saccade-like,114732.0,458.928,,,,,-9.815902073218945,-144.58186886083223,negative
Video,video,1,OpenBCI-RAW-2026-06-05_15-20-10.txt,horizontal-saccade-like,114864.0,459.456,,,,,20.918344646405142,305.1864616887199,positive
Video,video,1,OpenBCI-RAW-2026-06-05_15-20-10.txt,horizontal-saccade-like,114940.0,459.76,,,,,-25.389654663178163,-358.9409552482276,negative
Video,video,1,OpenBCI-RAW-2026-06-05_15-20-10.txt,horizontal-saccade-like,115707.0,462.828,,,,,7.324613415226139,105.92405803460242,positive
Video,video,1,OpenBCI-RAW-2026-06-05_15-20-10.txt,horizontal-saccade-like,115831.0,463.324,,,,,-23.218435585641377,-352.8667883506234,negative
Video,video,1,OpenBCI-RAW-2026-06-05_15-20-10.txt,horizontal-saccade-like,116134.0,464.536,,,,,-6.331314982567322,-90.4822143309188,negative
Video,video,1,OpenBCI-RAW-2026-06-05_15-20-10.txt,horizontal-saccade-like,116237.0,464.948,,,,,12.815495353738251,173.36159967984304,positive
Video,video,1,OpenBCI-RAW-2026-06-05_15-20-10.txt,horizontal-saccade-like,116502.0,466.008,,,,,11.69857185975361,162.2697952986023,positive
Video,video,1,OpenBCI-RAW-2026-06-05_15-20-10.txt,horizontal-saccade-like,116562.0,466.248,,,,,-22.683295544340336,-321.6490100454424,negative
Video,video,1,OpenBCI-RAW-2026-06-05_15-20-10.txt,horizontal-saccade-like,116637.0,466.548,,,,,-7.323169158824957,-101.3506546415737,negative
Video,video,1,OpenBCI-RAW-2026-06-05_15-20-10.txt,horizontal-saccade-like,117156.0,468.624,,,,,21.59599957238446,324.82304993362254,positive
Video,video,1,OpenBCI-RAW-2026-06-05_15-20-10.txt,horizontal-saccade-like,117264.0,469.056,,,,,12.18342242354592,178.46683259022507,positive
Video,video,1,OpenBCI-RAW-2026-06-05_15-20-10.txt,horizontal-saccade-like,117407.0,469.628,,,,,-9.737728724236824,-137.3706364608944,negative
Video,video,1,OpenBCI-RAW-2026-06-05_15-20-10.txt,horizontal-saccade-like,117525.0,470.1,,,,,-42.39889795187236,-794.3310592743053,negative
Video,video,1,OpenBCI-RAW-2026-06-05_15-20-10.txt,horizontal-saccade-like,117574.0,470.296,,,,,17.04902509206758,329.18902477391896,positive
Video,video,1,OpenBCI-RAW-2026-06-05_15-20-10.txt,horizontal-saccade-like,117625.0,470.5,,,,,9.507641719242484,159.10980763131448,positive
Video,video,1,OpenBCI-RAW-2026-06-05_15-20-10.txt,horizontal-saccade-like,117970.0,471.88,,,,,36.433807616141976,564.2377832502104,positive
Video,video,1,OpenBCI-RAW-2026-06-05_15-20-10.txt,horizontal-saccade-like,118244.0,472.976,,,,,-29.067476244731264,-453.0208280934021,negative
Video,video,1,OpenBCI-RAW-2026-06-05_15-20-10.txt,horizontal-saccade-like,118370.0,473.48,,,,,18.325679844945956,256.21906999375585,positive
Video,video,1,OpenBCI-RAW-2026-06-05_15-20-10.txt,horizontal-saccade-like,118416.0,473.664,,,,,13.54644848529905,179.9037246048502,positive
Video,video,1,OpenBCI-RAW-2026-06-05_15-20-10.txt,horizontal-saccade-like,118572.0,474.288,,,,,-29.01366721601502,-439.7472237207955,negative
Video,video,1,OpenBCI-RAW-2026-06-05_15-20-10.txt,horizontal-saccade-like,119002.0,476.008,,,,,11.750689763352227,177.62765835974585,positive
Video,video,1,OpenBCI-RAW-2026-06-05_15-20-10.txt,horizontal-saccade-like,119045.0,476.18,,,,,6.318323411437079,88.07041770928936,positive
Video,video,1,OpenBCI-RAW-2026-06-05_15-20-10.txt,horizontal-saccade-like,119154.0,476.616,,,,,-6.9493347698029515,-96.39470127624602,negative
Video,video,1,OpenBCI-RAW-2026-06-05_15-20-10.txt,horizontal-saccade-like,119211.0,476.844,,,,,11.193832569915424,156.4125107911937,positive
Video,video,1,OpenBCI-RAW-2026-06-05_15-20-10.txt,horizontal-saccade-like,119254.0,477.016,,,,,-24.280283529742768,-354.41455687480595,negative
Video,video,1,OpenBCI-RAW-2026-06-05_15-20-10.txt,horizontal-saccade-like,119390.0,477.56,,,,,8.490125456502051,123.35693479467591,positive
Video,video,1,OpenBCI-RAW-2026-06-05_15-20-10.txt,horizontal-saccade-like,119449.0,477.796,,,,,7.703202458228113,113.72908911785612,positive
Video,video,1,OpenBCI-RAW-2026-06-05_15-20-10.txt,horizontal-saccade-like,120059.0,480.236,,,,,7.997140907757544,151.09653447400078,positive
Video,video,1,OpenBCI-RAW-2026-06-05_15-20-10.txt,horizontal-saccade-like,120129.0,480.516,,,,,-28.54851847610139,-465.5042875347385,negative
Video,video,1,OpenBCI-RAW-2026-06-05_15-20-10.txt,horizontal-saccade-like,120165.0,480.66,,,,,8.130552591433323,146.51728600934047,positive
Video,video,1,OpenBCI-RAW-2026-06-05_15-20-10.txt,horizontal-saccade-like,120249.0,480.996,,,,,-9.480876361264013,-118.31598686760297,negative
Video,video,1,OpenBCI-RAW-2026-06-05_15-20-10.txt,horizontal-saccade-like,120294.0,481.176,,,,,-8.113663772304498,-102.29959888227694,negative
Video,video,1,OpenBCI-RAW-2026-06-05_15-20-10.txt,horizontal-saccade-like,120460.0,481.84,,,,,36.23568934197356,564.7764237317831,positive
Video,video,1,OpenBCI-RAW-2026-06-05_15-20-10.txt,horizontal-saccade-like,120523.0,482.092,,,,,-24.556953418651112,-364.7548174477974,negative
Video,video,1,OpenBCI-RAW-2026-06-05_15-20-10.txt,horizontal-saccade-like,121498.0,485.992,,,,,35.438613488732685,546.8230353833707,positive
Video,video,1,OpenBCI-RAW-2026-06-05_15-20-10.txt,horizontal-saccade-like,121810.0,487.24,,,,,39.44773213946744,713.3000700129098,positive
Video,video,1,OpenBCI-RAW-2026-06-05_15-20-10.txt,horizontal-saccade-like,121841.0,487.364,,,,,-11.77933291272867,-203.16844928301205,negative
Video,video,1,OpenBCI-RAW-2026-06-05_15-20-10.txt,horizontal-saccade-like,121979.0,487.916,,,,,-31.627143771686512,-477.96910931904245,negative
Video,video,1,OpenBCI-RAW-2026-06-05_15-20-10.txt,horizontal-saccade-like,122005.0,488.02,,,,,16.706589427777793,283.293272747845,positive
Video,video,1,OpenBCI-RAW-2026-06-05_15-20-10.txt,horizontal-saccade-like,122093.0,488.372,,,,,32.28687173651217,502.81785754762916,positive
Video,video,1,OpenBCI-RAW-2026-06-05_15-20-10.txt,horizontal-saccade-like,122144.0,488.576,,,,,26.636442342282134,424.937137336606,positive
Video,video,1,OpenBCI-RAW-2026-06-05_15-20-10.txt,horizontal-saccade-like,122176.0,488.704,,,,,-11.457425566939335,-197.60222027472344,negative
Video,video,1,OpenBCI-RAW-2026-06-05_15-20-10.txt,horizontal-saccade-like,122224.0,488.896,,,,,-12.960499640620139,-181.98457963417636,negative
Video,video,1,OpenBCI-RAW-2026-06-05_15-20-10.txt,horizontal-saccade-like,122344.0,489.376,,,,,-35.906614370048224,-541.193805833278,negative
Video,video,1,OpenBCI-RAW-2026-06-05_15-20-10.txt,horizontal-saccade-like,122370.0,489.48,,,,,12.681881567026075,213.9638157793194,positive
Video,video,1,OpenBCI-RAW-2026-06-05_15-20-10.txt,horizontal-saccade-like,122818.0,491.272,,,,,-32.76656239315381,-560.3329258193556,negative
Video,video,1,OpenBCI-RAW-2026-06-05_15-20-10.txt,horizontal-saccade-like,122846.0,491.384,,,,,8.24001248126211,132.43283907959005,positive
Video,video,1,OpenBCI-RAW-2026-06-05_15-20-10.txt,horizontal-saccade-like,122884.0,491.536,,,,,36.45953665322174,588.4149296524117,positive
Video,video,1,OpenBCI-RAW-2026-06-05_15-20-10.txt,horizontal-saccade-like,123042.0,492.168,,,,,-18.77348394412835,-251.467501040753,negative
Video,video,1,OpenBCI-RAW-2026-06-05_15-20-10.txt,horizontal-saccade-like,123405.0,493.62,,,,,-7.771066102450125,-103.84741724109143,negative
Video,video,1,OpenBCI-RAW-2026-06-05_15-20-10.txt,horizontal-saccade-like,123450.0,493.8,,,,,-8.315177899680773,-95.802264729624,negative
Video,video,1,OpenBCI-RAW-2026-06-05_15-20-10.txt,horizontal-saccade-like,123510.0,494.04,,,,,-22.96753139363081,-318.56966925131894,negative
Video,video,1,OpenBCI-RAW-2026-06-05_15-20-10.txt,horizontal-saccade-like,123734.0,494.936,,,,,23.6132750657336,322.0848404867335,positive
Video,video,1,OpenBCI-RAW-2026-06-05_15-20-10.txt,horizontal-saccade-like,124285.0,497.14,,,,,-14.522231267270605,-208.45766953911408,negative
Video,video,1,OpenBCI-RAW-2026-06-05_15-20-10.txt,horizontal-saccade-like,124490.0,497.96,,,,,12.473086997528679,174.26518602465094,positive
Video,video,1,OpenBCI-RAW-2026-06-05_15-20-10.txt,horizontal-saccade-like,124597.0,498.388,,,,,-40.423626665556384,-758.7561069591557,negative
Video,video,1,OpenBCI-RAW-2026-06-05_15-20-10.txt,horizontal-saccade-like,124633.0,498.532,,,,,8.460812402859661,122.3802689017952,positive
Video,video,1,OpenBCI-RAW-2026-06-05_15-20-10.txt,horizontal-saccade-like,124791.0,499.164,,,,,23.572515833979285,343.07825688386026,positive
Video,video,1,OpenBCI-RAW-2026-06-05_15-20-10.txt,horizontal-saccade-like,125294.0,501.176,,,,,-14.80147008419569,-211.0882585584688,negative
Video,video,1,OpenBCI-RAW-2026-06-05_15-20-10.txt,horizontal-saccade-like,125565.0,502.26,,,,,36.809664092417556,724.798387075138,positive
Video,video,1,OpenBCI-RAW-2026-06-05_15-20-10.txt,horizontal-saccade-like,125592.0,502.368,,,,,-9.673194621975892,-127.6585334940601,negative
Video,video,1,OpenBCI-RAW-2026-06-05_15-20-10.txt,horizontal-saccade-like,125677.0,502.708,,,,,-45.54215310084593,-824.4044154149678,negative
Video,video,1,OpenBCI-RAW-2026-06-05_15-20-10.txt,horizontal-saccade-like,125710.0,502.84,,,,,12.805661941466179,224.75193801568957,positive
Video,video,1,OpenBCI-RAW-2026-06-05_15-20-10.txt,horizontal-saccade-like,125784.0,503.136,,,,,-6.975937300361622,-86.2644154125403,negative
Video,video,1,OpenBCI-RAW-2026-06-05_15-20-10.txt,horizontal-saccade-like,126253.0,505.012,,,,,-21.142605187407657,-341.6893160866522,negative
Video,video,1,OpenBCI-RAW-2026-06-05_15-20-10.txt,horizontal-saccade-like,126782.0,507.128,,,,,6.816380739713912,115.33374709337369,positive
Video,video,1,OpenBCI-RAW-2026-06-05_15-20-10.txt,horizontal-saccade-like,127341.0,509.364,,,,,8.70678235913636,154.4713454316776,positive
Video,video,1,OpenBCI-RAW-2026-06-05_15-20-10.txt,horizontal-saccade-like,127404.0,509.616,,,,,-11.50291891378861,-151.6590598987181,negative
Video,video,1,OpenBCI-RAW-2026-06-05_15-20-10.txt,horizontal-saccade-like,127541.0,510.164,,,,,12.847513098541345,164.96091720080113,positive
Video,video,1,OpenBCI-RAW-2026-06-05_15-20-10.txt,horizontal-saccade-like,128485.0,513.94,,,,,-14.674229010203993,-213.7559424591184,negative
Video,video,1,OpenBCI-RAW-2026-06-05_15-20-10.txt,horizontal-saccade-like,128583.0,514.332,,,,,-12.475994775516298,-179.04565664584123,negative
Video,video,1,OpenBCI-RAW-2026-06-05_15-20-10.txt,horizontal-saccade-like,128754.0,515.016,,,,,42.42940278493256,813.4253215623148,positive
Video,video,1,OpenBCI-RAW-2026-06-05_15-20-10.txt,horizontal-saccade-like,128836.0,515.344,,,,,-10.168082548254388,-211.27526723874558,negative
Video,video,1,OpenBCI-RAW-2026-06-05_15-20-10.txt,horizontal-saccade-like,128945.0,515.78,,,,,11.460383507291368,152.1680088020232,positive
Video,video,1,OpenBCI-RAW-2026-06-05_15-20-10.txt,horizontal-saccade-like,129084.0,516.336,,,,,-7.753914507108703,-105.14932702650145,negative
Video,video,1,OpenBCI-RAW-2026-06-05_15-20-10.txt,horizontal-saccade-like,129134.0,516.536,,,,,-10.342068706223106,-155.76630476873856,negative
Video,video,1,OpenBCI-RAW-2026-06-05_15-20-10.txt,horizontal-saccade-like,130517.0,522.068,,,,,-10.574351090040702,-135.78912232091602,negative
Video,video,1,OpenBCI-RAW-2026-06-05_15-20-10.txt,horizontal-saccade-like,130636.0,522.544,,,,,10.849402551114988,152.6287782475584,positive
Video,video,1,OpenBCI-RAW-2026-06-05_15-20-10.txt,horizontal-saccade-like,130787.0,523.148,,,,,39.58786059970272,731.0383493966895,positive
Video,video,1,OpenBCI-RAW-2026-06-05_15-20-10.txt,horizontal-saccade-like,131263.0,525.052,,,,,18.893829783307023,266.724757033748,positive
Video,video,1,OpenBCI-RAW-2026-06-05_15-20-10.txt,horizontal-saccade-like,131720.0,526.88,,,,,-37.32520417555508,-631.1274141817177,negative
Video,video,1,OpenBCI-RAW-2026-06-05_15-20-10.txt,horizontal-saccade-like,131904.0,527.616,,,,,14.414796143546617,204.76718191128396,positive
Video,video,1,OpenBCI-RAW-2026-06-05_15-20-10.txt,horizontal-saccade-like,131994.0,527.976,,,,,12.763627029955185,186.4934093796528,positive
Video,video,1,OpenBCI-RAW-2026-06-05_15-20-10.txt,horizontal-saccade-like,132298.0,529.192,,,,,-11.703934588140068,-164.01009205238742,negative
Video,video,1,OpenBCI-RAW-2026-06-05_15-20-10.txt,horizontal-saccade-like,132690.0,530.76,,,,,-6.075686972444955,-73.89301126251178,negative
Video,video,1,OpenBCI-RAW-2026-06-05_15-20-10.txt,horizontal-saccade-like,132774.0,531.096,,,,,33.737330492263155,539.4161207708318,positive
Video,video,1,OpenBCI-RAW-2026-06-05_15-20-10.txt,horizontal-saccade-like,132922.0,531.688,,,,,12.548251921410385,174.2233863660984,positive
Video,video,1,OpenBCI-RAW-2026-06-05_15-20-10.txt,horizontal-saccade-like,133541.0,534.164,,,,,30.30596110614041,471.6439941065887,positive
Video,video,1,OpenBCI-RAW-2026-06-05_15-20-10.txt,horizontal-saccade-like,133921.0,535.684,,,,,37.339160794029034,606.4384201597425,positive
Video,video,1,OpenBCI-RAW-2026-06-05_15-20-10.txt,horizontal-saccade-like,134174.0,536.696,,,,,9.886386679765938,140.1899756116093,positive
Video,video,1,OpenBCI-RAW-2026-06-05_15-20-10.txt,horizontal-saccade-like,134207.0,536.828,,,,,-7.327652766623143,-104.30065723216946,negative
Video,video,1,OpenBCI-RAW-2026-06-05_15-20-10.txt,horizontal-saccade-like,134260.0,537.04,,,,,23.506206150474128,339.1991817524728,positive
Video,video,1,OpenBCI-RAW-2026-06-05_15-20-10.txt,horizontal-saccade-like,134381.0,537.524,,,,,-22.009264533547547,-326.0783880680326,negative
Video,video,1,OpenBCI-RAW-2026-06-05_15-20-10.txt,horizontal-saccade-like,134456.0,537.824,,,,,20.30548372233721,311.9266019552152,positive
Video,video,1,OpenBCI-RAW-2026-06-05_15-20-10.txt,horizontal-saccade-like,134506.0,538.024,,,,,6.761745963472537,81.86325816461772,positive
Video,video,1,OpenBCI-RAW-2026-06-05_15-20-10.txt,horizontal-saccade-like,134560.0,538.24,,,,,-6.645217753325119,-115.77450871151497,negative
Video,video,1,OpenBCI-RAW-2026-06-05_15-20-10.txt,horizontal-saccade-like,134665.0,538.66,,,,,9.004598453917819,118.93662695527621,positive
Video,video,1,OpenBCI-RAW-2026-06-05_15-20-10.txt,horizontal-saccade-like,134757.0,539.028,,,,,-14.097376529817295,-202.763380541599,negative
Video,video,1,OpenBCI-RAW-2026-06-05_15-20-10.txt,horizontal-saccade-like,135841.0,543.364,,,,,-16.358113147083074,-225.25649099802212,negative
Video,video,1,OpenBCI-RAW-2026-06-05_15-20-10.txt,horizontal-saccade-like,135934.0,543.736,,,,,13.342757949030045,197.0902892333175,positive
Video,video,1,OpenBCI-RAW-2026-06-05_15-20-10.txt,horizontal-saccade-like,136001.0,544.004,,,,,11.035516679707285,152.8701115406228,positive
Video,video,1,OpenBCI-RAW-2026-06-05_15-20-10.txt,horizontal-saccade-like,136104.0,544.416,,,,,28.770666191727706,495.24303665086006,positive
Video,video,1,OpenBCI-RAW-2026-06-05_15-20-10.txt,horizontal-saccade-like,136505.0,546.02,,,,,24.49888208558104,352.6694093601786,positive
Video,video,1,OpenBCI-RAW-2026-06-05_15-20-10.txt,horizontal-saccade-like,137135.0,548.54,,,,,-24.164850194957005,-356.7077519166432,negative
Video,video,1,OpenBCI-RAW-2026-06-05_15-20-10.txt,horizontal-saccade-like,137277.0,549.108,,,,,9.40158067124354,127.86884492180215,positive
Video,video,1,OpenBCI-RAW-2026-06-05_15-20-10.txt,horizontal-saccade-like,137546.0,550.184,,,,,23.55514775739271,335.73941466848834,positive
Video,video,1,OpenBCI-RAW-2026-06-05_15-20-10.txt,horizontal-saccade-like,137875.0,551.5,,,,,10.479188673199657,148.7552023510272,positive
Video,video,1,OpenBCI-RAW-2026-06-05_15-20-10.txt,horizontal-saccade-like,137963.0,551.852,,,,,26.017925939826142,414.57419133309156,positive
Video,video,1,OpenBCI-RAW-2026-06-05_15-20-10.txt,horizontal-saccade-like,138230.0,552.92,,,,,-28.05315661006569,-485.70570226754563,negative
Video,video,1,OpenBCI-RAW-2026-06-05_15-20-10.txt,horizontal-saccade-like,138271.0,553.084,,,,,9.736747016964237,181.09226758434727,positive
Video,video,1,OpenBCI-RAW-2026-06-05_15-20-10.txt,horizontal-saccade-like,139537.0,558.148,,,,,-17.94136768398883,-264.0072136168151,negative
Video,video,1,OpenBCI-RAW-2026-06-05_15-20-10.txt,horizontal-saccade-like,139703.0,558.812,,,,,27.944089082827123,413.0652401093392,positive
Video,video,1,OpenBCI-RAW-2026-06-05_15-20-10.txt,horizontal-saccade-like,140015.0,560.06,,,,,6.055986956851387,84.90102206444323,positive
Video,video,1,OpenBCI-RAW-2026-06-05_15-20-10.txt,horizontal-saccade-like,140276.0,561.104,,,,,9.41283527125791,119.6254782257393,positive
Video,video,1,OpenBCI-RAW-2026-06-05_15-20-10.txt,horizontal-saccade-like,140342.0,561.368,,,,,33.57437914579722,627.7894655127515,positive
Video,video,1,OpenBCI-RAW-2026-06-05_15-20-10.txt,horizontal-saccade-like,140377.0,561.508,,,,,-8.242563814248092,-137.24530388824547,negative
Video,video,1,OpenBCI-RAW-2026-06-05_15-20-10.txt,horizontal-saccade-like,140758.0,563.032,,,,,38.93177724888735,673.5163625256292,positive
Video,video,1,OpenBCI-RAW-2026-06-05_15-20-10.txt,horizontal-saccade-like,140793.0,563.172,,,,,-7.7387808718437165,-144.26730752705248,negative
Video,video,1,OpenBCI-RAW-2026-06-05_15-20-10.txt,horizontal-saccade-like,141433.0,565.732,,,,,-6.738420287186288,-96.93745151260177,negative
Video,video,1,OpenBCI-RAW-2026-06-05_15-20-10.txt,horizontal-saccade-like,141799.0,567.196,,,,,7.606495253851487,111.98803479243026,positive
Video,video,1,OpenBCI-RAW-2026-06-05_15-20-10.txt,horizontal-saccade-like,141887.0,567.548,,,,,-30.703056830588157,-582.939028042997,negative
Video,video,1,OpenBCI-RAW-2026-06-05_15-20-10.txt,horizontal-saccade-like,142123.0,568.492,,,,,-12.018157199446591,-227.2219596620123,negative
Video,video,1,OpenBCI-RAW-2026-06-05_15-20-10.txt,horizontal-saccade-like,142298.0,569.192,,,,,-7.735954663516926,-124.17092676601243,negative
Video,video,1,OpenBCI-RAW-2026-06-05_15-20-10.txt,horizontal-saccade-like,143458.0,573.832,,,,,14.514803853845084,194.19188630922167,positive
Video,video,1,OpenBCI-RAW-2026-06-05_15-20-10.txt,horizontal-saccade-like,145455.0,581.82,,,,,-8.956019366322455,-149.31275136420828,negative
Video,video,1,OpenBCI-RAW-2026-06-05_15-20-10.txt,horizontal-saccade-like,146505.0,586.02,,,,,-19.13597155357113,-283.9828041308826,negative
Video,video,1,OpenBCI-RAW-2026-06-05_15-20-10.txt,horizontal-saccade-like,146599.0,586.396,,,,,11.930858360728374,175.23190494373927,positive
Video,video,1,OpenBCI-RAW-2026-06-05_15-20-10.txt,horizontal-saccade-like,146751.0,587.004,,,,,-15.720571375375929,-215.48556529420242,negative
Video,video,1,OpenBCI-RAW-2026-06-05_15-20-10.txt,horizontal-saccade-like,147841.0,591.364,,,,,-20.069858291475477,-299.34235084289384,negative
Video,video,1,OpenBCI-RAW-2026-06-05_15-20-10.txt,horizontal-saccade-like,147882.0,591.528,,,,,21.62227613511368,319.6695394875693,positive
Video,video,1,OpenBCI-RAW-2026-06-05_15-20-10.txt,horizontal-saccade-like,147943.0,591.772,,,,,-41.472402345311515,-731.6760070475813,negative
Video,video,1,OpenBCI-RAW-2026-06-05_15-20-10.txt,horizontal-saccade-like,147971.0,591.884,,,,,18.41142882826133,260.56196710129825,positive
Video,video,1,OpenBCI-RAW-2026-06-05_15-20-10.txt,horizontal-saccade-like,148866.0,595.464,,,,,-13.375191462146311,-195.64758592610713,negative
Video,video,1,OpenBCI-RAW-2026-06-05_15-20-10.txt,horizontal-saccade-like,148918.0,595.672,,,,,15.60634991248212,224.40163525017937,positive
Video,video,1,OpenBCI-RAW-2026-06-05_15-20-10.txt,horizontal-saccade-like,149193.0,596.772,,,,,16.158172999278783,281.7675674241027,positive
Video,video,1,OpenBCI-RAW-2026-06-05_15-20-10.txt,horizontal-saccade-like,149223.0,596.892,,,,,-33.01142362563791,-521.658506268777,negative
Video,video,1,OpenBCI-RAW-2026-06-05_15-20-10.txt,horizontal-saccade-like,149252.0,597.008,,,,,7.769464533757933,114.92166853637912,positive
Video,video,1,OpenBCI-RAW-2026-06-05_15-20-10.txt,horizontal-saccade-like,149321.0,597.284,,,,,51.59225528545805,989.7160333182738,positive
Video,video,1,OpenBCI-RAW-2026-06-05_15-20-10.txt,horizontal-saccade-like,149378.0,597.512,,,,,33.85589808786488,551.3309804402124,positive
Video,video,1,OpenBCI-RAW-2026-06-05_15-20-10.txt,horizontal-saccade-like,149406.0,597.624,,,,,-7.763319437236119,-110.97757109810709,negative
Video,video,1,OpenBCI-RAW-2026-06-05_15-20-10.txt,horizontal-saccade-like,149699.0,598.796,,,,,-24.55035934689538,-397.0589780932959,negative
Video,video,1,OpenBCI-RAW-2026-06-05_15-20-10.txt,horizontal-saccade-like,151124.0,604.496,,,,,-20.35122665358128,-315.7581032535287,negative
Video,video,1,OpenBCI-RAW-2026-06-05_15-20-10.txt,horizontal-saccade-like,151177.0,604.708,,,,,23.883199142403814,351.7050013442745,positive
Video,video,1,OpenBCI-RAW-2026-06-05_15-20-10.txt,horizontal-saccade-like,151261.0,605.044,,,,,38.32280116446445,594.8460409098009,positive
Video,video,1,OpenBCI-RAW-2026-06-05_15-20-10.txt,horizontal-saccade-like,151584.0,606.336,,,,,-13.765861644529565,-172.63170984186445,negative
Video,video,1,OpenBCI-RAW-2026-06-05_15-20-10.txt,horizontal-saccade-like,151791.0,607.164,,,,,-9.017190108354528,-135.24997330997064,negative
Video,video,1,OpenBCI-RAW-2026-06-05_15-20-10.txt,horizontal-saccade-like,152681.0,610.724,,,,,-20.201339896609,-298.635582235525,negative
Video,video,1,OpenBCI-RAW-2026-06-05_15-20-10.txt,horizontal-saccade-like,152728.0,610.912,,,,,18.84877610198441,257.95316229253297,positive
Video,video,1,OpenBCI-RAW-2026-06-05_15-20-10.txt,horizontal-saccade-like,153547.0,614.188,,,,,-36.304477360432294,-548.6089834419856,negative
Video,video,1,OpenBCI-RAW-2026-06-05_15-20-10.txt,horizontal-saccade-like,153610.0,614.44,,,,,36.00738016730559,513.2581596826246,positive
Video,video,1,OpenBCI-RAW-2026-06-05_15-20-10.txt,horizontal-saccade-like,153671.0,614.684,,,,,7.88353101262625,109.98589942293955,positive
Video,video,1,OpenBCI-RAW-2026-06-05_15-20-10.txt,horizontal-saccade-like,153912.0,615.648,,,,,-42.26911444927989,-680.666886590297,negative
Video,video,1,OpenBCI-RAW-2026-06-05_15-20-10.txt,horizontal-saccade-like,155857.0,623.428,,,,,-19.265160270971503,-287.6970491797701,negative
Video,video,1,OpenBCI-RAW-2026-06-05_15-20-10.txt,horizontal-saccade-like,156012.0,624.048,,,,,17.763611993532248,238.94900464276174,positive
Video,video,1,OpenBCI-RAW-2026-06-05_15-20-10.txt,horizontal-saccade-like,156358.0,625.432,,,,,41.50235489070479,666.2324395981163,positive
Video,video,1,OpenBCI-RAW-2026-06-05_15-20-10.txt,horizontal-saccade-like,156828.0,627.312,,,,,-32.0812210973854,-522.207933416796,negative
Video,video,1,OpenBCI-RAW-2026-06-05_15-20-10.txt,horizontal-saccade-like,156884.0,627.536,,,,,39.05016831719819,579.0620852829886,positive
Video,video,1,OpenBCI-RAW-2026-06-05_15-20-10.txt,horizontal-saccade-like,158350.0,633.4,,,,,-35.85186569256314,-627.4706857150062,negative
Video,video,1,OpenBCI-RAW-2026-06-05_15-20-10.txt,horizontal-saccade-like,158414.0,633.656,,,,,43.44451148911869,663.9200545607376,positive
Video,video,1,OpenBCI-RAW-2026-06-05_15-20-10.txt,horizontal-saccade-like,158906.0,635.624,,,,,-35.225462160380296,-543.953606720859,negative
Video,video,1,OpenBCI-RAW-2026-06-05_15-20-10.txt,horizontal-saccade-like,158977.0,635.908,,,,,40.7670102512878,597.009664165903,positive
Video,video,1,OpenBCI-RAW-2026-06-05_15-20-10.txt,horizontal-saccade-like,159453.0,637.812,,,,,37.51854398897494,550.9647773113015,positive
Video,video,1,OpenBCI-RAW-2026-06-05_15-20-10.txt,horizontal-saccade-like,160884.0,643.536,,,,,-39.245168618312626,-670.0281040599345,negative
Video,video,1,OpenBCI-RAW-2026-06-05_15-20-10.txt,horizontal-saccade-like,160916.0,643.664,,,,,14.54927244267839,221.54435716081207,positive
Video,video,1,OpenBCI-RAW-2026-06-05_15-20-10.txt,horizontal-saccade-like,161004.0,644.016,,,,,48.83849552413075,813.6569990625742,positive
Video,video,1,OpenBCI-RAW-2026-06-05_15-20-10.txt,horizontal-saccade-like,161031.0,644.124,,,,,-9.22777773342435,-133.4604836129331,negative
Video,video,1,OpenBCI-RAW-2026-06-05_15-20-10.txt,horizontal-saccade-like,162084.0,648.336,,,,,-16.71653323884538,-276.09132513620574,negative
Video,video,1,OpenBCI-RAW-2026-06-05_15-20-10.txt,horizontal-saccade-like,162347.0,649.388,,,,,-25.195469662616446,-445.5464706774738,negative
Video,video,1,OpenBCI-RAW-2026-06-05_15-20-10.txt,horizontal-saccade-like,162400.0,649.6,,,,,-30.1035629880993,-435.22126055247656,negative
Video,video,1,OpenBCI-RAW-2026-06-05_15-20-10.txt,horizontal-saccade-like,162490.0,649.96,,,,,30.5024636999866,572.6470616667783,positive
Video,video,1,OpenBCI-RAW-2026-06-05_15-20-10.txt,horizontal-saccade-like,162562.0,650.248,,,,,40.10233004488262,679.5345401577351,positive
Video,video,1,OpenBCI-RAW-2026-06-05_15-20-10.txt,horizontal-saccade-like,162598.0,650.392,,,,,-12.062079247252456,-213.59031513626667,negative
Video,video,1,OpenBCI-RAW-2026-06-05_15-20-10.txt,horizontal-saccade-like,162636.0,650.544,,,,,14.99838107802746,185.39999159810077,positive
Video,video,1,OpenBCI-RAW-2026-06-05_15-20-10.txt,horizontal-saccade-like,162859.0,651.436,,,,,30.36648249910026,445.28473039704687,positive
Video,video,1,OpenBCI-RAW-2026-06-05_15-20-10.txt,horizontal-saccade-like,164469.0,657.876,,,,,7.788632750503657,105.46250241218839,positive
Video,video,1,OpenBCI-RAW-2026-06-05_15-20-10.txt,horizontal-saccade-like,168650.0,674.6,,,,,8.187953219335746,111.65742240309837,positive
Video,video,1,OpenBCI-RAW-2026-06-05_15-20-10.txt,horizontal-saccade-like,168682.0,674.728,,,,,-33.88663809396907,-584.605773525583,negative
Video,video,1,OpenBCI-RAW-2026-06-05_15-20-10.txt,horizontal-saccade-like,168724.0,674.896,,,,,15.399307823427057,281.43210888412943,positive
Video,video,1,OpenBCI-RAW-2026-06-05_15-20-10.txt,horizontal-saccade-like,168758.0,675.032,,,,,-6.466981318682783,-47.368509735294595,negative
Video,video,1,OpenBCI-RAW-2026-06-05_15-20-10.txt,horizontal-saccade-like,169186.0,676.744,,,,,-27.549361450940435,-431.2634532650626,negative
Video,video,1,OpenBCI-RAW-2026-06-05_15-20-10.txt,horizontal-saccade-like,169535.0,678.14,,,,,27.75579670260375,408.72808318642745,positive
Video,video,1,OpenBCI-RAW-2026-06-05_15-20-10.txt,horizontal-saccade-like,170791.0,683.164,,,,,8.094884801400857,117.7044691289351,positive
Video,video,1,OpenBCI-RAW-2026-06-05_15-20-10.txt,horizontal-saccade-like,171614.0,686.456,,,,,-36.155796748336236,-688.5071235337412,negative
Video,video,1,OpenBCI-RAW-2026-06-05_15-20-10.txt,horizontal-saccade-like,171718.0,686.872,,,,,-33.26491824281118,-555.1848866699588,negative
Video,video,1,OpenBCI-RAW-2026-06-05_15-20-10.txt,horizontal-saccade-like,171761.0,687.044,,,,,7.995990271918375,137.65717668480613,positive
Video,video,1,OpenBCI-RAW-2026-06-05_15-20-10.txt,horizontal-saccade-like,171808.0,687.232,,,,,40.77126913386148,673.7957254394171,positive
Video,video,1,OpenBCI-RAW-2026-06-05_15-20-10.txt,horizontal-saccade-like,171837.0,687.348,,,,,-6.41567953535535,-111.00727293457003,negative
Video,video,1,OpenBCI-RAW-2026-06-05_15-20-10.txt,horizontal-saccade-like,171927.0,687.708,,,,,-6.5089847794759885,-80.26836890306706,negative
Video,video,1,OpenBCI-RAW-2026-06-05_15-20-10.txt,horizontal-saccade-like,171953.0,687.812,,,,,39.28212600227891,730.3822600145348,positive
Video,video,1,OpenBCI-RAW-2026-06-05_15-20-10.txt,horizontal-saccade-like,171989.0,687.956,,,,,-8.420116183181742,-140.04520369031468,negative
Video,video,1,OpenBCI-RAW-2026-06-05_15-20-10.txt,horizontal-saccade-like,174951.0,699.804,,,,,14.676280913758468,212.8880305960009,positive
Video,video,1,OpenBCI-RAW-2026-06-05_15-20-10.txt,horizontal-saccade-like,175535.0,702.14,,,,,11.120759531484218,146.02029194667563,positive
Video,video,1,OpenBCI-RAW-2026-06-05_15-20-10.txt,horizontal-saccade-like,175968.0,703.872,,,,,-17.701608020849,-256.59306571090207,negative
Video,video,1,OpenBCI-RAW-2026-06-05_15-20-10.txt,horizontal-saccade-like,176037.0,704.148,,,,,-10.784594543184847,-144.0910252641391,negative
Video,video,1,OpenBCI-RAW-2026-06-05_15-20-10.txt,horizontal-saccade-like,177038.0,708.152,,,,,25.47533363231504,349.2906903490494,positive
Video,video,1,OpenBCI-RAW-2026-06-05_15-20-10.txt,horizontal-saccade-like,177386.0,709.544,,,,,24.742694174763844,447.35507895337713,positive
Video,video,1,OpenBCI-RAW-2026-06-05_15-20-10.txt,horizontal-saccade-like,177437.0,709.748,,,,,-6.695944640525362,-121.0735427887144,negative
Video,video,1,OpenBCI-RAW-2026-06-05_15-20-10.txt,horizontal-saccade-like,177522.0,710.088,,,,,8.586241197977676,112.15921063511496,positive
Video,video,1,OpenBCI-RAW-2026-06-05_15-20-10.txt,horizontal-saccade-like,177569.0,710.276,,,,,-14.22624187042951,-216.47085922707123,negative
Video,video,1,OpenBCI-RAW-2026-06-05_15-20-10.txt,horizontal-saccade-like,177828.0,711.312,,,,,-10.524547175258022,-187.12082394042636,negative
Video,video,1,OpenBCI-RAW-2026-06-05_15-20-10.txt,horizontal-saccade-like,180149.0,720.596,,,,,12.508686592176838,177.33665259238566,positive
Video,video,1,OpenBCI-RAW-2026-06-05_15-20-10.txt,horizontal-saccade-like,184329.0,737.316,,,,,-11.38251409762522,-156.3044344698095,negative
Video,video,1,OpenBCI-RAW-2026-06-05_15-20-10.txt,horizontal-saccade-like,184375.0,737.5,,,,,16.21483093506404,252.1287559984466,positive
Video,video,1,OpenBCI-RAW-2026-06-05_15-20-10.txt,horizontal-saccade-like,185330.0,741.32,,,,,-16.825792566097434,-273.8931473080051,negative
Video,video,1,OpenBCI-RAW-2026-06-05_15-20-10.txt,horizontal-saccade-like,185889.0,743.556,,,,,-19.84144789206117,-328.44458240368095,negative
Video,video,1,OpenBCI-RAW-2026-06-05_15-20-10.txt,horizontal-saccade-like,185976.0,743.904,,,,,-20.239524184459405,-291.3124307314705,negative
Video,video,1,OpenBCI-RAW-2026-06-05_15-20-10.txt,horizontal-saccade-like,186040.0,744.16,,,,,36.93617243090142,583.9213839228944,positive
Video,video,1,OpenBCI-RAW-2026-06-05_15-20-10.txt,horizontal-saccade-like,186789.0,747.156,,,,,-23.73612513996888,-356.642385591554,negative
Video,video,1,OpenBCI-RAW-2026-06-05_15-20-10.txt,horizontal-saccade-like,186849.0,747.396,,,,,30.02129260899526,504.16248683329263,positive
Video,video,1,OpenBCI-RAW-2026-06-05_15-20-10.txt,horizontal-saccade-like,187756.0,751.024,,,,,-9.804110810535894,-133.09274335630263,negative
Video,video,1,OpenBCI-RAW-2026-06-05_15-20-10.txt,horizontal-saccade-like,187803.0,751.212,,,,,11.61863967129139,167.60645562414095,positive
Video,video,1,OpenBCI-RAW-2026-06-05_15-20-10.txt,horizontal-saccade-like,188116.0,752.464,,,,,-12.833424437392296,-199.04757057051467,negative
Video,video,1,OpenBCI-RAW-2026-06-05_15-20-10.txt,horizontal-saccade-like,188189.0,752.756,,,,,-6.679054484966714,-132.44087946757003,negative
Video,video,1,OpenBCI-RAW-2026-06-05_15-20-10.txt,horizontal-saccade-like,188254.0,753.016,,,,,-7.168098262518846,-93.52767735543301,negative
Video,video,1,OpenBCI-RAW-2026-06-05_15-20-10.txt,horizontal-saccade-like,188370.0,753.48,,,,,12.23275587084224,171.2677512654454,positive
Video,video,1,OpenBCI-RAW-2026-06-05_15-20-10.txt,horizontal-saccade-like,188439.0,753.756,,,,,14.688767596078716,204.4294201540284,positive
Video,video,1,OpenBCI-RAW-2026-06-05_15-20-10.txt,horizontal-saccade-like,189964.0,759.856,,,,,-10.034071419594914,-142.33872136108175,negative
Video,video,1,OpenBCI-RAW-2026-06-05_15-20-10.txt,horizontal-saccade-like,190823.0,763.292,,,,,12.581274665340151,174.94960524214508,positive
Video,video,1,OpenBCI-RAW-2026-06-05_15-20-10.txt,horizontal-saccade-like,191330.0,765.32,,,,,10.789832213387701,178.5118537687839,positive
Video,video,1,OpenBCI-RAW-2026-06-05_15-20-10.txt,horizontal-saccade-like,191373.0,765.492,,,,,-7.500079797363804,-100.91135964484192,negative
Video,video,1,OpenBCI-RAW-2026-06-05_15-20-10.txt,horizontal-saccade-like,191987.0,767.948,,,,,-13.1454995116508,-193.17522121211073,negative
Video,video,1,OpenBCI-RAW-2026-06-05_15-20-10.txt,horizontal-saccade-like,192062.0,768.248,,,,,-13.94253352012335,-205.226631023391,negative
Video,video,1,OpenBCI-RAW-2026-06-05_15-20-10.txt,horizontal-saccade-like,192167.0,768.668,,,,,28.214646931297157,411.92244054214206,positive
Video,video,1,OpenBCI-RAW-2026-06-05_15-20-10.txt,horizontal-saccade-like,192585.0,770.34,,,,,-16.93850318868217,-239.13970739495988,negative
Video,video,1,OpenBCI-RAW-2026-06-05_15-20-10.txt,horizontal-saccade-like,192655.0,770.62,,,,,20.040193585816947,285.9637918633639,positive
Video,video,1,OpenBCI-RAW-2026-06-05_15-20-10.txt,horizontal-saccade-like,192908.0,771.632,,,,,-27.679808733494774,-393.0782794153505,negative
Video,video,1,OpenBCI-RAW-2026-06-05_15-20-10.txt,horizontal-saccade-like,192992.0,771.968,,,,,27.545490474634082,427.46652002734015,positive
Video,video,1,OpenBCI-RAW-2026-06-05_15-20-10.txt,horizontal-saccade-like,195268.0,781.072,,,,,-17.151874618669737,-240.67510132868355,negative
Video,video,1,OpenBCI-RAW-2026-06-05_15-20-10.txt,horizontal-saccade-like,196248.0,784.992,,,,,-18.243888940624235,-267.82853187734236,negative
Video,video,1,OpenBCI-RAW-2026-06-05_15-20-10.txt,horizontal-saccade-like,196287.0,785.148,,,,,16.28367544118854,229.68478633785207,positive
Video,video,1,OpenBCI-RAW-2026-06-05_15-20-10.txt,horizontal-saccade-like,196346.0,785.384,,,,,-30.78968039499958,-537.0214342782015,negative
Video,video,1,OpenBCI-RAW-2026-06-05_15-20-10.txt,horizontal-saccade-like,196900.0,787.6,,,,,6.038077165239135,87.16627108695792,positive
Video,video,1,OpenBCI-RAW-2026-06-05_15-20-10.txt,horizontal-saccade-like,197729.0,790.916,,,,,-28.09787336330271,-478.4820419233918,negative
Video,video,1,OpenBCI-RAW-2026-06-05_15-20-10.txt,horizontal-saccade-like,197759.0,791.036,,,,,9.913361326407719,174.48505355970167,positive
Video,video,1,OpenBCI-RAW-2026-06-05_15-20-10.txt,horizontal-saccade-like,198074.0,792.296,,,,,24.591478521645328,346.7634258710787,positive
Video,video,1,OpenBCI-RAW-2026-06-05_15-20-10.txt,horizontal-saccade-like,198745.0,794.98,,,,,-34.711425984634666,-585.5857492180294,negative
Video,video,1,OpenBCI-RAW-2026-06-05_15-20-10.txt,horizontal-saccade-like,198777.0,795.108,,,,,12.336605493779725,210.76436476548048,positive
Video,video,1,OpenBCI-RAW-2026-06-05_15-20-10.txt,horizontal-saccade-like,198813.0,795.252,,,,,11.993370548735285,181.5107511776381,positive
Video,video,1,OpenBCI-RAW-2026-06-05_15-20-10.txt,horizontal-saccade-like,199317.0,797.268,,,,,11.10225185319698,152.86045656292168,positive
Video,video,1,OpenBCI-RAW-2026-06-05_15-20-10.txt,horizontal-saccade-like,200498.0,801.992,,,,,6.790416695401744,98.08587035787676,positive
Video,video,1,OpenBCI-RAW-2026-06-05_15-20-10.txt,horizontal-saccade-like,204070.0,816.28,,,,,-19.366281952047025,-290.8213125011147,negative
Video,video,1,OpenBCI-RAW-2026-06-05_15-20-10.txt,horizontal-saccade-like,204122.0,816.488,,,,,21.27625197273551,289.8022361643973,positive
Video,video,1,OpenBCI-RAW-2026-06-05_15-20-10.txt,horizontal-saccade-like,204465.0,817.86,,,,,-31.60579519106245,-506.6068580100939,negative
Video,video,1,OpenBCI-RAW-2026-06-05_15-20-10.txt,horizontal-saccade-like,208300.0,833.2,,,,,-15.29557878959312,-216.96555401287077,negative
Video,video,1,OpenBCI-RAW-2026-06-05_15-20-10.txt,horizontal-saccade-like,208356.0,833.424,,,,,16.477548698009077,217.25717247945252,positive
Video,video,1,OpenBCI-RAW-2026-06-05_15-20-10.txt,horizontal-saccade-like,208561.0,834.244,,,,,-6.398329997101103,-66.80805308202727,negative
Video,video,1,OpenBCI-RAW-2026-06-05_15-20-10.txt,horizontal-saccade-like,208607.0,834.428,,,,,8.533141542288728,111.09858132949684,positive
Video,video,1,OpenBCI-RAW-2026-06-05_15-20-10.txt,horizontal-saccade-like,208985.0,835.94,,,,,-10.778035984026989,-130.5584817845095,negative
Video,video,1,OpenBCI-RAW-2026-06-05_15-20-10.txt,horizontal-saccade-like,209031.0,836.124,,,,,19.550670394526254,292.9501373022158,positive
Video,video,1,OpenBCI-RAW-2026-06-05_15-20-10.txt,horizontal-saccade-like,209563.0,838.252,,,,,-17.07010734499039,-241.66206488721951,negative
Video,video,1,OpenBCI-RAW-2026-06-05_15-20-10.txt,horizontal-saccade-like,211180.0,844.72,,,,,16.710683141272472,226.12156633939483,positive
Video,video,1,OpenBCI-RAW-2026-06-05_15-20-10.txt,horizontal-saccade-like,212745.0,850.98,,,,,41.09062746658808,719.6900573780413,positive
Video,video,1,OpenBCI-RAW-2026-06-05_15-20-10.txt,horizontal-saccade-like,212771.0,851.084,,,,,-6.29170463881032,-84.2917073958516,negative
Video,video,1,OpenBCI-RAW-2026-06-05_15-20-10.txt,horizontal-saccade-like,212915.0,851.66,,,,,-20.087304916291565,-281.4323967993413,negative
Video,video,1,OpenBCI-RAW-2026-06-05_15-20-10.txt,horizontal-saccade-like,213030.0,852.12,,,,,23.446654770421745,336.16776557106937,positive
Video,video,1,OpenBCI-RAW-2026-06-05_15-20-10.txt,horizontal-saccade-like,213189.0,852.756,,,,,-23.984301339528134,-340.0246029002494,negative
Video,video,1,OpenBCI-RAW-2026-06-05_15-20-10.txt,horizontal-saccade-like,213260.0,853.04,,,,,26.46731499018496,400.74476857310356,positive
Video,video,1,OpenBCI-RAW-2026-06-05_15-20-10.txt,horizontal-saccade-like,213372.0,853.488,,,,,-15.484820978380128,-220.72926437967152,negative
Video,video,1,OpenBCI-RAW-2026-06-05_15-20-10.txt,horizontal-saccade-like,213494.0,853.976,,,,,-24.006599058844934,-379.47475144673183,negative
Video,video,1,OpenBCI-RAW-2026-06-05_15-20-10.txt,horizontal-saccade-like,213819.0,855.276,,,,,-36.45149588531486,-676.711901445387,negative
Video,video,1,OpenBCI-RAW-2026-06-05_15-20-10.txt,horizontal-saccade-like,213846.0,855.384,,,,,8.51311528337124,120.76021332530922,positive
Video,video,1,OpenBCI-RAW-2026-06-05_15-20-10.txt,horizontal-saccade-like,214034.0,856.136,,,,,43.69825008265765,712.2708096869043,positive
Video,video,1,OpenBCI-RAW-2026-06-05_15-20-10.txt,horizontal-saccade-like,214142.0,856.568,,,,,-18.61711182353196,-255.4721949459169,negative
Video,video,1,OpenBCI-RAW-2026-06-05_15-20-10.txt,horizontal-saccade-like,214235.0,856.94,,,,,22.025572344740006,307.4377866207702,positive
Video,video,1,OpenBCI-RAW-2026-06-05_15-20-10.txt,horizontal-saccade-like,214334.0,857.336,,,,,-38.021931411767106,-595.9191564801172,negative
Video,video,1,OpenBCI-RAW-2026-06-05_15-20-10.txt,horizontal-saccade-like,214435.0,857.74,,,,,38.78997421803615,581.7020311144688,positive
Video,video,1,OpenBCI-RAW-2026-06-05_15-20-10.txt,horizontal-saccade-like,214540.0,858.16,,,,,-50.375086011499285,-909.9827140874079,negative
Video,video,1,OpenBCI-RAW-2026-06-05_15-20-10.txt,horizontal-saccade-like,214570.0,858.28,,,,,11.413371156923779,160.5594984606489,positive
Video,video,1,OpenBCI-RAW-2026-06-05_15-20-10.txt,horizontal-saccade-like,214625.0,858.5,,,,,24.770044338656852,345.8496860267006,positive
Video,video,1,OpenBCI-RAW-2026-06-05_15-20-10.txt,horizontal-saccade-like,214689.0,858.756,,,,,-31.809491402231775,-470.3685321132201,negative
Video,video,1,OpenBCI-RAW-2026-06-05_15-20-10.txt,horizontal-saccade-like,214812.0,859.248,,,,,29.20806321352181,451.1063472966147,positive
Video,video,1,OpenBCI-RAW-2026-06-05_15-20-10.txt,horizontal-saccade-like,214839.0,859.356,,,,,-11.762697787610694,-173.44655148626057,negative
Video,video,1,OpenBCI-RAW-2026-06-05_15-20-10.txt,horizontal-saccade-like,214865.0,859.46,,,,,37.348443112892646,535.2984180879469,positive
Video,video,1,OpenBCI-RAW-2026-06-05_15-20-10.txt,horizontal-saccade-like,215104.0,860.416,,,,,-17.026430037459818,-220.4319898554005,negative
Video,video,1,OpenBCI-RAW-2026-06-05_15-20-10.txt,horizontal-saccade-like,215386.0,861.544,,,,,-27.766188333538288,-420.60184450449935,negative
Video,video,1,OpenBCI-RAW-2026-06-05_15-20-10.txt,horizontal-saccade-like,215650.0,862.6,,,,,39.26384400508603,629.9838151797263,positive
Video,video,1,OpenBCI-RAW-2026-06-05_15-20-10.txt,horizontal-saccade-like,215735.0,862.94,,,,,13.87062245530713,183.74323183356796,positive
Video,video,1,OpenBCI-RAW-2026-06-05_15-20-10.txt,horizontal-saccade-like,215920.0,863.68,,,,,-39.87832746853839,-707.2002300678453,negative
Video,video,1,OpenBCI-RAW-2026-06-05_15-20-10.txt,horizontal-saccade-like,215952.0,863.808,,,,,10.742811431512484,162.70284545139322,positive
Video,video,1,OpenBCI-RAW-2026-06-05_15-20-10.txt,horizontal-saccade-like,216351.0,865.404,,,,,14.800006938875791,193.6872725058651,positive
Video,video,1,OpenBCI-RAW-2026-06-05_15-20-10.txt,horizontal-saccade-like,216380.0,865.52,,,,,-7.4636408831833965,-100.57337833560524,negative
Video,video,1,OpenBCI-RAW-2026-06-05_15-20-10.txt,horizontal-saccade-like,216406.0,865.624,,,,,37.447199321475836,649.094670504624,positive
Video,video,1,OpenBCI-RAW-2026-06-05_15-20-10.txt,horizontal-saccade-like,216455.0,865.82,,,,,13.469600047612234,149.4752059329464,positive
Video,video,1,OpenBCI-RAW-2026-06-05_15-20-10.txt,horizontal-saccade-like,216598.0,866.392,,,,,-21.234561771721992,-312.3727013359829,negative
Video,video,1,OpenBCI-RAW-2026-06-05_15-20-10.txt,horizontal-saccade-like,216666.0,866.664,,,,,21.186147032464145,299.83582645153194,positive
Video,video,1,OpenBCI-RAW-2026-06-05_15-20-10.txt,horizontal-saccade-like,216888.0,867.552,,,,,-44.003699988796335,-808.7676014306551,negative
Video,video,1,OpenBCI-RAW-2026-06-05_15-20-10.txt,horizontal-saccade-like,216921.0,867.684,,,,,17.97937435698702,285.92007911916426,positive
Video,video,1,OpenBCI-RAW-2026-06-05_15-20-10.txt,horizontal-saccade-like,217028.0,868.112,,,,,10.659136438916697,132.42638889507555,positive
Video,video,1,OpenBCI-RAW-2026-06-05_15-20-10.txt,horizontal-saccade-like,217084.0,868.336,,,,,32.90831635022817,474.5689504274113,positive
Video,video,1,OpenBCI-RAW-2026-06-05_15-20-10.txt,horizontal-saccade-like,218006.0,872.024,,,,,-22.646708713204493,-334.8010260166586,negative
Video,video,1,OpenBCI-RAW-2026-06-05_15-20-10.txt,horizontal-saccade-like,218064.0,872.256,,,,,26.60158387576356,389.5481889542625,positive
Video,video,1,OpenBCI-RAW-2026-06-05_15-20-10.txt,horizontal-saccade-like,218150.0,872.6,,,,,-40.2978891355586,-804.2618461953132,negative
Video,video,1,OpenBCI-RAW-2026-06-05_15-20-10.txt,horizontal-saccade-like,218452.0,873.808,,,,,-27.360559679558197,-394.2966751444491,negative
Video,video,1,OpenBCI-RAW-2026-06-05_15-20-10.txt,horizontal-saccade-like,218527.0,874.108,,,,,13.527000011946733,200.34040508921487,positive
Video,video,1,OpenBCI-RAW-2026-06-05_15-20-10.txt,horizontal-saccade-like,218564.0,874.256,,,,,17.389825034884964,242.09488244820693,positive
Video,video,1,OpenBCI-RAW-2026-06-05_15-20-10.txt,horizontal-saccade-like,218682.0,874.728,,,,,-20.27151650283962,-272.0669805095037,negative
Video,video,1,OpenBCI-RAW-2026-06-05_15-20-10.txt,horizontal-saccade-like,218802.0,875.208,,,,,-18.753033741999918,-315.04859456026134,negative
Video,video,1,OpenBCI-RAW-2026-06-05_15-20-10.txt,horizontal-saccade-like,218928.0,875.712,,,,,-26.962543346488246,-463.3477892853504,negative
Video,video,1,OpenBCI-RAW-2026-06-05_15-20-10.txt,horizontal-saccade-like,218967.0,875.868,,,,,10.881704477498447,179.9954396642692,positive
Video,video,1,OpenBCI-RAW-2026-06-05_15-20-10.txt,horizontal-saccade-like,220308.0,881.232,,,,,-34.52444753682561,-588.0203243544205,negative
Video,video,1,OpenBCI-RAW-2026-06-05_15-20-10.txt,horizontal-saccade-like,220335.0,881.34,,,,,8.8955797609099,145.6797886018527,positive
Video,video,1,OpenBCI-RAW-2026-06-05_15-20-10.txt,horizontal-saccade-like,221026.0,884.104,,,,,-27.173860387627844,-394.76782979212265,negative
Video,video,1,OpenBCI-RAW-2026-06-05_15-20-10.txt,horizontal-saccade-like,221904.0,887.616,,,,,12.578456002653741,245.22076092582358,positive
Video,video,1,OpenBCI-RAW-2026-06-05_15-20-10.txt,horizontal-saccade-like,222001.0,888.004,,,,,28.235138784491006,495.7286480783585,positive
Video,video,1,OpenBCI-RAW-2026-06-05_15-20-10.txt,horizontal-saccade-like,222033.0,888.132,,,,,-7.578875898548094,-128.71753065257388,negative
Video,video,1,OpenBCI-RAW-2026-06-05_15-20-10.txt,horizontal-saccade-like,222081.0,888.324,,,,,26.85552145204504,423.3288179949822,positive
Video,video,1,OpenBCI-RAW-2026-06-05_15-20-10.txt,horizontal-saccade-like,222130.0,888.52,,,,,-7.684907792273908,-137.86240463190438,negative
Video,video,1,OpenBCI-RAW-2026-06-05_15-20-10.txt,horizontal-saccade-like,222512.0,890.048,,,,,28.137800837822283,488.0891733849003,positive
Video,video,1,OpenBCI-RAW-2026-06-05_15-20-10.txt,horizontal-saccade-like,223071.0,892.284,,,,,-35.62836856159321,-607.0712683293809,negative
Video,video,1,OpenBCI-RAW-2026-06-05_15-20-10.txt,horizontal-saccade-like,223184.0,892.736,,,,,39.098497366076025,662.613358181794,positive
Video,video,1,OpenBCI-RAW-2026-06-05_15-20-10.txt,horizontal-saccade-like,223309.0,893.236,,,,,7.308913016938807,91.4966872940308,positive
Video,video,1,OpenBCI-RAW-2026-06-05_15-20-10.txt,horizontal-saccade-like,223341.0,893.364,,,,,-29.519987000610186,-469.90650714014555,negative
Video,video,1,OpenBCI-RAW-2026-06-05_15-20-10.txt,horizontal-saccade-like,223368.0,893.472,,,,,11.81294303499997,188.78634828360623,positive
Video,video,1,OpenBCI-RAW-2026-06-05_15-20-10.txt,horizontal-saccade-like,223455.0,893.82,,,,,-20.036828196990342,-326.56706531006614,negative
Video,video,1,OpenBCI-RAW-2026-06-05_15-20-10.txt,horizontal-saccade-like,223555.0,894.22,,,,,6.215827434426865,87.892630104066,positive
Video,video,1,OpenBCI-RAW-2026-06-05_15-20-10.txt,horizontal-saccade-like,223616.0,894.464,,,,,19.639402431232394,287.5908324890553,positive
Video,video,1,OpenBCI-RAW-2026-06-05_15-20-10.txt,horizontal-saccade-like,223738.0,894.952,,,,,-7.661508590054135,-110.43199585923352,negative
Video,video,1,OpenBCI-RAW-2026-06-05_15-20-10.txt,horizontal-saccade-like,223851.0,895.404,,,,,-10.01624414406656,-146.50548696901018,negative
Video,video,1,OpenBCI-RAW-2026-06-05_15-20-10.txt,horizontal-saccade-like,224132.0,896.528,,,,,-30.097273940975537,-512.3782476902946,negative
Video,video,1,OpenBCI-RAW-2026-06-05_15-20-10.txt,horizontal-saccade-like,224164.0,896.656,,,,,9.54870766830459,149.85747019631594,positive
Video,video,1,OpenBCI-RAW-2026-06-05_15-20-10.txt,horizontal-saccade-like,224245.0,896.98,,,,,34.12891814691474,645.4337532205388,positive
Video,video,1,OpenBCI-RAW-2026-06-05_15-20-10.txt,horizontal-saccade-like,224596.0,898.384,,,,,28.878804505227134,507.62917396072083,positive
Video,video,1,OpenBCI-RAW-2026-06-05_15-20-10.txt,horizontal-saccade-like,224642.0,898.568,,,,,-9.918732201817564,-178.0054648098518,negative
Video,video,1,OpenBCI-RAW-2026-06-05_15-20-10.txt,horizontal-saccade-like,224834.0,899.336,,,,,10.202478548483407,141.2208458457145,positive
Video,video,1,OpenBCI-RAW-2026-06-05_15-20-10.txt,horizontal-saccade-like,224903.0,899.612,,,,,-11.874855143550034,-171.3095394845335,negative
Video,video,1,OpenBCI-RAW-2026-06-05_15-20-10.txt,horizontal-saccade-like,225495.0,901.98,,,,,22.263333685128863,370.59630953329554,positive
Video,video,1,OpenBCI-RAW-2026-06-05_15-20-10.txt,horizontal-saccade-like,225570.0,902.28,,,,,10.552825093387876,142.49848019872604,positive
Video,video,1,OpenBCI-RAW-2026-06-05_15-20-10.txt,horizontal-saccade-like,225916.0,903.664,,,,,11.090483933323831,153.47834184115308,positive
Video,video,1,OpenBCI-RAW-2026-06-05_15-20-10.txt,horizontal-saccade-like,227179.0,908.716,,,,,10.928463673123995,163.96210739190852,positive
Video,video,1,OpenBCI-RAW-2026-06-05_15-20-10.txt,horizontal-saccade-like,227340.0,909.36,,,,,16.85841092512381,240.8811667269469,positive
Video,video,1,OpenBCI-RAW-2026-06-05_15-20-10.txt,horizontal-saccade-like,227945.0,911.78,,,,,10.482016037939141,136.04600298188308,positive
Video,video,1,OpenBCI-RAW-2026-06-05_15-20-10.txt,horizontal-saccade-like,228501.0,914.004,,,,,12.977398340364518,179.16684465962143,positive
Video,video,1,OpenBCI-RAW-2026-06-05_15-20-10.txt,horizontal-saccade-like,229250.0,917.0,,,,,-24.467185908185936,-361.13080634345977,negative
Video,video,1,OpenBCI-RAW-2026-06-05_15-20-10.txt,horizontal-saccade-like,229366.0,917.464,,,,,21.43890641689637,303.7926616865361,positive
Video,video,1,OpenBCI-RAW-2026-06-05_15-20-10.txt,horizontal-saccade-like,230021.0,920.084,,,,,-17.344395683844407,-245.94574420314538,negative
Video,video,1,OpenBCI-RAW-2026-06-05_15-20-10.txt,horizontal-saccade-like,230074.0,920.296,,,,,14.881103987460644,224.08536300996852,positive
Video,video,1,OpenBCI-RAW-2026-06-05_15-20-10.txt,horizontal-saccade-like,230158.0,920.632,,,,,-13.239980804093346,-236.74136204565286,negative
Video,video,1,OpenBCI-RAW-2026-06-05_15-20-10.txt,horizontal-saccade-like,230455.0,921.82,,,,,14.677710463632927,216.9831833022692,positive
Video,video,1,OpenBCI-RAW-2026-06-05_15-20-10.txt,horizontal-saccade-like,230645.0,922.58,,,,,-14.213936679220033,-192.25309477180124,negative
Video,video,1,OpenBCI-RAW-2026-06-05_15-20-10.txt,horizontal-saccade-like,231747.0,926.988,,,,,14.144431507319403,195.32189223780563,positive
Video,video,1,OpenBCI-RAW-2026-06-05_15-20-10.txt,horizontal-saccade-like,231816.0,927.264,,,,,-9.825527462210081,-145.71650412821631,negative
Video,video,1,OpenBCI-RAW-2026-06-05_15-20-10.txt,horizontal-saccade-like,232273.0,929.092,,,,,27.08162005171258,549.2931759954415,positive
Video,video,1,OpenBCI-RAW-2026-06-05_15-20-10.txt,horizontal-saccade-like,232314.0,929.256,,,,,-13.357791467797789,-232.9409929063952,negative
Video,video,1,OpenBCI-RAW-2026-06-05_15-20-10.txt,horizontal-saccade-like,232362.0,929.448,,,,,-17.22257873582133,-288.3197799709057,negative
Video,video,1,OpenBCI-RAW-2026-06-05_15-20-10.txt,horizontal-saccade-like,232549.0,930.196,,,,,20.419690163886983,296.2208371616016,positive
Video,video,1,OpenBCI-RAW-2026-06-05_15-20-10.txt,horizontal-saccade-like,232617.0,930.468,,,,,-17.98344424783687,-258.88010010347074,negative
Video,video,1,OpenBCI-RAW-2026-06-05_15-20-10.txt,horizontal-saccade-like,232945.0,931.78,,,,,-6.356992712230145,-103.13702739755033,negative
Video,video,1,OpenBCI-RAW-2026-06-05_15-20-10.txt,horizontal-saccade-like,233709.0,934.836,,,,,9.462015209517121,152.05724140040172,positive
Video,video,1,OpenBCI-RAW-2026-06-05_15-20-10.txt,horizontal-saccade-like,234156.0,936.624,,,,,-17.825609767981156,-264.45966412843643,negative
Video,video,1,OpenBCI-RAW-2026-06-05_15-20-10.txt,horizontal-saccade-like,234199.0,936.796,,,,,-7.21632893867105,-113.84955670627713,negative
Video,video,1,OpenBCI-RAW-2026-06-05_15-20-10.txt,horizontal-saccade-like,234241.0,936.964,,,,,7.584510967606397,110.28956471605557,positive
Video,video,1,OpenBCI-RAW-2026-06-05_15-20-10.txt,horizontal-saccade-like,234295.0,937.18,,,,,24.436979216678765,361.3676960127081,positive
Video,video,1,OpenBCI-RAW-2026-06-05_15-20-10.txt,horizontal-saccade-like,234967.0,939.868,,,,,-11.791244395125316,-232.5716349431618,negative
Video,video,1,OpenBCI-RAW-2026-06-05_15-20-10.txt,horizontal-saccade-like,235022.0,940.088,,,,,11.983419874435572,219.95081993331468,positive
Video,video,1,OpenBCI-RAW-2026-06-05_15-20-10.txt,horizontal-saccade-like,235066.0,940.264,,,,,17.066538867489523,230.50617787171637,positive
Video,video,1,OpenBCI-RAW-2026-06-05_15-20-10.txt,horizontal-saccade-like,235184.0,940.736,,,,,-31.83544710460909,-554.8183766089016,negative
Video,video,1,OpenBCI-RAW-2026-06-05_15-20-10.txt,horizontal-saccade-like,235237.0,940.948,,,,,9.770737075155745,163.20549767476177,positive
Video,video,1,OpenBCI-RAW-2026-06-05_15-20-10.txt,horizontal-saccade-like,235355.0,941.42,,,,,40.246212056900454,772.2777239719026,positive
Video,video,1,OpenBCI-RAW-2026-06-05_15-20-10.txt,horizontal-saccade-like,235387.0,941.548,,,,,-7.599199086721022,-102.59011545307379,negative
Video,video,1,OpenBCI-RAW-2026-06-05_15-20-10.txt,horizontal-saccade-like,236043.0,944.172,,,,,21.15048750096526,311.48642999445485,positive
Video,video,1,OpenBCI-RAW-2026-06-05_15-20-10.txt,horizontal-saccade-like,236069.0,944.276,,,,,-6.249745465481464,-99.14001696806457,negative
Video,video,1,OpenBCI-RAW-2026-06-05_15-20-10.txt,horizontal-saccade-like,236150.0,944.6,,,,,-24.302568488115607,-351.0452609426166,negative
Video,video,1,OpenBCI-RAW-2026-06-05_15-20-10.txt,horizontal-saccade-like,237229.0,948.916,,,,,-9.513323140853592,-137.76386001901363,negative
Video,video,1,OpenBCI-RAW-2026-06-05_15-20-10.txt,horizontal-saccade-like,237278.0,949.112,,,,,-7.498349810440662,-102.8552546298567,negative
Video,video,1,OpenBCI-RAW-2026-06-05_15-20-10.txt,horizontal-saccade-like,237885.0,951.54,,,,,8.572820751441181,121.58431713686558,positive
Video,video,1,OpenBCI-RAW-2026-06-05_15-20-10.txt,horizontal-saccade-like,238567.0,954.268,,,,,-24.207097188989216,-366.52642849276305,negative
Video,video,1,OpenBCI-RAW-2026-06-05_15-20-10.txt,horizontal-saccade-like,238709.0,954.836,,,,,6.100918210368797,83.46077419949852,positive
Video,video,1,OpenBCI-RAW-2026-06-05_15-20-10.txt,horizontal-saccade-like,238776.0,955.104,,,,,29.53346518233807,527.0307348724257,positive
Video,video,1,OpenBCI-RAW-2026-06-05_15-20-10.txt,horizontal-saccade-like,238856.0,955.424,,,,,-8.20894112442509,-149.26810995973017,negative
Video,video,1,OpenBCI-RAW-2026-06-05_15-20-10.txt,horizontal-saccade-like,238975.0,955.9,,,,,-12.059244217242691,-168.0121692457402,negative
Video,video,1,OpenBCI-RAW-2026-06-05_15-20-10.txt,horizontal-saccade-like,240890.0,963.56,,,,,-13.238650500100556,-194.08697299982487,negative
Video,video,1,OpenBCI-RAW-2026-06-05_15-20-10.txt,horizontal-saccade-like,241824.0,967.296,,,,,22.959894933169053,344.89317631286895,positive
Video,video,1,OpenBCI-RAW-2026-06-05_15-20-10.txt,horizontal-saccade-like,241881.0,967.524,,,,,-18.683709411685967,-292.65915333481485,negative
Video,video,1,OpenBCI-RAW-2026-06-05_15-20-10.txt,horizontal-saccade-like,242113.0,968.452,,,,,10.889917986231703,150.01100362108525,positive
Video,video,1,OpenBCI-RAW-2026-06-05_15-20-10.txt,horizontal-saccade-like,242431.0,969.724,,,,,-17.990815885200075,-257.1213456099391,negative
Video,video,1,OpenBCI-RAW-2026-06-05_15-20-10.txt,horizontal-saccade-like,242501.0,970.004,,,,,23.130104739647802,420.75580513884023,positive
Video,video,1,OpenBCI-RAW-2026-06-05_15-20-10.txt,horizontal-saccade-like,245004.0,980.016,,,,,-17.018004804525233,-261.89639279262457,negative
Video,video,1,OpenBCI-RAW-2026-06-05_15-20-10.txt,horizontal-saccade-like,245785.0,983.14,,,,,-14.84233055957173,-215.28899254302905,negative
Video,video,1,OpenBCI-RAW-2026-06-05_15-20-10.txt,horizontal-saccade-like,246829.0,987.316,,,,,7.09938408090349,142.94429768672677,positive
Video,video,1,OpenBCI-RAW-2026-06-05_15-20-10.txt,horizontal-saccade-like,247335.0,989.34,,,,,36.52584110414053,663.2092689343363,positive
Video,video,1,OpenBCI-RAW-2026-06-05_15-20-10.txt,horizontal-saccade-like,247429.0,989.716,,,,,13.684961467113444,172.3403887893829,positive
Video,video,1,OpenBCI-RAW-2026-06-05_15-20-10.txt,horizontal-saccade-like,247498.0,989.992,,,,,23.326545793038367,363.5009192089086,positive
Video,video,1,OpenBCI-RAW-2026-06-05_15-20-10.txt,horizontal-saccade-like,248681.0,994.724,,,,,6.174867350713747,92.85204767247029,positive
Video,video,1,OpenBCI-RAW-2026-06-05_15-20-10.txt,horizontal-saccade-like,248980.0,995.92,,,,,-6.087741651889874,-70.1607856962309,negative
Video,video,1,OpenBCI-RAW-2026-06-05_15-20-10.txt,horizontal-saccade-like,249834.0,999.336,,,,,-6.871193392303506,-112.27458965349622,negative
Video,video,1,OpenBCI-RAW-2026-06-05_15-20-10.txt,horizontal-saccade-like,249883.0,999.532,,,,,8.27033185819069,114.67913268859876,positive
Video,video,1,OpenBCI-RAW-2026-06-05_15-20-10.txt,horizontal-saccade-like,249982.0,999.928,,,,,10.38039100648536,150.2725713738439,positive
Video,video,1,OpenBCI-RAW-2026-06-05_15-20-10.txt,horizontal-saccade-like,250435.0,1001.74,,,,,21.61975811183584,324.2707737722037,positive
Video,video,1,OpenBCI-RAW-2026-06-05_15-20-10.txt,horizontal-saccade-like,250489.0,1001.956,,,,,12.458017375428517,162.77061685427495,positive
Video,video,1,OpenBCI-RAW-2026-06-05_15-20-10.txt,horizontal-saccade-like,250631.0,1002.524,,,,,-11.305378646919472,-159.86229903946577,negative
Video,video,1,OpenBCI-RAW-2026-06-05_15-20-10.txt,horizontal-saccade-like,250975.0,1003.9,,,,,-18.23640358594512,-265.4941192189721,negative
Video,video,1,OpenBCI-RAW-2026-06-05_15-20-10.txt,horizontal-saccade-like,251021.0,1004.084,,,,,21.523867330459275,362.8053704980148,positive
Video,video,1,OpenBCI-RAW-2026-06-05_15-20-10.txt,horizontal-saccade-like,251596.0,1006.384,,,,,-28.45852530091977,-471.6654012482287,negative
Video,video,1,OpenBCI-RAW-2026-06-05_15-20-10.txt,horizontal-saccade-like,251628.0,1006.512,,,,,6.839141003480092,120.94344137046829,positive
Video,video,1,OpenBCI-RAW-2026-06-05_15-20-10.txt,horizontal-saccade-like,252416.0,1009.664,,,,,-11.585351293413348,-146.77101526264804,negative
Video,video,1,OpenBCI-RAW-2026-06-05_15-20-10.txt,horizontal-saccade-like,252465.0,1009.86,,,,,-7.917711744137685,-94.19242207760229,negative
Video,video,1,OpenBCI-RAW-2026-06-05_15-20-10.txt,horizontal-saccade-like,252633.0,1010.532,,,,,35.227842347386904,568.0214611765057,positive
Video,video,1,OpenBCI-RAW-2026-06-05_15-20-10.txt,horizontal-saccade-like,252939.0,1011.756,,,,,-7.278236367177143,-137.67836345913625,negative
Video,video,1,OpenBCI-RAW-2026-06-05_15-20-10.txt,horizontal-saccade-like,253976.0,1015.904,,,,,-22.885238288049077,-405.3740601954238,negative
Video,video,1,OpenBCI-RAW-2026-06-05_15-20-10.txt,horizontal-saccade-like,254013.0,1016.052,,,,,8.371984501616277,136.35308733193523,positive
Video,video,1,OpenBCI-RAW-2026-06-05_15-20-10.txt,horizontal-saccade-like,254071.0,1016.284,,,,,38.42905216334473,693.9696560607667,positive
Video,video,1,OpenBCI-RAW-2026-06-05_15-20-10.txt,horizontal-saccade-like,254135.0,1016.54,,,,,22.25092336148039,278.0314781660264,positive
Video,video,1,OpenBCI-RAW-2026-06-05_15-20-10.txt,horizontal-saccade-like,254844.0,1019.376,,,,,-11.341638132624293,-173.10169727644745,negative
Video,video,1,OpenBCI-RAW-2026-06-05_15-20-10.txt,horizontal-saccade-like,256085.0,1024.34,,,,,-26.216265683355413,-421.7748056904213,negative
Video,video,1,OpenBCI-RAW-2026-06-05_15-20-10.txt,horizontal-saccade-like,256149.0,1024.596,,,,,7.137221125107668,95.49473144780004,positive
Video,video,1,OpenBCI-RAW-2026-06-05_15-20-10.txt,horizontal-saccade-like,256175.0,1024.7,,,,,-39.79993209850114,-705.1475210488405,negative
Video,video,1,OpenBCI-RAW-2026-06-05_15-20-10.txt,horizontal-saccade-like,256209.0,1024.836,,,,,6.265655677181525,101.37522566713494,positive
Video,video,1,OpenBCI-RAW-2026-06-05_15-20-10.txt,horizontal-saccade-like,256636.0,1026.544,,,,,9.752560626278797,140.59879896997165,positive
Video,video,1,OpenBCI-RAW-2026-06-05_15-20-10.txt,horizontal-saccade-like,256715.0,1026.86,,,,,-9.155780711781457,-131.11533257636046,negative
Video,video,1,OpenBCI-RAW-2026-06-05_15-20-10.txt,horizontal-saccade-like,257920.0,1031.68,,,,,7.9599070442456235,133.61613701921635,positive
Video,video,1,OpenBCI-RAW-2026-06-05_15-20-10.txt,horizontal-saccade-like,258437.0,1033.748,,,,,-38.503779134356876,-631.4004093499361,negative
Video,video,1,OpenBCI-RAW-2026-06-05_15-20-10.txt,horizontal-saccade-like,258760.0,1035.04,,,,,36.59513025651214,719.0936663217149,positive
Video,video,1,OpenBCI-RAW-2026-06-05_15-20-10.txt,horizontal-saccade-like,259083.0,1036.332,,,,,-8.60895416252492,-110.30613499339495,negative
Video,video,1,OpenBCI-RAW-2026-06-05_15-20-10.txt,horizontal-saccade-like,259578.0,1038.312,,,,,32.615014284335544,515.2765882210533,positive
Video,video,1,OpenBCI-RAW-2026-06-05_15-20-10.txt,horizontal-saccade-like,259714.0,1038.856,,,,,-29.427312778197393,-448.5644159606115,negative
Video,video,1,OpenBCI-RAW-2026-06-05_15-20-10.txt,horizontal-saccade-like,260050.0,1040.2,,,,,7.617018399373515,104.52892225788588,positive
Video,video,1,OpenBCI-RAW-2026-06-05_15-20-10.txt,horizontal-saccade-like,260223.0,1040.892,,,,,24.702207551758967,366.5091685385797,positive
Video,video,1,OpenBCI-RAW-2026-06-05_15-20-10.txt,horizontal-saccade-like,260574.0,1042.296,,,,,-10.639090245894014,-150.31056457547118,negative
Video,video,1,OpenBCI-RAW-2026-06-05_15-20-10.txt,horizontal-saccade-like,260621.0,1042.484,,,,,10.667643703316635,159.73255120051928,positive
Video,video,1,OpenBCI-RAW-2026-06-05_15-20-10.txt,horizontal-saccade-like,260771.0,1043.084,,,,,-30.36771889441727,-537.5360145695993,negative
Video,video,1,OpenBCI-RAW-2026-06-05_15-20-10.txt,horizontal-saccade-like,260856.0,1043.424,,,,,32.78809892081767,502.4566146649532,positive
Video,video,1,OpenBCI-RAW-2026-06-05_15-20-10.txt,horizontal-saccade-like,260939.0,1043.756,,,,,-26.929579125221075,-515.6014050722631,negative
Video,video,1,OpenBCI-RAW-2026-06-05_15-20-10.txt,horizontal-saccade-like,261260.0,1045.04,,,,,25.41103933405922,386.2839047156916,positive
Video,video,1,OpenBCI-RAW-2026-06-05_15-20-10.txt,horizontal-saccade-like,261367.0,1045.468,,,,,-7.198230498073212,-100.59711830128145,negative
Video,video,1,OpenBCI-RAW-2026-06-05_15-20-10.txt,horizontal-saccade-like,261437.0,1045.748,,,,,-20.659356311433854,-322.84596858103566,negative
Video,video,1,OpenBCI-RAW-2026-06-05_15-20-10.txt,horizontal-saccade-like,261592.0,1046.368,,,,,27.65453421058117,424.3426457597374,positive
Video,video,1,OpenBCI-RAW-2026-06-05_15-20-10.txt,horizontal-saccade-like,261698.0,1046.792,,,,,-33.53351178802372,-556.5161524603283,negative
Video,video,1,OpenBCI-RAW-2026-06-05_15-20-10.txt,horizontal-saccade-like,261897.0,1047.588,,,,,15.393030065287617,219.8898591933974,positive
Video,video,1,OpenBCI-RAW-2026-06-05_15-20-10.txt,horizontal-saccade-like,262254.0,1049.016,,,,,-23.46688587865424,-404.89848641490687,negative
Video,video,1,OpenBCI-RAW-2026-06-05_15-20-10.txt,horizontal-saccade-like,262958.0,1051.832,,,,,-32.46628793877153,-547.8594756512255,negative
Video,video,1,OpenBCI-RAW-2026-06-05_15-20-10.txt,horizontal-saccade-like,262984.0,1051.936,,,,,7.587137926090673,99.64409175015012,positive
Video,video,1,OpenBCI-RAW-2026-06-05_15-20-10.txt,horizontal-saccade-like,263020.0,1052.08,,,,,-18.17953606250829,-232.35459260748803,negative
Video,video,1,OpenBCI-RAW-2026-06-05_15-20-10.txt,horizontal-saccade-like,263576.0,1054.304,,,,,-33.658845869351026,-565.2133391134253,negative
Video,video,1,OpenBCI-RAW-2026-06-05_15-20-10.txt,horizontal-saccade-like,263722.0,1054.888,,,,,33.39086196099956,591.2094412173495,positive
Video,video,1,OpenBCI-RAW-2026-06-05_15-20-10.txt,horizontal-saccade-like,263751.0,1055.004,,,,,-6.8258398012928385,-83.9838514181171,negative
Video,video,1,OpenBCI-RAW-2026-06-05_15-20-10.txt,horizontal-saccade-like,263784.0,1055.136,,,,,33.03082378301319,502.8903477823304,positive
Video,video,1,OpenBCI-RAW-2026-06-05_15-20-10.txt,horizontal-saccade-like,263910.0,1055.64,,,,,-19.271673817756234,-286.732181770941,negative
Video,video,1,OpenBCI-RAW-2026-06-05_15-20-10.txt,horizontal-saccade-like,263950.0,1055.8,,,,,-40.21552918537099,-684.5332984473848,negative
Video,video,1,OpenBCI-RAW-2026-06-05_15-20-10.txt,horizontal-saccade-like,263984.0,1055.936,,,,,8.617404619875806,134.79392421311047,positive
Video,video,1,OpenBCI-RAW-2026-06-05_15-20-10.txt,horizontal-saccade-like,264171.0,1056.684,,,,,15.514334390463672,218.0262150001069,positive
Video,video,1,OpenBCI-RAW-2026-06-05_15-20-10.txt,horizontal-saccade-like,264217.0,1056.868,,,,,18.419114572589912,256.9596127740298,positive
Video,video,1,OpenBCI-RAW-2026-06-05_15-20-10.txt,horizontal-saccade-like,265048.0,1060.192,,,,,6.973453303578604,98.38939383324896,positive
Video,video,1,OpenBCI-RAW-2026-06-05_15-20-10.txt,horizontal-saccade-like,265086.0,1060.344,,,,,6.291167034221104,124.97720263658829,positive
Video,video,1,OpenBCI-RAW-2026-06-05_15-20-10.txt,horizontal-saccade-like,265137.0,1060.548,,,,,-9.86743067066531,-122.91151809955967,negative
Video,video,1,OpenBCI-RAW-2026-06-05_15-20-10.txt,horizontal-saccade-like,265238.0,1060.952,,,,,14.112148646150954,197.40256730537578,positive
Video,video,1,OpenBCI-RAW-2026-06-05_15-20-10.txt,horizontal-saccade-like,265775.0,1063.1,,,,,-20.084013505065755,-298.1847279085249,negative
Video,video,1,OpenBCI-RAW-2026-06-05_15-20-10.txt,horizontal-saccade-like,267021.0,1068.084,,,,,20.598162994493546,341.47299911287956,positive
Video,video,1,OpenBCI-RAW-2026-06-05_15-20-10.txt,horizontal-saccade-like,267066.0,1068.264,,,,,-8.259628558629409,-167.88016637212357,negative
Video,video,1,OpenBCI-RAW-2026-06-05_15-20-10.txt,horizontal-saccade-like,267177.0,1068.708,,,,,-9.290866086470505,-133.02853071709714,negative
Video,video,1,OpenBCI-RAW-2026-06-05_15-20-10.txt,horizontal-saccade-like,267262.0,1069.048,,,,,-20.221619521311926,-316.77398194057605,negative
Video,video,1,OpenBCI-RAW-2026-06-05_15-20-10.txt,horizontal-saccade-like,267379.0,1069.516,,,,,25.43198532280119,456.9049916046177,positive
Video,video,1,OpenBCI-RAW-2026-06-05_15-20-10.txt,horizontal-saccade-like,268506.0,1074.024,,,,,-6.0631010535539955,-81.02182919352614,negative
Video,video,1,OpenBCI-RAW-2026-06-05_15-20-10.txt,horizontal-saccade-like,269496.0,1077.984,,,,,-6.80516998635884,-103.02502472529045,negative
Video,video,1,OpenBCI-RAW-2026-06-05_15-20-10.txt,horizontal-saccade-like,269841.0,1079.364,,,,,-7.305294007784279,-111.25125172879342,negative
Video,video,1,OpenBCI-RAW-2026-06-05_15-20-10.txt,horizontal-saccade-like,269905.0,1079.62,,,,,6.4373809193830365,84.08896455277184,positive
Video,video,1,OpenBCI-RAW-2026-06-05_15-20-10.txt,horizontal-saccade-like,270662.0,1082.648,,,,,-29.460926845869615,-563.6335944004302,negative
Video,video,1,OpenBCI-RAW-2026-06-05_15-20-10.txt,horizontal-saccade-like,271159.0,1084.636,,,,,42.09142529310009,725.8372994381896,positive
Video,video,1,OpenBCI-RAW-2026-06-05_15-20-10.txt,horizontal-saccade-like,271206.0,1084.824,,,,,11.066710786080574,151.04841984169926,positive
Video,video,1,OpenBCI-RAW-2026-06-05_15-20-10.txt,horizontal-saccade-like,271260.0,1085.04,,,,,-28.394628820372258,-499.870908813797,negative
Video,video,1,OpenBCI-RAW-2026-06-05_15-20-10.txt,horizontal-saccade-like,271334.0,1085.336,,,,,30.40998282386307,531.4759208442425,positive
Video,video,1,OpenBCI-RAW-2026-06-05_15-20-10.txt,horizontal-saccade-like,271399.0,1085.596,,,,,-30.210914313001837,-527.9057200521016,negative
Video,video,1,OpenBCI-RAW-2026-06-05_15-20-10.txt,horizontal-saccade-like,271477.0,1085.908,,,,,29.593352617303026,517.5040085114908,positive
Video,video,1,OpenBCI-RAW-2026-06-05_15-20-10.txt,horizontal-saccade-like,271533.0,1086.132,,,,,-11.982335223708773,-202.79886845557968,negative
Video,video,1,OpenBCI-RAW-2026-06-05_15-20-10.txt,horizontal-saccade-like,271580.0,1086.32,,,,,11.534507122901347,176.30834102005224,positive
Video,video,1,OpenBCI-RAW-2026-06-05_15-20-10.txt,horizontal-saccade-like,271633.0,1086.532,,,,,-31.744833728659017,-527.2357913522529,negative
Video,video,1,OpenBCI-RAW-2026-06-05_15-20-10.txt,horizontal-saccade-like,271691.0,1086.764,,,,,-15.48076404026617,-223.1932032049921,negative
Video,video,1,OpenBCI-RAW-2026-06-05_15-20-10.txt,horizontal-saccade-like,271745.0,1086.98,,,,,34.88241419815958,608.1417090138452,positive
Video,video,1,OpenBCI-RAW-2026-06-05_15-20-10.txt,horizontal-saccade-like,271795.0,1087.18,,,,,20.86301398022503,316.078021477418,positive
Video,video,1,OpenBCI-RAW-2026-06-05_15-20-10.txt,horizontal-saccade-like,271854.0,1087.416,,,,,-6.72697802758846,-108.39450792224426,negative
Video,video,1,OpenBCI-RAW-2026-06-05_15-20-10.txt,horizontal-saccade-like,271896.0,1087.584,,,,,-20.994863741989573,-327.8380307328449,negative
Video,video,1,OpenBCI-RAW-2026-06-05_15-20-10.txt,horizontal-saccade-like,271922.0,1087.688,,,,,-21.805241083780086,-330.97156627592267,negative
Video,video,1,OpenBCI-RAW-2026-06-05_15-20-10.txt,horizontal-saccade-like,271960.0,1087.84,,,,,-6.480889228916449,-90.83694823921189,negative
Video,video,1,OpenBCI-RAW-2026-06-05_15-20-10.txt,horizontal-saccade-like,272019.0,1088.076,,,,,23.980326894124822,372.9829752277616,positive
Video,video,1,OpenBCI-RAW-2026-06-05_15-20-10.txt,horizontal-saccade-like,272103.0,1088.412,,,,,16.18392873460136,244.24347589586085,positive
Video,video,1,OpenBCI-RAW-2026-06-05_15-20-10.txt,horizontal-saccade-like,272166.0,1088.664,,,,,-23.730179804186193,-401.3394058378116,negative
Video,video,1,OpenBCI-RAW-2026-06-05_15-20-10.txt,horizontal-saccade-like,272206.0,1088.824,,,,,-19.494036112660265,-286.7912605700493,negative
Video,video,1,OpenBCI-RAW-2026-06-05_15-20-10.txt,horizontal-saccade-like,272248.0,1088.992,,,,,23.846006127953952,373.3259081623347,positive
Video,video,1,OpenBCI-RAW-2026-06-05_15-20-10.txt,horizontal-saccade-like,272308.0,1089.232,,,,,-26.814261970469357,-399.9144020029315,negative
Video,video,1,OpenBCI-RAW-2026-06-05_15-20-10.txt,horizontal-saccade-like,272380.0,1089.52,,,,,12.32670289716884,176.71739304746282,positive
Video,video,1,OpenBCI-RAW-2026-06-05_15-20-10.txt,horizontal-saccade-like,272439.0,1089.756,,,,,16.971774958709208,275.3243812496611,positive
Video,video,1,OpenBCI-RAW-2026-06-05_15-20-10.txt,horizontal-saccade-like,272507.0,1090.028,,,,,-23.347246662640792,-343.61888184552515,negative
Video,video,1,OpenBCI-RAW-2026-06-05_15-20-10.txt,horizontal-saccade-like,272542.0,1090.168,,,,,-24.005275847651028,-353.69606771314017,negative
Video,video,1,OpenBCI-RAW-2026-06-05_15-20-10.txt,horizontal-saccade-like,272992.0,1091.968,,,,,-36.17675532455217,-637.6507270347306,negative
Video,video,1,OpenBCI-RAW-2026-06-05_15-20-10.txt,horizontal-saccade-like,273131.0,1092.524,,,,,19.19806803925176,280.7976372535903,positive
Video,video,1,OpenBCI-RAW-2026-06-05_15-20-10.txt,horizontal-saccade-like,273196.0,1092.784,,,,,-14.140389754097072,-219.28530100181644,negative
Video,video,1,OpenBCI-RAW-2026-06-05_15-20-10.txt,horizontal-saccade-like,273553.0,1094.212,,,,,-20.37011341378619,-278.74067014265245,negative
Video,video,1,OpenBCI-RAW-2026-06-05_15-20-10.txt,horizontal-saccade-like,273616.0,1094.464,,,,,-29.970793600549143,-506.28655973612456,negative
Video,video,1,OpenBCI-RAW-2026-06-05_15-20-10.txt,horizontal-saccade-like,273649.0,1094.596,,,,,6.050884673966333,86.60753784348503,positive
Video,video,1,OpenBCI-RAW-2026-06-05_15-20-10.txt,horizontal-saccade-like,273726.0,1094.904,,,,,-9.681930488464952,-135.01138350562923,negative
Video,video,1,OpenBCI-RAW-2026-06-05_15-20-10.txt,horizontal-saccade-like,273853.0,1095.412,,,,,40.54424309600725,786.3360454670852,positive
Video,video,1,OpenBCI-RAW-2026-06-05_15-20-10.txt,horizontal-saccade-like,273897.0,1095.588,,,,,-9.6887430740266,-172.86962945487107,negative
Video,video,1,OpenBCI-RAW-2026-06-05_15-20-10.txt,horizontal-saccade-like,273992.0,1095.968,,,,,-25.710623535766903,-376.671159429123,negative
Video,video,1,OpenBCI-RAW-2026-06-05_15-20-10.txt,horizontal-saccade-like,274149.0,1096.596,,,,,7.986717682596461,115.34344307402668,positive
Video,video,1,OpenBCI-RAW-2026-06-05_15-20-10.txt,horizontal-saccade-like,274285.0,1097.14,,,,,22.84267185443213,337.24841567759773,positive
Video,video,1,OpenBCI-RAW-2026-06-05_15-20-10.txt,horizontal-saccade-like,274327.0,1097.308,,,,,-14.91761340846534,-226.30571892582225,negative
Video,video,1,OpenBCI-RAW-2026-06-05_15-20-10.txt,horizontal-saccade-like,274377.0,1097.508,,,,,-7.352516577653455,-97.36252157058904,negative
Video,video,1,OpenBCI-RAW-2026-06-05_15-20-10.txt,horizontal-saccade-like,274597.0,1098.388,,,,,16.04897406725663,223.8541824070158,positive
Video,video,1,OpenBCI-RAW-2026-06-05_15-20-10.txt,horizontal-saccade-like,274703.0,1098.812,,,,,12.550658999801897,164.37217536888028,positive
Video,video,1,OpenBCI-RAW-2026-06-05_15-20-10.txt,horizontal-saccade-like,274823.0,1099.292,,,,,21.06925967048619,356.197965179992,positive
Video,video,1,OpenBCI-RAW-2026-06-05_15-20-10.txt,horizontal-saccade-like,274889.0,1099.556,,,,,15.924584468525541,216.35960888937996,positive
Video,video,1,OpenBCI-RAW-2026-06-05_15-20-10.txt,horizontal-saccade-like,274982.0,1099.928,,,,,-6.601605625242265,-86.82765936275763,negative
Video,video,1,OpenBCI-RAW-2026-06-05_15-20-10.txt,horizontal-saccade-like,275057.0,1100.228,,,,,-28.026873615065604,-543.5070571485442,negative
Video,video,1,OpenBCI-RAW-2026-06-05_15-20-10.txt,horizontal-saccade-like,275709.0,1102.836,,,,,-21.10474192798433,-341.7865104076392,negative
Video,video,1,OpenBCI-RAW-2026-06-05_15-20-10.txt,horizontal-saccade-like,276537.0,1106.148,,,,,-6.0508651379992955,-90.98896671652707,negative
Video,video,1,OpenBCI-RAW-2026-06-05_15-20-10.txt,horizontal-saccade-like,279077.0,1116.308,,,,,-6.896145759096223,-106.78121122403903,negative
Video,video,1,OpenBCI-RAW-2026-06-05_15-20-10.txt,horizontal-saccade-like,279223.0,1116.892,,,,,22.973409205298708,444.80861122733404,positive
Video,video,1,OpenBCI-RAW-2026-06-05_15-20-10.txt,horizontal-saccade-like,279264.0,1117.056,,,,,-7.218455353293304,-127.38577426975507,negative
Video,video,1,OpenBCI-RAW-2026-06-05_15-20-10.txt,horizontal-saccade-like,279419.0,1117.676,,,,,19.128398885588666,285.7984038458005,positive
Video,video,1,OpenBCI-RAW-2026-06-05_15-20-10.txt,horizontal-saccade-like,280374.0,1121.496,,,,,16.780353752193534,265.3606273064151,positive
Video,video,1,OpenBCI-RAW-2026-06-05_15-20-10.txt,horizontal-saccade-like,280526.0,1122.104,,,,,-7.955569897393806,-111.23224837993531,negative
Video,video,1,OpenBCI-RAW-2026-06-05_15-20-10.txt,horizontal-saccade-like,280849.0,1123.396,,,,,9.008391565366553,131.28240338945616,positive
Video,video,1,OpenBCI-RAW-2026-06-05_15-20-10.txt,horizontal-saccade-like,281168.0,1124.672,,,,,40.767071476512626,687.2331202871667,positive
Video,video,1,OpenBCI-RAW-2026-06-05_15-20-10.txt,horizontal-saccade-like,281302.0,1125.208,,,,,6.150137064932262,81.15727837783643,positive
Video,video,1,OpenBCI-RAW-2026-06-05_15-20-10.txt,horizontal-saccade-like,282024.0,1128.096,,,,,25.165933471229646,450.35389130669734,positive
Video,video,1,OpenBCI-RAW-2026-06-05_15-20-10.txt,horizontal-saccade-like,282166.0,1128.664,,,,,24.620389668736728,405.9856276250622,positive
Video,video,1,OpenBCI-RAW-2026-06-05_15-20-10.txt,horizontal-saccade-like,282224.0,1128.896,,,,,11.181911391192363,133.86277840911833,positive
Video,video,1,OpenBCI-RAW-2026-06-05_15-20-10.txt,horizontal-saccade-like,282335.0,1129.34,,,,,-18.966116675782022,-355.138701054162,negative
Video,video,1,OpenBCI-RAW-2026-06-05_15-20-10.txt,horizontal-saccade-like,283595.0,1134.38,,,,,18.962908824987867,270.0979952468977,positive
Video,video,1,OpenBCI-RAW-2026-06-05_15-20-10.txt,horizontal-saccade-like,283675.0,1134.7,,,,,27.680660573618635,492.358840356607,positive
Video,video,1,OpenBCI-RAW-2026-06-05_15-20-10.txt,horizontal-saccade-like,284600.0,1138.4,,,,,21.038430313255017,313.8907089461373,positive
Video,video,1,OpenBCI-RAW-2026-06-05_15-20-10.txt,horizontal-saccade-like,284730.0,1138.92,,,,,-21.019896986201612,-315.70972509112755,negative
Video,video,1,OpenBCI-RAW-2026-06-05_15-20-10.txt,horizontal-saccade-like,285331.0,1141.324,,,,,6.020988350382302,98.07018628814723,positive
Video,video,1,OpenBCI-RAW-2026-06-05_15-20-10.txt,horizontal-saccade-like,285401.0,1141.604,,,,,-7.171892595573109,-103.44291055113095,negative
Video,video,1,OpenBCI-RAW-2026-06-05_15-20-10.txt,horizontal-saccade-like,286120.0,1144.48,,,,,27.87798569927008,513.0308763735197,positive
Video,video,1,OpenBCI-RAW-2026-06-05_15-20-10.txt,horizontal-saccade-like,286230.0,1144.92,,,,,6.018843205638938,101.2067036943456,positive
Video,video,1,OpenBCI-RAW-2026-06-05_15-20-10.txt,horizontal-saccade-like,286991.0,1147.964,,,,,-17.793137890856315,-262.49941452023427,negative
Video,video,1,OpenBCI-RAW-2026-06-05_15-20-10.txt,horizontal-saccade-like,287055.0,1148.22,,,,,21.40607878824152,302.7425938179612,positive
Video,video,1,OpenBCI-RAW-2026-06-05_15-20-10.txt,horizontal-saccade-like,288408.0,1153.632,,,,,7.1856131921732675,100.21536209704263,positive
Video,video,1,OpenBCI-RAW-2026-06-05_15-20-10.txt,horizontal-saccade-like,289610.0,1158.44,,,,,-23.904316917218942,-361.2635641690208,negative
Video,video,1,OpenBCI-RAW-2026-06-05_15-20-10.txt,horizontal-saccade-like,290114.0,1160.456,,,,,22.244552439234855,336.0965861507092,positive
Video,video,1,OpenBCI-RAW-2026-06-05_15-20-10.txt,horizontal-saccade-like,293622.0,1174.488,,,,,15.28623520617335,232.21761309021684,positive
Video,video,1,OpenBCI-RAW-2026-06-05_15-20-10.txt,horizontal-saccade-like,293726.0,1174.904,,,,,-21.64791108948108,-322.011501334808,negative
Video,video,1,OpenBCI-RAW-2026-06-05_15-20-10.txt,horizontal-saccade-like,298528.0,1194.112,,,,,-8.31300555213889,-125.6483368686832,negative
Video,video,1,OpenBCI-RAW-2026-06-05_15-20-10.txt,horizontal-saccade-like,298829.0,1195.316,,,,,14.339131115922587,220.5132199385892,positive
Video,video,1,OpenBCI-RAW-2026-06-05_15-20-10.txt,horizontal-saccade-like,298904.0,1195.616,,,,,-11.937218068750735,-171.44565069512873,negative
Video,video,1,OpenBCI-RAW-2026-06-05_15-20-10.txt,horizontal-saccade-like,299001.0,1196.004,,,,,21.85166064226671,310.60168082153194,positive
Video,video,1,OpenBCI-RAW-2026-06-05_15-20-10.txt,horizontal-saccade-like,300580.0,1202.32,,,,,22.79283372000542,347.1820560199544,positive
Video,video,1,OpenBCI-RAW-2026-06-05_15-20-10.txt,horizontal-saccade-like,300945.0,1203.78,,,,,24.776746917372222,384.31993676432415,positive
Video,video,1,OpenBCI-RAW-2026-06-05_15-20-10.txt,horizontal-saccade-like,301825.0,1207.3,,,,,-30.632289990744262,-536.5461290516829,negative
Video,video,1,OpenBCI-RAW-2026-06-05_15-20-10.txt,horizontal-saccade-like,303003.0,1212.012,,,,,6.6525411122156495,91.79835902893308,positive
Video,video,1,OpenBCI-RAW-2026-06-05_15-20-10.txt,horizontal-saccade-like,303141.0,1212.564,,,,,-21.84474831938788,-338.05068928866274,negative
Video,video,1,OpenBCI-RAW-2026-06-05_15-20-10.txt,horizontal-saccade-like,303707.0,1214.828,,,,,-27.075230824540636,-411.4802994773547,negative
Video,video,1,OpenBCI-RAW-2026-06-05_15-20-10.txt,horizontal-saccade-like,305987.0,1223.948,,,,,-6.842833923711003,-103.6795407417606,negative
Video,video,1,OpenBCI-RAW-2026-06-05_15-20-10.txt,horizontal-saccade-like,306286.0,1225.144,,,,,11.104359768352976,176.74410778250925,positive
Video,video,1,OpenBCI-RAW-2026-06-05_15-20-10.txt,horizontal-saccade-like,306578.0,1226.312,,,,,-7.881501560073456,-144.33299621601668,negative
Video,video,1,OpenBCI-RAW-2026-06-05_15-20-10.txt,horizontal-saccade-like,306618.0,1226.472,,,,,9.464109535992478,184.76115090836524,positive
Video,video,1,OpenBCI-RAW-2026-06-05_15-20-10.txt,horizontal-saccade-like,306738.0,1226.952,,,,,-13.584177925104893,-254.774641922326,negative
Video,video,1,OpenBCI-RAW-2026-06-05_15-20-10.txt,horizontal-saccade-like,306803.0,1227.212,,,,,14.74188869182833,268.84607963152104,positive
Video,video,1,OpenBCI-RAW-2026-06-05_15-20-10.txt,horizontal-saccade-like,307136.0,1228.544,,,,,-27.606829552516235,-458.6306640552135,negative
Video,video,1,OpenBCI-RAW-2026-06-05_15-20-10.txt,horizontal-saccade-like,308093.0,1232.372,,,,,23.71980508729378,356.7590540124712,positive
Video,video,1,OpenBCI-RAW-2026-06-05_15-20-10.txt,horizontal-saccade-like,308694.0,1234.776,,,,,22.278558500914816,384.1966244306668,positive
Video,video,1,OpenBCI-RAW-2026-06-05_15-20-10.txt,horizontal-saccade-like,308745.0,1234.98,,,,,6.893067354156953,109.7676650326905,positive
Video,video,1,OpenBCI-RAW-2026-06-05_15-20-10.txt,horizontal-saccade-like,309274.0,1237.096,,,,,23.147897284651584,311.82935765859105,positive
Video,video,1,OpenBCI-RAW-2026-06-05_15-20-10.txt,horizontal-saccade-like,309488.0,1237.952,,,,,24.36886947433971,336.1876838632975,positive
Video,video,1,OpenBCI-RAW-2026-06-05_15-20-10.txt,horizontal-saccade-like,309563.0,1238.252,,,,,-13.442021290147652,-169.20016884199202,negative
Video,video,1,OpenBCI-RAW-2026-06-05_15-20-10.txt,horizontal-saccade-like,309869.0,1239.476,,,,,15.661854987002934,218.17121342593433,positive
Video,video,1,OpenBCI-RAW-2026-06-05_15-20-10.txt,horizontal-saccade-like,309989.0,1239.956,,,,,-13.72307629569086,-182.54452006013494,negative
Video,video,1,OpenBCI-RAW-2026-06-05_15-20-10.txt,horizontal-saccade-like,311187.0,1244.748,,,,,17.005663108771024,238.3350197006596,positive
Video,video,1,OpenBCI-RAW-2026-06-05_15-20-10.txt,horizontal-saccade-like,311646.0,1246.584,,,,,-7.5731058104766245,-108.2954496242683,negative
Video,video,1,OpenBCI-RAW-2026-06-05_15-20-10.txt,horizontal-saccade-like,312329.0,1249.316,,,,,11.585377454533385,183.99458454217512,positive
Video,video,1,OpenBCI-RAW-2026-06-05_15-20-10.txt,horizontal-saccade-like,314444.0,1257.776,,,,,24.10828357934846,353.50859461944975,positive
Video,video,1,OpenBCI-RAW-2026-06-05_15-20-10.txt,horizontal-saccade-like,315027.0,1260.108,,,,,-13.47717218134114,-209.46322162248745,negative
Video,video,1,OpenBCI-RAW-2026-06-05_15-20-10.txt,horizontal-saccade-like,315098.0,1260.392,,,,,13.43205455831131,202.01528902111912,positive
Video,video,1,OpenBCI-RAW-2026-06-05_15-20-10.txt,horizontal-saccade-like,316764.0,1267.056,,,,,-17.457637662092356,-244.51110065729878,negative
Video,video,1,OpenBCI-RAW-2026-06-05_15-20-10.txt,horizontal-saccade-like,319174.0,1276.696,,,,,-11.007669162467684,-154.32564515173578,negative
Video,video,1,OpenBCI-RAW-2026-06-05_15-20-10.txt,horizontal-saccade-like,319354.0,1277.416,,,,,10.809829848724304,154.54735457762138,positive
Video,video,1,OpenBCI-RAW-2026-06-05_15-20-10.txt,horizontal-saccade-like,319398.0,1277.592,,,,,26.047983752774346,463.00415352690203,positive
Video,video,1,OpenBCI-RAW-2026-06-05_15-20-10.txt,horizontal-saccade-like,319572.0,1278.288,,,,,-35.53911328754519,-596.2277047481383,negative
Video,video,1,OpenBCI-RAW-2026-06-05_15-20-10.txt,horizontal-saccade-like,319963.0,1279.852,,,,,12.966541046382368,185.06341635096885,positive
Video,video,1,OpenBCI-RAW-2026-06-05_15-20-10.txt,horizontal-saccade-like,320029.0,1280.116,,,,,-9.763085230757332,-140.55541590785802,negative
Video,video,1,OpenBCI-RAW-2026-06-05_15-20-10.txt,horizontal-saccade-like,321233.0,1284.932,,,,,9.329376203286245,134.6236923167787,positive
Video,video,1,OpenBCI-RAW-2026-06-05_15-20-10.txt,horizontal-saccade-like,321920.0,1287.68,,,,,-10.614929461536251,-146.38085723200663,negative
Video,video,1,OpenBCI-RAW-2026-06-05_15-20-10.txt,horizontal-saccade-like,322112.0,1288.448,,,,,-6.644518575284368,-92.73737748668566,negative
Video,video,1,OpenBCI-RAW-2026-06-05_15-20-10.txt,horizontal-saccade-like,322440.0,1289.76,,,,,-10.570780746842479,-146.53272259119979,negative
Video,video,1,OpenBCI-RAW-2026-06-05_15-20-10.txt,horizontal-saccade-like,322584.0,1290.336,,,,,7.096015962972917,100.01460935177371,positive
Video,video,1,OpenBCI-RAW-2026-06-05_15-20-10.txt,horizontal-saccade-like,322639.0,1290.556,,,,,6.811383774298437,95.49284401309512,positive
Video,video,1,OpenBCI-RAW-2026-06-05_15-20-10.txt,horizontal-saccade-like,323058.0,1292.232,,,,,-9.449803802654687,-150.522703067887,negative
Video,video,1,OpenBCI-RAW-2026-06-05_15-20-10.txt,horizontal-saccade-like,323365.0,1293.46,,,,,-9.683895507681,-138.7652578828684,negative
Video,video,1,OpenBCI-RAW-2026-06-05_15-20-10.txt,horizontal-saccade-like,324502.0,1298.008,,,,,-7.119133181420168,-93.72110993943522,negative
Video,video,1,OpenBCI-RAW-2026-06-05_15-20-10.txt,horizontal-saccade-like,324594.0,1298.376,,,,,8.287566848402959,118.715768228247,positive
Video,video,1,OpenBCI-RAW-2026-06-05_15-20-10.txt,horizontal-saccade-like,324701.0,1298.804,,,,,-11.998068703054983,-169.54003234744772,negative
Video,video,1,OpenBCI-RAW-2026-06-05_15-20-10.txt,horizontal-saccade-like,324790.0,1299.16,,,,,-15.004061832737472,-213.7237471972258,negative
Video,video,1,OpenBCI-RAW-2026-06-05_15-20-10.txt,horizontal-saccade-like,324940.0,1299.76,,,,,15.468565585115224,216.93839736828758,positive
Video,video,1,OpenBCI-RAW-2026-06-05_15-20-10.txt,horizontal-saccade-like,325109.0,1300.436,,,,,7.8047120758809845,115.59878511904904,positive
Video,video,1,OpenBCI-RAW-2026-06-05_15-20-10.txt,horizontal-saccade-like,325183.0,1300.732,,,,,8.214928736543936,117.35893934380724,positive
Video,video,1,OpenBCI-RAW-2026-06-05_15-20-10.txt,horizontal-saccade-like,325317.0,1301.268,,,,,-15.608692428652159,-244.14190654478853,negative
Video,video,1,OpenBCI-RAW-2026-06-05_15-20-10.txt,horizontal-saccade-like,325785.0,1303.14,,,,,-6.8522310112842595,-93.59599500219404,negative
Video,video,1,OpenBCI-RAW-2026-06-05_15-20-10.txt,horizontal-saccade-like,326041.0,1304.164,,,,,-7.850703609846576,-108.75033861409769,negative
Video,video,1,OpenBCI-RAW-2026-06-05_15-20-10.txt,horizontal-saccade-like,326627.0,1306.508,,,,,11.909105971907689,169.2449038840153,positive
Video,video,1,OpenBCI-RAW-2026-06-05_15-20-10.txt,horizontal-saccade-like,326694.0,1306.776,,,,,11.985219893990008,166.97338485092064,positive
Video,video,1,OpenBCI-RAW-2026-06-05_15-20-10.txt,horizontal-saccade-like,327215.0,1308.86,,,,,-15.233462176142893,-221.25540424512653,negative
Video,video,1,OpenBCI-RAW-2026-06-05_15-20-10.txt,horizontal-saccade-like,327338.0,1309.352,,,,,14.410662210053834,233.01111109157466,positive
Video,video,1,OpenBCI-RAW-2026-06-05_15-20-10.txt,horizontal-saccade-like,327634.0,1310.536,,,,,-18.32008469388794,-282.91275538358525,negative
Video,video,1,OpenBCI-RAW-2026-06-05_15-20-10.txt,horizontal-saccade-like,327846.0,1311.384,,,,,14.868608748680968,212.4387834642664,positive
Video,video,1,OpenBCI-RAW-2026-06-05_15-20-10.txt,horizontal-saccade-like,328166.0,1312.664,,,,,7.459779065225429,110.6686694900544,positive
Video,video,1,OpenBCI-RAW-2026-06-05_15-20-10.txt,horizontal-saccade-like,329629.0,1318.516,,,,,-13.202476919161352,-182.7047918084266,negative
Video,video,1,OpenBCI-RAW-2026-06-05_15-20-10.txt,horizontal-saccade-like,329728.0,1318.912,,,,,14.367156749512295,205.7626812531914,positive
Video,video,1,OpenBCI-RAW-2026-06-05_15-20-10.txt,horizontal-saccade-like,329819.0,1319.276,,,,,-7.443410906048794,-105.65503270992595,negative
Video,video,1,OpenBCI-RAW-2026-06-05_15-20-10.txt,horizontal-saccade-like,330001.0,1320.004,,,,,8.282809844105143,119.35623273101012,positive
Video,video,1,OpenBCI-RAW-2026-06-05_15-20-10.txt,horizontal-saccade-like,330221.0,1320.884,,,,,-6.718904780606785,-92.27592043595051,negative
Video,video,1,OpenBCI-RAW-2026-06-05_15-20-10.txt,horizontal-saccade-like,330256.0,1321.024,,,,,-6.751479498385497,-95.85084504841252,negative
Video,video,1,OpenBCI-RAW-2026-06-05_15-20-10.txt,horizontal-saccade-like,330986.0,1323.944,,,,,7.69829973363218,109.19909207024621,positive
Video,video,1,OpenBCI-RAW-2026-06-05_15-20-10.txt,horizontal-saccade-like,332062.0,1328.248,,,,,-10.213981333857326,-148.6526263593845,negative
Video,video,1,OpenBCI-RAW-2026-06-05_15-20-10.txt,horizontal-saccade-like,332134.0,1328.536,,,,,-6.003798367141804,-83.16534852096271,negative
Video,video,1,OpenBCI-RAW-2026-06-05_15-20-10.txt,horizontal-saccade-like,332203.0,1328.812,,,,,-7.940985825567083,-110.48188201600007,negative
Video,video,1,OpenBCI-RAW-2026-06-05_15-20-10.txt,horizontal-saccade-like,332632.0,1330.528,,,,,11.313831495218677,158.03785197265728,positive
Video,video,1,OpenBCI-RAW-2026-06-05_15-20-10.txt,horizontal-saccade-like,333972.0,1335.888,,,,,-11.000348036436117,-154.7043527481719,negative
Video,video,1,OpenBCI-RAW-2026-06-05_15-20-10.txt,horizontal-saccade-like,334735.0,1338.94,,,,,8.281517207695378,119.76445706259321,positive
Video,video,1,OpenBCI-RAW-2026-06-05_15-20-10.txt,horizontal-saccade-like,335493.0,1341.972,,,,,-11.285317671440291,-157.46491215847192,negative
Video,video,1,OpenBCI-RAW-2026-06-05_15-20-10.txt,horizontal-saccade-like,336015.0,1344.06,,,,,-20.000559239585304,-309.3477874434793,negative
Video,video,1,OpenBCI-RAW-2026-06-05_15-20-10.txt,horizontal-saccade-like,336075.0,1344.3,,,,,20.126729580185394,296.7713674728068,positive
Video,video,1,OpenBCI-RAW-2026-06-05_15-20-10.txt,horizontal-saccade-like,336227.0,1344.908,,,,,6.572554869853224,91.68430569032652,positive
Video,video,1,OpenBCI-RAW-2026-06-05_15-20-10.txt,horizontal-saccade-like,336741.0,1346.964,,,,,-11.469442129596153,-179.6930716568931,negative
Video,video,1,OpenBCI-RAW-2026-06-05_15-20-10.txt,horizontal-saccade-like,338520.0,1354.08,,,,,-33.41703193684054,-575.0968349216183,negative
Video,video,1,OpenBCI-RAW-2026-06-05_15-20-10.txt,horizontal-saccade-like,338650.0,1354.6,,,,,32.05756337553434,588.6407508281729,positive
Video,video,1,OpenBCI-RAW-2026-06-05_15-20-10.txt,horizontal-saccade-like,339086.0,1356.344,,,,,-10.247472926368133,-141.78242257596156,negative
Video,video,1,OpenBCI-RAW-2026-06-05_15-20-10.txt,horizontal-saccade-like,339272.0,1357.088,,,,,9.269759112423788,132.1403589411407,positive
Video,video,1,OpenBCI-RAW-2026-06-05_15-20-10.txt,horizontal-saccade-like,340872.0,1363.488,,,,,-29.061678040526314,-507.09945767866486,negative
Video,video,1,OpenBCI-RAW-2026-06-05_15-20-10.txt,horizontal-saccade-like,341172.0,1364.688,,,,,8.202062040996115,115.7930561489467,positive
Video,video,1,OpenBCI-RAW-2026-06-05_15-20-10.txt,horizontal-saccade-like,341491.0,1365.964,,,,,10.466336593699843,148.94380992722392,positive
Video,video,1,OpenBCI-RAW-2026-06-05_15-20-10.txt,horizontal-saccade-like,341697.0,1366.788,,,,,-10.146269842023404,-147.92340262980517,negative
Video,video,1,OpenBCI-RAW-2026-06-05_15-20-10.txt,horizontal-saccade-like,342466.0,1369.864,,,,,-7.420237883485239,-103.89834871669304,negative
Video,video,1,OpenBCI-RAW-2026-06-05_15-20-10.txt,horizontal-saccade-like,343099.0,1372.396,,,,,-13.348387366712087,-189.40597197861103,negative
Video,video,1,OpenBCI-RAW-2026-06-05_15-20-10.txt,horizontal-saccade-like,343845.0,1375.38,,,,,10.40670423653204,146.7891592770762,positive
Video,video,1,OpenBCI-RAW-2026-06-05_15-20-10.txt,horizontal-saccade-like,344003.0,1376.012,,,,,7.032884125450505,98.86557838737625,positive
Video,video,1,OpenBCI-RAW-2026-06-05_15-20-10.txt,horizontal-saccade-like,344123.0,1376.492,,,,,-14.355930598517904,-214.3478498096323,negative
Video,video,1,OpenBCI-RAW-2026-06-05_15-20-10.txt,horizontal-saccade-like,344222.0,1376.888,,,,,-22.033730621387317,-329.739046543204,negative
Video,video,1,OpenBCI-RAW-2026-06-05_15-20-10.txt,horizontal-saccade-like,344565.0,1378.26,,,,,11.321971219840732,159.56530016177373,positive
Video,video,1,OpenBCI-RAW-2026-06-05_15-20-10.txt,horizontal-saccade-like,345092.0,1380.368,,,,,-9.395204930331714,-129.74127940641196,negative
Video,video,1,OpenBCI-RAW-2026-06-05_15-20-10.txt,horizontal-saccade-like,345193.0,1380.772,,,,,9.40470975106498,133.8536954095232,positive
Video,video,1,OpenBCI-RAW-2026-06-05_15-20-10.txt,horizontal-saccade-like,345272.0,1381.088,,,,,6.2613711750586125,89.1445516180728,positive
Video,video,1,OpenBCI-RAW-2026-06-05_15-20-10.txt,horizontal-saccade-like,345386.0,1381.544,,,,,-12.40909683013778,-178.77569170819942,negative
Video,video,1,OpenBCI-RAW-2026-06-05_15-20-10.txt,horizontal-saccade-like,345478.0,1381.912,,,,,-8.29834792611714,-114.27151020969421,negative
Video,video,1,OpenBCI-RAW-2026-06-05_15-20-10.txt,horizontal-saccade-like,345576.0,1382.304,,,,,13.738359185556076,194.87018464901195,positive
Video,video,1,OpenBCI-RAW-2026-06-05_15-20-10.txt,horizontal-saccade-like,345698.0,1382.792,,,,,-6.38932093428773,-109.46056403750846,negative
Video,video,1,OpenBCI-RAW-2026-06-05_15-20-10.txt,horizontal-saccade-like,345768.0,1383.072,,,,,11.27147401586162,159.63333868341243,positive
Video,video,1,OpenBCI-RAW-2026-06-05_15-20-10.txt,horizontal-saccade-like,345916.0,1383.664,,,,,-11.147768693816234,-168.18340597061984,negative
Video,video,1,OpenBCI-RAW-2026-06-05_15-20-10.txt,horizontal-saccade-like,346052.0,1384.208,,,,,-11.644205251391774,-164.42733210065504,negative
Video,video,1,OpenBCI-RAW-2026-06-05_15-20-10.txt,horizontal-saccade-like,346787.0,1387.148,,,,,-9.786013373666469,-136.370558834168,negative
Video,video,1,OpenBCI-RAW-2026-06-05_15-20-10.txt,horizontal-saccade-like,346863.0,1387.452,,,,,14.959515569217029,219.08107041753811,positive
Video,video,1,OpenBCI-RAW-2026-06-05_15-20-10.txt,horizontal-saccade-like,346971.0,1387.884,,,,,8.539647138876322,113.93567242672168,positive
Video,video,1,OpenBCI-RAW-2026-06-05_15-20-10.txt,horizontal-saccade-like,347052.0,1388.208,,,,,-12.737588886893418,-179.9602114819199,negative
Video,video,1,OpenBCI-RAW-2026-06-05_15-20-10.txt,horizontal-saccade-like,347458.0,1389.832,,,,,-6.330207333849871,-87.79830945261297,negative
Video,video,1,OpenBCI-RAW-2026-06-05_15-20-10.txt,horizontal-saccade-like,347706.0,1390.824,,,,,-14.692456385319852,-207.2197193424944,negative
Video,video,1,OpenBCI-RAW-2026-06-05_15-20-10.txt,horizontal-saccade-like,347883.0,1391.532,,,,,14.229050433700214,198.8878180830173,positive
Video,video,1,OpenBCI-RAW-2026-06-05_15-20-10.txt,horizontal-saccade-like,349481.0,1397.924,,,,,12.186218111172375,168.19581514715608,positive
Video,video,1,OpenBCI-RAW-2026-06-05_15-20-10.txt,horizontal-saccade-like,351023.0,1404.092,,,,,-9.719100132747144,-138.03668532499321,negative
Video,video,1,OpenBCI-RAW-2026-06-05_15-20-10.txt,horizontal-saccade-like,351167.0,1404.668,,,,,10.626963488508059,159.4636573006245,positive
Video,video,1,OpenBCI-RAW-2026-06-05_15-20-10.txt,horizontal-saccade-like,351377.0,1405.508,,,,,7.913394351857177,107.48346533556462,positive
Video,video,1,OpenBCI-RAW-2026-06-05_15-20-10.txt,horizontal-saccade-like,351489.0,1405.956,,,,,-9.028016437121588,-133.74899333711298,negative
Video,video,1,OpenBCI-RAW-2026-06-05_15-20-10.txt,horizontal-saccade-like,351650.0,1406.6,,,,,-11.357635395063767,-158.3134711496944,negative
Video,video,1,OpenBCI-RAW-2026-06-05_15-20-10.txt,horizontal-saccade-like,352253.0,1409.012,,,,,-23.146354291291775,-350.98884588190447,negative
Video,video,1,OpenBCI-RAW-2026-06-05_15-20-10.txt,horizontal-saccade-like,352750.0,1411.0,,,,,14.806901440472416,226.1760961882464,positive
Video,video,1,OpenBCI-RAW-2026-06-05_15-20-10.txt,horizontal-saccade-like,352866.0,1411.464,,,,,6.6906001330126825,91.62444513529354,positive
Video,video,1,OpenBCI-RAW-2026-06-05_15-20-10.txt,horizontal-saccade-like,353204.0,1412.816,,,,,10.000303372539442,137.61947509625077,positive
Video,video,1,OpenBCI-RAW-2026-06-05_15-20-10.txt,horizontal-saccade-like,353651.0,1414.604,,,,,-13.656852815137015,-192.61580167100402,negative
Video,video,1,OpenBCI-RAW-2026-06-05_15-20-10.txt,horizontal-saccade-like,353906.0,1415.624,,,,,14.581725863049185,207.7553850757684,positive
Video,video,1,OpenBCI-RAW-2026-06-05_15-20-10.txt,horizontal-saccade-like,354329.0,1417.316,,,,,-12.88742392673646,-185.99732920076386,negative
Video,video,1,OpenBCI-RAW-2026-06-05_15-20-10.txt,horizontal-saccade-like,354717.0,1418.868,,,,,15.232221455681284,218.3208464929686,positive
Video,video,1,OpenBCI-RAW-2026-06-05_15-20-10.txt,horizontal-saccade-like,355394.0,1421.576,,,,,-6.155367579572831,-89.27549885138981,negative
Video,video,1,OpenBCI-RAW-2026-06-05_15-20-10.txt,horizontal-saccade-like,355583.0,1422.332,,,,,11.522984877455029,162.89620270971386,positive
Video,video,1,OpenBCI-RAW-2026-06-05_15-20-10.txt,horizontal-saccade-like,357226.0,1428.904,,,,,14.006550719406023,196.89727274045435,positive
Video,video,1,OpenBCI-RAW-2026-06-05_15-20-10.txt,horizontal-saccade-like,357276.0,1429.104,,,,,-14.772598568603518,-206.4698832643594,negative
Video,video,1,OpenBCI-RAW-2026-06-05_15-20-10.txt,horizontal-saccade-like,357598.0,1430.392,,,,,13.6479018183504,196.38189060805155,positive
Video,video,1,OpenBCI-RAW-2026-06-05_15-20-10.txt,horizontal-saccade-like,357885.0,1431.54,,,,,-17.621052003476674,-252.70389502216256,negative
Video,video,1,OpenBCI-RAW-2026-06-05_15-20-10.txt,horizontal-saccade-like,358006.0,1432.024,,,,,-6.230117945585375,-85.14078733941076,negative
Video,video,1,OpenBCI-RAW-2026-06-05_15-20-10.txt,horizontal-saccade-like,358183.0,1432.732,,,,,11.317591210621979,159.9238095897361,positive
Video,video,1,OpenBCI-RAW-2026-06-05_15-20-10.txt,horizontal-saccade-like,358272.0,1433.088,,,,,10.689428295941962,152.040049412637,positive
Video,video,1,OpenBCI-RAW-2026-06-05_15-20-10.txt,horizontal-saccade-like,358470.0,1433.88,,,,,-15.83554243403711,-231.8464715166529,negative
Video,video,1,OpenBCI-RAW-2026-06-05_15-20-10.txt,horizontal-saccade-like,358606.0,1434.424,,,,,9.175237830872232,135.1795206370831,positive
Video,video,1,OpenBCI-RAW-2026-06-05_15-20-10.txt,horizontal-saccade-like,358794.0,1435.176,,,,,-8.032934675999977,-112.74838062248409,negative
Video,video,1,OpenBCI-RAW-2026-06-05_15-20-10.txt,horizontal-saccade-like,359056.0,1436.224,,,,,7.900780742237644,111.60850094322868,positive
Video,video,1,OpenBCI-RAW-2026-06-05_15-20-10.txt,horizontal-saccade-like,361963.0,1447.852,,,,,13.918234267685992,194.06546996900508,positive
Video,video,1,OpenBCI-RAW-2026-06-05_15-20-10.txt,horizontal-saccade-like,362375.0,1449.5,,,,,-16.564604429430165,-244.74474464765092,negative
Video,video,1,OpenBCI-RAW-2026-06-05_15-20-10.txt,horizontal-saccade-like,365090.0,1460.36,,,,,-17.688978075883767,-257.4587209589619,negative
Video,video,1,OpenBCI-RAW-2026-06-05_15-20-10.txt,horizontal-saccade-like,368060.0,1472.24,,,,,-10.416362321949347,-147.61993819456237,negative
Video,video,1,OpenBCI-RAW-2026-06-05_15-20-10.txt,horizontal-saccade-like,369700.0,1478.8,,,,,-25.697149251567815,-364.53618083674996,negative
Video,video,1,OpenBCI-RAW-2026-06-05_15-20-10.txt,horizontal-saccade-like,369883.0,1479.532,,,,,-6.721762296884981,-89.62348793987525,negative
Video,video,1,OpenBCI-RAW-2026-06-05_15-20-10.txt,horizontal-saccade-like,370247.0,1480.988,,,,,21.032192849951354,301.1053577895199,positive
Video,video,1,OpenBCI-RAW-2026-06-05_15-20-10.txt,horizontal-saccade-like,372985.0,1491.94,,,,,-13.008615955353607,-181.96925771482393,negative
Video,video,1,OpenBCI-RAW-2026-06-05_15-20-10.txt,horizontal-saccade-like,373106.0,1492.424,,,,,12.829094661231885,181.1808176536784,positive
Video,video,1,OpenBCI-RAW-2026-06-05_15-20-10.txt,horizontal-saccade-like,373373.0,1493.492,,,,,-34.97678888164019,-673.1364053010514,negative
Video,video,1,OpenBCI-RAW-2026-06-05_15-20-10.txt,horizontal-saccade-like,373519.0,1494.076,,,,,38.261339021855235,741.9391737140952,positive
Video,video,1,OpenBCI-RAW-2026-06-05_15-20-10.txt,horizontal-saccade-like,374077.0,1496.308,,,,,-15.276225018961927,-224.16732250176062,negative
Video,video,1,OpenBCI-RAW-2026-06-05_15-20-10.txt,horizontal-saccade-like,374137.0,1496.548,,,,,-7.11607150856949,-99.850811962206,negative
Video,video,1,OpenBCI-RAW-2026-06-05_15-20-10.txt,horizontal-saccade-like,374387.0,1497.548,,,,,20.122784720239434,293.6414328366475,positive
Video,video,1,OpenBCI-RAW-2026-06-05_15-20-10.txt,horizontal-saccade-like,376286.0,1505.144,,,,,16.56020378221234,245.51164644517453,positive
Video,video,1,OpenBCI-RAW-2026-06-05_15-20-10.txt,horizontal-saccade-like,376818.0,1507.272,,,,,-16.315493478124065,-246.2039762562053,negative
Video,video,1,OpenBCI-RAW-2026-06-05_15-20-10.txt,horizontal-saccade-like,376962.0,1507.848,,,,,14.005015764022112,220.67268170411373,positive
Video,video,1,OpenBCI-RAW-2026-06-05_15-20-10.txt,horizontal-saccade-like,377032.0,1508.128,,,,,6.473704332528636,85.73266522037707,positive
Video,video,1,OpenBCI-RAW-2026-06-05_15-20-10.txt,horizontal-saccade-like,377547.0,1510.188,,,,,14.955226329812987,216.69217247420175,positive
Video,video,1,OpenBCI-RAW-2026-06-05_15-20-10.txt,horizontal-saccade-like,378354.0,1513.416,,,,,11.004096491334728,156.18459792931355,positive
Video,video,1,OpenBCI-RAW-2026-06-05_15-20-10.txt,horizontal-saccade-like,378865.0,1515.46,,,,,11.518544783817065,164.43698197563893,positive
Video,video,1,OpenBCI-RAW-2026-06-05_15-20-10.txt,horizontal-saccade-like,379220.0,1516.88,,,,,-10.306010652820994,-149.75951221706578,negative
Video,video,1,OpenBCI-RAW-2026-06-05_15-20-10.txt,horizontal-saccade-like,379683.0,1518.732,,,,,16.155138716556266,239.71422002694916,positive
Video,video,1,OpenBCI-RAW-2026-06-05_15-20-10.txt,horizontal-saccade-like,380027.0,1520.108,,,,,-14.245153969101898,-209.13802386157346,negative
Video,video,1,OpenBCI-RAW-2026-06-05_15-20-10.txt,horizontal-saccade-like,380123.0,1520.492,,,,,-10.876755867815127,-154.64680815638806,negative
Video,video,1,OpenBCI-RAW-2026-06-05_15-20-10.txt,horizontal-saccade-like,380577.0,1522.308,,,,,-13.979428806477888,-202.89438991008015,negative
Video,video,1,OpenBCI-RAW-2026-06-05_15-20-10.txt,horizontal-saccade-like,381172.0,1524.688,,,,,16.563921543107067,235.61246857957795,positive
Video,video,1,OpenBCI-RAW-2026-06-05_15-20-10.txt,horizontal-saccade-like,382693.0,1530.772,,,,,-12.085677038540581,-168.88810872836038,negative
Video,video,1,OpenBCI-RAW-2026-06-05_15-20-10.txt,horizontal-saccade-like,384833.0,1539.332,,,,,-12.067608324706086,-169.44866316024084,negative
Video,video,1,OpenBCI-RAW-2026-06-05_15-20-10.txt,horizontal-saccade-like,385144.0,1540.576,,,,,-10.30105705313635,-140.23615141173624,negative
Video,video,1,OpenBCI-RAW-2026-06-05_15-20-10.txt,horizontal-saccade-like,385305.0,1541.22,,,,,29.32675954373247,436.51830670233926,positive
Video,video,1,OpenBCI-RAW-2026-06-05_15-20-10.txt,horizontal-saccade-like,385902.0,1543.608,,,,,-15.000631030902216,-213.1554730291992,negative
Video,video,1,OpenBCI-RAW-2026-06-05_15-20-10.txt,horizontal-saccade-like,387596.0,1550.384,,,,,-8.63479336120198,-119.13063958038856,negative
Video,video,1,OpenBCI-RAW-2026-06-05_15-20-10.txt,horizontal-saccade-like,388754.0,1555.016,,,,,-15.220779238814615,-215.26856197904752,negative
Video,video,1,OpenBCI-RAW-2026-06-05_15-20-10.txt,horizontal-saccade-like,390027.0,1560.108,,,,,-10.11463194363113,-145.7198984590154,negative
Video,video,1,OpenBCI-RAW-2026-06-05_15-20-10.txt,horizontal-saccade-like,391000.0,1564.0,,,,,-6.594791179801476,-92.7264891620421,negative
Video,video,1,OpenBCI-RAW-2026-06-05_15-20-10.txt,horizontal-saccade-like,391066.0,1564.264,,,,,-11.361196282429564,-161.65467613534352,negative
Video,video,1,OpenBCI-RAW-2026-06-05_15-20-10.txt,horizontal-saccade-like,391269.0,1565.076,,,,,11.262799058937304,166.59696136175035,positive
Video,video,1,OpenBCI-RAW-2026-06-05_15-20-10.txt,horizontal-saccade-like,391434.0,1565.736,,,,,6.4506511178622645,87.80427678468305,positive
Video,video,1,OpenBCI-RAW-2026-06-05_15-20-10.txt,horizontal-saccade-like,391747.0,1566.988,,,,,-7.4617822616352,-103.38676906708683,negative
Video,video,1,OpenBCI-RAW-2026-06-05_15-20-10.txt,horizontal-saccade-like,392088.0,1568.352,,,,,8.810851482961915,122.53462810080737,positive
Video,video,1,OpenBCI-RAW-2026-06-05_15-20-10.txt,horizontal-saccade-like,393740.0,1574.96,,,,,-12.55355566486459,-174.15518785604323,negative
Video,video,1,OpenBCI-RAW-2026-06-05_15-20-10.txt,horizontal-saccade-like,393812.0,1575.248,,,,,11.476125466949851,164.20859378388707,positive
Video,video,1,OpenBCI-RAW-2026-06-05_15-20-10.txt,horizontal-saccade-like,394288.0,1577.152,,,,,-14.718863526128347,-223.0009783873773,negative
Video,video,1,OpenBCI-RAW-2026-06-05_15-20-10.txt,horizontal-saccade-like,398493.0,1593.972,,,,,-8.202407147931666,-114.66667345023137,negative
Video,video,1,OpenBCI-RAW-2026-06-05_15-20-10.txt,horizontal-saccade-like,398950.0,1595.8,,,,,-15.154449766857669,-222.97441159401984,negative
Video,video,1,OpenBCI-RAW-2026-06-05_15-20-10.txt,horizontal-saccade-like,399399.0,1597.596,,,,,-14.44732566800079,-206.09393598449887,negative
Video,video,1,OpenBCI-RAW-2026-06-05_15-20-10.txt,horizontal-saccade-like,399749.0,1598.996,,,,,6.7282313405493035,95.9180788703462,positive
Video,video,1,OpenBCI-RAW-2026-06-05_15-20-10.txt,horizontal-saccade-like,399922.0,1599.688,,,,,7.587482175619329,105.92344262747585,positive
Video,video,1,OpenBCI-RAW-2026-06-05_15-20-10.txt,horizontal-saccade-like,400029.0,1600.116,,,,,6.793289724715523,100.21489126974681,positive
Video,video,1,OpenBCI-RAW-2026-06-05_15-20-10.txt,horizontal-saccade-like,400152.0,1600.608,,,,,-10.636224206547553,-146.38012708370405,negative
Video,video,1,OpenBCI-RAW-2026-06-05_15-20-10.txt,horizontal-saccade-like,400250.0,1601.0,,,,,12.41291158056514,185.59207345770707,positive
Video,video,1,OpenBCI-RAW-2026-06-05_15-20-10.txt,horizontal-saccade-like,400317.0,1601.268,,,,,8.84915430595178,125.98064122654466,positive
Video,video,1,OpenBCI-RAW-2026-06-05_15-20-10.txt,horizontal-saccade-like,400441.0,1601.764,,,,,-12.732468278755249,-180.85512039394035,negative
Video,video,1,OpenBCI-RAW-2026-06-05_15-20-10.txt,horizontal-saccade-like,400573.0,1602.292,,,,,-19.405355595319826,-291.46377236038285,negative
Video,video,1,OpenBCI-RAW-2026-06-05_15-20-10.txt,horizontal-saccade-like,400759.0,1603.036,,,,,-31.117054866976627,-518.2992426368356,negative
Video,video,1,OpenBCI-RAW-2026-06-05_15-20-10.txt,horizontal-saccade-like,400910.0,1603.64,,,,,34.610993435646414,650.1262362816151,positive
Video,video,1,OpenBCI-RAW-2026-06-05_15-20-10.txt,horizontal-saccade-like,401036.0,1604.144,,,,,15.037549484727698,215.30198583575444,positive
Video,video,1,OpenBCI-RAW-2026-06-05_15-20-10.txt,horizontal-saccade-like,402090.0,1608.36,,,,,-9.479508637978112,-135.1808124486476,negative
Video,video,1,OpenBCI-RAW-2026-06-05_15-20-10.txt,horizontal-saccade-like,402190.0,1608.76,,,,,-6.376673201475647,-95.70728096453662,negative
Video,video,1,OpenBCI-RAW-2026-06-05_15-20-10.txt,horizontal-saccade-like,402246.0,1608.984,,,,,-9.744812926761123,-139.29301544391092,negative
Video,video,1,OpenBCI-RAW-2026-06-05_15-20-10.txt,horizontal-saccade-like,402281.0,1609.124,,,,,-7.85808431329416,-108.13657316177387,negative
Video,video,1,OpenBCI-RAW-2026-06-05_15-20-10.txt,horizontal-saccade-like,402554.0,1610.216,,,,,6.792257198608446,93.68761674037398,positive
Video,video,1,OpenBCI-RAW-2026-06-05_15-20-10.txt,horizontal-saccade-like,402720.0,1610.88,,,,,10.524920894919468,155.6291263715272,positive
Video,video,1,OpenBCI-RAW-2026-06-05_15-20-10.txt,horizontal-saccade-like,403082.0,1612.328,,,,,-17.077054548052544,-249.45950487328804,negative
Video,video,1,OpenBCI-RAW-2026-06-05_15-20-10.txt,horizontal-saccade-like,404428.0,1617.712,,,,,-15.204558567098315,-212.2026272624924,negative
Video,video,1,OpenBCI-RAW-2026-06-05_15-20-10.txt,horizontal-saccade-like,405177.0,1620.708,,,,,-12.394072149307728,-179.16500172561516,negative
Video,video,1,OpenBCI-RAW-2026-06-05_15-20-10.txt,horizontal-saccade-like,405578.0,1622.312,,,,,12.026164664719829,173.76931836723338,positive
Video,video,1,OpenBCI-RAW-2026-06-05_15-20-10.txt,horizontal-saccade-like,405731.0,1622.924,,,,,-12.124527747797279,-173.44631736038707,negative
Video,video,1,OpenBCI-RAW-2026-06-05_15-20-10.txt,horizontal-saccade-like,406353.0,1625.412,,,,,8.89404286209999,124.14940504285015,positive
Video,video,1,OpenBCI-RAW-2026-06-05_15-20-10.txt,horizontal-saccade-like,406521.0,1626.084,,,,,-14.495149407792697,-208.59259534549605,negative
Video,video,1,OpenBCI-RAW-2026-06-05_15-20-10.txt,horizontal-saccade-like,406606.0,1626.424,,,,,-11.495130014973789,-156.22695088608276,negative
Video,video,1,OpenBCI-RAW-2026-06-05_15-20-10.txt,horizontal-saccade-like,407214.0,1628.856,,,,,11.784800706727973,165.98486095107313,positive
Video,video,1,OpenBCI-RAW-2026-06-05_15-20-10.txt,horizontal-saccade-like,407305.0,1629.22,,,,,11.504993100720906,168.26417221394354,positive
Video,video,1,OpenBCI-RAW-2026-06-05_15-20-10.txt,horizontal-saccade-like,407496.0,1629.984,,,,,6.0696292687248246,82.75758741632671,positive
Video,video,1,OpenBCI-RAW-2026-06-05_15-20-10.txt,horizontal-saccade-like,407579.0,1630.316,,,,,-35.57234765447651,-550.6714284078857,negative
Video,video,1,OpenBCI-RAW-2026-06-05_15-20-10.txt,horizontal-saccade-like,407847.0,1631.388,,,,,17.624460280450638,245.1830494352408,positive
Video,video,1,OpenBCI-RAW-2026-06-05_15-20-10.txt,horizontal-saccade-like,408153.0,1632.612,,,,,7.287392116923992,104.88219310416306,positive
Video,video,1,OpenBCI-RAW-2026-06-05_15-20-10.txt,horizontal-saccade-like,408506.0,1634.024,,,,,10.130299502357028,141.4137817861134,positive
Video,video,1,OpenBCI-RAW-2026-06-05_15-20-10.txt,horizontal-saccade-like,409510.0,1638.04,,,,,-10.426923380599202,-150.40059274188695,negative
Video,video,1,OpenBCI-RAW-2026-06-05_15-20-10.txt,horizontal-saccade-like,409682.0,1638.728,,,,,-16.365819113274057,-231.986703271855,negative
Video,video,1,OpenBCI-RAW-2026-06-05_15-20-10.txt,horizontal-saccade-like,409816.0,1639.264,,,,,15.144234191350392,218.5183080783205,positive
Video,video,1,OpenBCI-RAW-2026-06-05_15-20-10.txt,horizontal-saccade-like,410352.0,1641.408,,,,,-14.035957007638888,-202.7525384086331,negative
Video,video,1,OpenBCI-RAW-2026-06-05_15-20-10.txt,horizontal-saccade-like,411628.0,1646.512,,,,,-13.035548636708295,-181.94440611872105,negative
Video,video,1,OpenBCI-RAW-2026-06-05_15-20-10.txt,horizontal-saccade-like,411812.0,1647.248,,,,,25.427810065763417,396.1084849065085,positive
Video,video,1,OpenBCI-RAW-2026-06-05_15-20-10.txt,horizontal-saccade-like,411953.0,1647.812,,,,,-20.08472192607559,-286.7592071577586,negative
Video,video,1,OpenBCI-RAW-2026-06-05_15-20-10.txt,horizontal-saccade-like,412070.0,1648.28,,,,,21.666105779584143,316.4479393697515,positive
Video,video,1,OpenBCI-RAW-2026-06-05_15-20-10.txt,horizontal-saccade-like,412816.0,1651.264,,,,,-16.469096249693965,-230.6007263490565,negative
Video,video,1,OpenBCI-RAW-2026-06-05_15-20-10.txt,horizontal-saccade-like,413044.0,1652.176,,,,,13.979067041968904,198.66463000416746,positive
Video,video,1,OpenBCI-RAW-2026-06-05_15-20-10.txt,horizontal-saccade-like,413131.0,1652.524,,,,,7.221048854998297,101.1847851032978,positive
Video,video,1,OpenBCI-RAW-2026-06-05_15-20-10.txt,horizontal-saccade-like,413456.0,1653.824,,,,,15.035307632698883,209.44781499743132,positive
Video,video,1,OpenBCI-RAW-2026-06-05_15-20-10.txt,horizontal-saccade-like,413571.0,1654.284,,,,,-12.925852847356985,-181.68165724238037,negative
Video,video,1,OpenBCI-RAW-2026-06-05_15-20-10.txt,horizontal-saccade-like,414409.0,1657.636,,,,,10.7349751528503,146.66220518112578,positive
Video,video,1,OpenBCI-RAW-2026-06-05_15-20-10.txt,horizontal-saccade-like,415051.0,1660.204,,,,,8.89709987157324,126.30707433394063,positive
Video,video,1,OpenBCI-RAW-2026-06-05_15-20-10.txt,horizontal-saccade-like,415293.0,1661.172,,,,,34.143334162044106,535.4385256433914,positive
Video,video,1,OpenBCI-RAW-2026-06-05_15-20-10.txt,horizontal-saccade-like,416033.0,1664.132,,,,,-36.188170113866086,-662.2686664541261,negative
Video,video,1,OpenBCI-RAW-2026-06-05_15-20-10.txt,horizontal-saccade-like,416946.0,1667.784,,,,,-20.140662919088165,-290.8783480471003,negative
Video,video,1,OpenBCI-RAW-2026-06-05_15-20-10.txt,horizontal-saccade-like,417070.0,1668.28,,,,,15.126760127689481,211.97508280814793,positive
Video,video,1,OpenBCI-RAW-2026-06-05_15-20-10.txt,horizontal-saccade-like,417958.0,1671.832,,,,,-13.996886592939047,-201.65426687193957,negative
Video,video,1,OpenBCI-RAW-2026-06-05_15-20-10.txt,horizontal-saccade-like,418046.0,1672.184,,,,,12.68506426752799,181.45813241280405,positive
Video,video,1,OpenBCI-RAW-2026-06-05_15-20-10.txt,horizontal-saccade-like,419226.0,1676.904,,,,,8.677095600492763,123.26756970694046,positive
Video,video,1,OpenBCI-RAW-2026-06-05_15-20-10.txt,horizontal-saccade-like,422245.0,1688.98,,,,,9.511798170006818,135.27342523968602,positive
Video,video,1,OpenBCI-RAW-2026-06-05_15-20-10.txt,horizontal-saccade-like,422293.0,1689.172,,,,,17.184812877018125,248.92473199934096,positive
Video,video,1,OpenBCI-RAW-2026-06-05_15-20-10.txt,horizontal-saccade-like,423165.0,1692.66,,,,,15.957285292387326,228.75945898930152,positive
Video,video,1,OpenBCI-RAW-2026-06-05_15-20-10.txt,horizontal-saccade-like,423296.0,1693.184,,,,,-22.746845415361058,-331.45087641026123,negative
Video,video,1,OpenBCI-RAW-2026-06-05_15-20-10.txt,horizontal-saccade-like,423486.0,1693.944,,,,,14.00945356725505,197.50763334902632,positive
Video,video,1,OpenBCI-RAW-2026-06-05_15-20-10.txt,horizontal-saccade-like,423551.0,1694.204,,,,,6.3939362872967545,88.53018706759823,positive
Video,video,1,OpenBCI-RAW-2026-06-05_15-20-10.txt,horizontal-saccade-like,426005.0,1704.02,,,,,-10.678896921630121,-153.01723861379696,negative
Video,video,1,OpenBCI-RAW-2026-06-05_15-20-10.txt,horizontal-saccade-like,426635.0,1706.54,,,,,-9.457532546215585,-135.35107552486895,negative
Video,video,1,OpenBCI-RAW-2026-06-05_15-20-10.txt,horizontal-saccade-like,426730.0,1706.92,,,,,-10.335129607483724,-142.16586598224765,negative
Video,video,1,OpenBCI-RAW-2026-06-05_15-20-10.txt,horizontal-saccade-like,428059.0,1712.236,,,,,-15.352246268920164,-214.57367311314937,negative
Video,video,1,OpenBCI-RAW-2026-06-05_15-20-10.txt,horizontal-saccade-like,428206.0,1712.824,,,,,10.879511204250326,153.18850939901372,positive
Video,video,1,OpenBCI-RAW-2026-06-05_15-20-10.txt,horizontal-saccade-like,428298.0,1713.192,,,,,6.665103465039734,89.01622950155019,positive
Video,video,1,OpenBCI-RAW-2026-06-05_15-20-10.txt,horizontal-saccade-like,428389.0,1713.556,,,,,-12.746231164898456,-182.68028326159532,negative
Video,video,1,OpenBCI-RAW-2026-06-05_15-20-10.txt,horizontal-saccade-like,428456.0,1713.824,,,,,-7.004493944156416,-88.93617478682313,negative
Video,video,1,OpenBCI-RAW-2026-06-05_15-20-10.txt,horizontal-saccade-like,428577.0,1714.308,,,,,6.5594067574918675,87.29150164978446,positive
Video,video,1,OpenBCI-RAW-2026-06-05_15-20-10.txt,horizontal-saccade-like,429321.0,1717.284,,,,,10.27797850919604,139.58464431443088,positive
Video,video,1,OpenBCI-RAW-2026-06-05_15-20-10.txt,horizontal-saccade-like,429974.0,1719.896,,,,,-16.846594150290677,-246.82647129007296,negative
Video,video,1,OpenBCI-RAW-2026-06-05_15-20-10.txt,horizontal-saccade-like,431113.0,1724.452,,,,,-7.089933657577266,-96.0498155275431,negative
Video,video,1,OpenBCI-RAW-2026-06-05_15-20-10.txt,horizontal-saccade-like,432049.0,1728.196,,,,,14.766088323655069,199.81181841816152,positive
Video,video,1,OpenBCI-RAW-2026-06-05_15-20-10.txt,horizontal-saccade-like,433692.0,1734.768,,,,,10.638374187557826,148.77796130718224,positive
Video,video,1,OpenBCI-RAW-2026-06-05_15-20-10.txt,horizontal-saccade-like,434384.0,1737.536,,,,,-6.8180279602765355,-95.21948890558097,negative
Video,video,1,OpenBCI-RAW-2026-06-05_15-20-10.txt,horizontal-saccade-like,437871.0,1751.484,,,,,12.531079738541015,173.11372389423136,positive
Video,video,1,OpenBCI-RAW-2026-06-05_15-20-10.txt,horizontal-saccade-like,438198.0,1752.792,,,,,7.964569006838057,112.15693636749312,positive
Video,video,1,OpenBCI-RAW-2026-06-05_15-20-10.txt,horizontal-saccade-like,438455.0,1753.82,,,,,-7.2684609221316485,-99.2283354207293,negative
Video,video,1,OpenBCI-RAW-2026-06-05_15-20-10.txt,horizontal-saccade-like,439575.0,1758.3,,,,,14.631750671207229,211.8709630130404,positive
Video,video,1,OpenBCI-RAW-2026-06-05_15-20-10.txt,horizontal-saccade-like,440043.0,1760.172,,,,,-12.453641288174584,-170.5076894506815,negative
Video,video,1,OpenBCI-RAW-2026-06-05_15-20-10.txt,horizontal-saccade-like,440133.0,1760.532,,,,,6.216692097436349,85.07093102906869,positive
Video,video,1,OpenBCI-RAW-2026-06-05_15-20-10.txt,horizontal-saccade-like,440619.0,1762.476,,,,,22.951343649061034,331.07663949749264,positive
Video,video,1,OpenBCI-RAW-2026-06-05_15-20-10.txt,horizontal-saccade-like,440734.0,1762.936,,,,,-23.774117301920867,-346.3204385216875,negative
Video,video,1,OpenBCI-RAW-2026-06-05_15-20-10.txt,horizontal-saccade-like,441023.0,1764.092,,,,,17.07975401781522,237.7895303308015,positive
Video,video,1,OpenBCI-RAW-2026-06-05_15-20-10.txt,horizontal-saccade-like,441122.0,1764.488,,,,,10.18478996806522,144.90405935666348,positive
Video,video,1,OpenBCI-RAW-2026-06-05_15-20-10.txt,horizontal-saccade-like,441307.0,1765.228,,,,,-36.5527483285603,-594.3651753212555,negative
Video,video,1,OpenBCI-RAW-2026-06-05_15-20-10.txt,horizontal-saccade-like,441422.0,1765.688,,,,,7.285177438052244,108.54595343536732,positive
Video,video,1,OpenBCI-RAW-2026-06-05_15-20-10.txt,horizontal-saccade-like,441830.0,1767.32,,,,,15.133832718882372,284.8599784364339,positive
Video,video,1,OpenBCI-RAW-2026-06-05_15-20-10.txt,horizontal-saccade-like,441933.0,1767.732,,,,,9.732967670959349,178.01197411532772,positive
Video,video,1,OpenBCI-RAW-2026-06-05_15-20-10.txt,horizontal-saccade-like,441973.0,1767.892,,,,,-6.304094854761533,-98.10091078425782,negative
Video,video,1,OpenBCI-RAW-2026-06-05_15-20-10.txt,horizontal-saccade-like,442036.0,1768.144,,,,,11.29105800571947,228.8760798696511,positive
Video,video,1,OpenBCI-RAW-2026-06-05_15-20-10.txt,horizontal-saccade-like,442462.0,1769.848,,,,,-10.85504823465536,-150.3723633416088,negative
Video,video,1,OpenBCI-RAW-2026-06-05_15-20-10.txt,horizontal-saccade-like,442620.0,1770.48,,,,,31.727521989536584,478.270823080833,positive
Video,video,1,OpenBCI-RAW-2026-06-05_15-20-10.txt,horizontal-saccade-like,443321.0,1773.284,,,,,-6.181859841490006,-89.67788397521394,negative
Video,video,1,OpenBCI-RAW-2026-06-05_15-20-10.txt,horizontal-saccade-like,443544.0,1774.176,,,,,14.425155191730193,204.7556458644287,positive
Video,video,1,OpenBCI-RAW-2026-06-05_15-20-10.txt,horizontal-saccade-like,444017.0,1776.068,,,,,19.807522788224244,287.4850617898255,positive
Video,video,1,OpenBCI-RAW-2026-06-05_15-20-10.txt,horizontal-saccade-like,445689.0,1782.756,,,,,-17.278221973661193,-245.23896634716277,negative
Video,video,1,OpenBCI-RAW-2026-06-05_15-20-10.txt,horizontal-saccade-like,446842.0,1787.368,,,,,12.577124970911267,178.68513289038657,positive
Video,video,1,OpenBCI-RAW-2026-06-05_15-20-10.txt,horizontal-saccade-like,447393.0,1789.572,,,,,-11.249627954658976,-152.93756757737202,negative
Video,video,1,OpenBCI-RAW-2026-06-05_15-20-10.txt,horizontal-saccade-like,451754.0,1807.016,,,,,-6.088290697161037,-78.03278289439086,negative
Video,video,1,OpenBCI-RAW-2026-06-05_15-20-10.txt,horizontal-saccade-like,451822.0,1807.288,,,,,-12.520963315064076,-179.44025358866412,negative
Video,video,1,OpenBCI-RAW-2026-06-05_15-20-10.txt,horizontal-saccade-like,452232.0,1808.928,,,,,10.497691384747851,150.23492764042226,positive
Video,video,1,OpenBCI-RAW-2026-06-05_15-20-10.txt,horizontal-saccade-like,452302.0,1809.208,,,,,10.480277306385284,147.89115409974514,positive
Video,video,1,OpenBCI-RAW-2026-06-05_15-20-10.txt,horizontal-saccade-like,452379.0,1809.516,,,,,-18.980400805064104,-281.83112169613577,negative
Video,video,1,OpenBCI-RAW-2026-06-05_15-20-10.txt,horizontal-saccade-like,453265.0,1813.06,,,,,-10.405562957604198,-145.85505526702815,negative
Video,video,1,OpenBCI-RAW-2026-06-05_15-20-10.txt,horizontal-saccade-like,453409.0,1813.636,,,,,12.691397037789837,181.70742949264962,positive
Video,video,1,OpenBCI-RAW-2026-06-05_15-20-10.txt,horizontal-saccade-like,453475.0,1813.9,,,,,-12.776855295747131,-176.73765148285267,negative
Video,video,1,OpenBCI-RAW-2026-06-05_15-20-10.txt,horizontal-saccade-like,454041.0,1816.164,,,,,-11.072035463282116,-154.8302845158272,negative
Video,video,1,OpenBCI-RAW-2026-06-05_15-20-10.txt,horizontal-saccade-like,454358.0,1817.432,,,,,15.282229725736293,218.8661125754513,positive
Video,video,1,OpenBCI-RAW-2026-06-05_15-20-10.txt,horizontal-saccade-like,454456.0,1817.824,,,,,-9.069159818559145,-124.19075747089158,negative
Video,video,1,OpenBCI-RAW-2026-06-05_15-20-10.txt,horizontal-saccade-like,454895.0,1819.58,,,,,-7.852915389142576,-108.54343093755101,negative
Video,video,1,OpenBCI-RAW-2026-06-05_15-20-10.txt,horizontal-saccade-like,456333.0,1825.332,,,,,8.93359360705238,131.80078948076846,positive
Video,video,1,OpenBCI-RAW-2026-06-05_15-20-10.txt,horizontal-saccade-like,457151.0,1828.604,,,,,11.677313375758017,166.51502193774562,positive
Video,video,1,OpenBCI-RAW-2026-06-05_15-20-10.txt,horizontal-saccade-like,457570.0,1830.28,,,,,-16.81169728753428,-236.97868703211327,negative
Video,video,1,OpenBCI-RAW-2026-06-05_15-20-10.txt,horizontal-saccade-like,457987.0,1831.948,,,,,-37.736626155071825,-604.9597371199459,negative
Video,video,1,OpenBCI-RAW-2026-06-05_15-20-10.txt,horizontal-saccade-like,458066.0,1832.264,,,,,-9.252899878031082,-126.2000250580505,negative
Video,video,1,OpenBCI-RAW-2026-06-05_15-20-10.txt,horizontal-saccade-like,458460.0,1833.84,,,,,-9.117634006079868,-125.78109307629038,negative
Video,video,1,OpenBCI-RAW-2026-06-05_15-20-10.txt,horizontal-saccade-like,461690.0,1846.76,,,,,-10.752190559037425,-177.14092098442404,negative
Video,video,1,OpenBCI-RAW-2026-06-05_15-20-10.txt,horizontal-saccade-like,462190.0,1848.76,,,,,20.69047187221704,302.2521939432489,positive
Video,video,1,OpenBCI-RAW-2026-06-05_15-20-10.txt,horizontal-saccade-like,462246.0,1848.984,,,,,-13.68290522781075,-238.57581311864948,negative
Video,video,1,OpenBCI-RAW-2026-06-05_15-20-10.txt,horizontal-saccade-like,462649.0,1850.596,,,,,39.155925354929074,650.9472908623139,positive
Video,video,1,OpenBCI-RAW-2026-06-05_15-20-10.txt,horizontal-saccade-like,463917.0,1855.668,,,,,-9.064450705357945,-127.37878848560902,negative
Video,video,1,OpenBCI-RAW-2026-06-05_15-20-10.txt,horizontal-saccade-like,463999.0,1855.996,,,,,7.031328510512507,96.63449130382017,positive
Video,video,1,OpenBCI-RAW-2026-06-05_15-20-10.txt,horizontal-saccade-like,464156.0,1856.624,,,,,6.443409458453857,88.91582827770199,positive
Video,video,1,OpenBCI-RAW-2026-06-05_15-20-10.txt,horizontal-saccade-like,464550.0,1858.2,,,,,-10.521114237899578,-143.847118172214,negative
Video,video,1,OpenBCI-RAW-2026-06-05_15-20-10.txt,horizontal-saccade-like,464817.0,1859.268,,,,,-10.387055854645148,-150.84450546469728,negative
Video,video,1,OpenBCI-RAW-2026-06-05_15-20-10.txt,horizontal-saccade-like,465043.0,1860.172,,,,,-6.089128197486398,-83.18857147684423,negative
Video,video,1,OpenBCI-RAW-2026-06-05_15-20-10.txt,horizontal-saccade-like,465184.0,1860.736,,,,,7.1172188008336015,94.23039750456212,positive
Video,video,1,OpenBCI-RAW-2026-06-05_15-20-10.txt,horizontal-saccade-like,465887.0,1863.548,,,,,-8.777934824033219,-119.97507832256704,negative
Video,video,1,OpenBCI-RAW-2026-06-05_15-20-10.txt,horizontal-saccade-like,466045.0,1864.18,,,,,-7.339764348336244,-98.59212667481731,negative
Video,video,1,OpenBCI-RAW-2026-06-05_15-20-10.txt,horizontal-saccade-like,466121.0,1864.484,,,,,7.082917756459872,100.89935099721006,positive
Video,video,1,OpenBCI-RAW-2026-06-05_15-20-10.txt,horizontal-saccade-like,466158.0,1864.632,,,,,7.9515745846803405,106.95038002796335,positive
Video,video,1,OpenBCI-RAW-2026-06-05_15-20-10.txt,horizontal-saccade-like,466547.0,1866.188,,,,,-14.283506210373645,-204.6853411026749,negative
Video,video,1,OpenBCI-RAW-2026-06-05_15-20-10.txt,horizontal-saccade-like,467279.0,1869.116,,,,,-20.669794950295802,-296.0122958444356,negative
Video,video,1,OpenBCI-RAW-2026-06-05_15-20-10.txt,horizontal-saccade-like,467392.0,1869.568,,,,,19.310002562577413,280.6697898308928,positive
Video,video,1,OpenBCI-RAW-2026-06-05_15-20-10.txt,horizontal-saccade-like,467865.0,1871.46,,,,,6.426702578948038,90.40901367090208,positive
Video,video,1,OpenBCI-RAW-2026-06-05_15-20-10.txt,horizontal-saccade-like,468810.0,1875.24,,,,,8.422706462053606,118.63839918858665,positive
Video,video,1,OpenBCI-RAW-2026-06-05_15-20-10.txt,horizontal-saccade-like,469712.0,1878.848,,,,,-13.421725921550683,-195.9152798379582,negative
Video,video,1,OpenBCI-RAW-2026-06-05_15-20-10.txt,horizontal-saccade-like,469781.0,1879.124,,,,,13.301791714035797,190.74823537838762,positive
Video,video,1,OpenBCI-RAW-2026-06-05_15-20-10.txt,horizontal-saccade-like,469922.0,1879.688,,,,,6.396717868430499,88.8674778866647,positive
Video,video,1,OpenBCI-RAW-2026-06-05_15-20-10.txt,horizontal-saccade-like,470058.0,1880.232,,,,,-10.883435564176049,-151.95393563631083,negative
Video,video,1,OpenBCI-RAW-2026-06-05_15-20-10.txt,horizontal-saccade-like,470253.0,1881.012,,,,,-9.395955910671226,-131.71443300766467,negative
Video,video,1,OpenBCI-RAW-2026-06-05_15-20-10.txt,horizontal-saccade-like,471247.0,1884.988,,,,,27.456070705679053,397.2505225877585,positive
Video,video,1,OpenBCI-RAW-2026-06-05_15-20-10.txt,horizontal-saccade-like,471714.0,1886.856,,,,,-6.3546234823509415,-88.91381125533223,negative
Video,video,1,OpenBCI-RAW-2026-06-05_15-20-10.txt,horizontal-saccade-like,471789.0,1887.156,,,,,8.490957850838027,106.85068448389929,positive
Video,video,1,OpenBCI-RAW-2026-06-05_15-20-10.txt,horizontal-saccade-like,472988.0,1891.952,,,,,-42.26671144785658,-765.5747520691707,negative
Video,video,1,OpenBCI-RAW-2026-06-05_15-20-10.txt,horizontal-saccade-like,473027.0,1892.108,,,,,8.944055526501007,135.78196350053582,positive
Video,video,1,OpenBCI-RAW-2026-06-05_15-20-10.txt,vertical-saccade-like,3189.0,12.756,,,,,-40.02322941602762,-920.3522231238087,negative
Video,video,1,OpenBCI-RAW-2026-06-05_15-20-10.txt,vertical-saccade-like,3217.0,12.868,,,,,33.15626484571957,759.8345057922147,positive
Video,video,1,OpenBCI-RAW-2026-06-05_15-20-10.txt,vertical-saccade-like,5970.0,23.88,,,,,-6.25673799836871,-121.76025272297696,negative
Video,video,1,OpenBCI-RAW-2026-06-05_15-20-10.txt,vertical-saccade-like,6213.0,24.852,,,,,-8.290015224725616,-160.50475176211685,negative
Video,video,1,OpenBCI-RAW-2026-06-05_15-20-10.txt,vertical-saccade-like,6757.0,27.028,,,,,21.490460519056995,454.12909036685863,positive
Video,video,1,OpenBCI-RAW-2026-06-05_15-20-10.txt,vertical-saccade-like,8107.0,32.428,,,,,19.475537224597222,400.5405997967244,positive
Video,video,1,OpenBCI-RAW-2026-06-05_15-20-10.txt,vertical-saccade-like,9557.0,38.228,,,,,-10.219062922919754,-231.6340700711539,negative
Video,video,1,OpenBCI-RAW-2026-06-05_15-20-10.txt,vertical-saccade-like,11195.0,44.78,,,,,10.03505721964215,290.3867881886182,positive
Video,video,1,OpenBCI-RAW-2026-06-05_15-20-10.txt,vertical-saccade-like,11415.0,45.66,,,,,-10.161978713628553,-214.601078706949,negative
Video,video,1,OpenBCI-RAW-2026-06-05_15-20-10.txt,vertical-saccade-like,11458.0,45.832,,,,,6.884201791723375,130.10469416076972,positive
Video,video,1,OpenBCI-RAW-2026-06-05_15-20-10.txt,vertical-saccade-like,13218.0,52.872,,,,,-16.77472116088848,-327.4821693804134,negative
Video,video,1,OpenBCI-RAW-2026-06-05_15-20-10.txt,vertical-saccade-like,14344.0,57.376,,,,,-8.711226851303058,-165.92974062045317,negative
Video,video,1,OpenBCI-RAW-2026-06-05_15-20-10.txt,vertical-saccade-like,15089.0,60.356,,,,,16.2932130589368,355.41018895464526,positive
Video,video,1,OpenBCI-RAW-2026-06-05_15-20-10.txt,vertical-saccade-like,17939.0,71.756,,,,,-14.609673883457853,-300.6428431649497,negative
Video,video,1,OpenBCI-RAW-2026-06-05_15-20-10.txt,vertical-saccade-like,18429.0,73.716,,,,,7.016243872235293,187.0348283708034,positive
Video,video,1,OpenBCI-RAW-2026-06-05_15-20-10.txt,vertical-saccade-like,19389.0,77.556,,,,,11.716772263814768,317.4284411100631,positive
Video,video,1,OpenBCI-RAW-2026-06-05_15-20-10.txt,vertical-saccade-like,19461.0,77.844,,,,,-12.70666572520904,-234.0026420537195,negative
Video,video,1,OpenBCI-RAW-2026-06-05_15-20-10.txt,vertical-saccade-like,19558.0,78.232,,,,,8.352211211549738,144.72884333439217,positive
Video,video,1,OpenBCI-RAW-2026-06-05_15-20-10.txt,vertical-saccade-like,20036.0,80.144,,,,,-6.126345069562722,-121.79275510523408,negative
Video,video,1,OpenBCI-RAW-2026-06-05_15-20-10.txt,vertical-saccade-like,20441.0,81.764,,,,,6.772158641536387,139.9883761484623,positive
Video,video,1,OpenBCI-RAW-2026-06-05_15-20-10.txt,vertical-saccade-like,21693.0,86.772,,,,,16.393886066144834,307.59591313340366,positive
Video,video,1,OpenBCI-RAW-2026-06-05_15-20-10.txt,vertical-saccade-like,21740.0,86.96,,,,,13.874612902368025,341.7041183558787,positive
Video,video,1,OpenBCI-RAW-2026-06-05_15-20-10.txt,vertical-saccade-like,21818.0,87.272,,,,,-6.397331757022713,-115.94831852890331,negative
Video,video,1,OpenBCI-RAW-2026-06-05_15-20-10.txt,vertical-saccade-like,25825.0,103.3,,,,,9.477920121850763,211.7129146580333,positive
Video,video,1,OpenBCI-RAW-2026-06-05_15-20-10.txt,vertical-saccade-like,27495.0,109.98,,,,,-8.476169453225875,-170.2020029110085,negative
Video,video,1,OpenBCI-RAW-2026-06-05_15-20-10.txt,vertical-saccade-like,29112.0,116.448,,,,,9.36472280756249,141.70917979936198,positive
Video,video,1,OpenBCI-RAW-2026-06-05_15-20-10.txt,vertical-saccade-like,31845.0,127.38,,,,,6.720620712531637,132.089823945119,positive
Video,video,1,OpenBCI-RAW-2026-06-05_15-20-10.txt,vertical-saccade-like,35909.0,143.636,,,,,6.751633219106415,125.30591220102406,positive
Video,video,1,OpenBCI-RAW-2026-06-05_15-20-10.txt,vertical-saccade-like,37370.0,149.48,,,,,6.502956840954283,121.19095201432803,positive
Video,video,1,OpenBCI-RAW-2026-06-05_15-20-10.txt,vertical-saccade-like,38648.0,154.592,,,,,6.821185957016209,113.48836873625623,positive
Video,video,1,OpenBCI-RAW-2026-06-05_15-20-10.txt,vertical-saccade-like,38716.0,154.864,,,,,12.2599016946285,245.69074543085242,positive
Video,video,1,OpenBCI-RAW-2026-06-05_15-20-10.txt,vertical-saccade-like,39388.0,157.552,,,,,13.827038346343798,241.29876968066552,positive
Video,video,1,OpenBCI-RAW-2026-06-05_15-20-10.txt,vertical-saccade-like,39423.0,157.692,,,,,-7.120562275653129,-134.2799200312923,negative
Video,video,1,OpenBCI-RAW-2026-06-05_15-20-10.txt,vertical-saccade-like,39514.0,158.056,,,,,11.423147586990888,202.37167349850316,positive
Video,video,1,OpenBCI-RAW-2026-06-05_15-20-10.txt,vertical-saccade-like,39571.0,158.284,,,,,-9.879525859907929,-194.3164536303795,negative
Video,video,1,OpenBCI-RAW-2026-06-05_15-20-10.txt,vertical-saccade-like,39723.0,158.892,,,,,-9.156816178067565,-163.16526439363741,negative
Video,video,1,OpenBCI-RAW-2026-06-05_15-20-10.txt,vertical-saccade-like,42458.0,169.832,,,,,10.06681471968694,207.94132912149544,positive
Video,video,1,OpenBCI-RAW-2026-06-05_15-20-10.txt,vertical-saccade-like,42666.0,170.664,,,,,-14.595323776508163,-266.37015627402593,negative
Video,video,1,OpenBCI-RAW-2026-06-05_15-20-10.txt,vertical-saccade-like,42945.0,171.78,,,,,10.846537924226563,190.61745236623773,positive
Video,video,1,OpenBCI-RAW-2026-06-05_15-20-10.txt,vertical-saccade-like,42993.0,171.972,,,,,-14.907046872737736,-273.6205669499061,negative
Video,video,1,OpenBCI-RAW-2026-06-05_15-20-10.txt,vertical-saccade-like,43595.0,174.38,,,,,9.789188243452466,164.50237404438437,positive
Video,video,1,OpenBCI-RAW-2026-06-05_15-20-10.txt,vertical-saccade-like,43635.0,174.54,,,,,-11.867091937642092,-213.5723826925822,negative
Video,video,1,OpenBCI-RAW-2026-06-05_15-20-10.txt,vertical-saccade-like,43772.0,175.088,,,,,11.723299458756065,205.5493227600165,positive
Video,video,1,OpenBCI-RAW-2026-06-05_15-20-10.txt,vertical-saccade-like,44330.0,177.32,,,,,-20.635296881787617,-403.5196720957797,negative
Video,video,1,OpenBCI-RAW-2026-06-05_15-20-10.txt,vertical-saccade-like,45008.0,180.032,,,,,8.612877247312344,235.87409032538474,positive
Video,video,1,OpenBCI-RAW-2026-06-05_15-20-10.txt,vertical-saccade-like,45410.0,181.64,,,,,7.326269911618975,127.3542130508426,positive
Video,video,1,OpenBCI-RAW-2026-06-05_15-20-10.txt,vertical-saccade-like,45851.0,183.404,,,,,-10.243602715938719,-203.72482261801264,negative
Video,video,1,OpenBCI-RAW-2026-06-05_15-20-10.txt,vertical-saccade-like,48031.0,192.124,,,,,-13.082810589025197,-235.93379241222357,negative
Video,video,1,OpenBCI-RAW-2026-06-05_15-20-10.txt,vertical-saccade-like,48697.0,194.788,,,,,-6.889893451781597,-166.25406790472897,negative
Video,video,1,OpenBCI-RAW-2026-06-05_15-20-10.txt,vertical-saccade-like,49167.0,196.668,,,,,8.786717386575837,187.73908206149736,positive
Video,video,1,OpenBCI-RAW-2026-06-05_15-20-10.txt,vertical-saccade-like,49284.0,197.136,,,,,13.143462834527359,235.10222787806657,positive
Video,video,1,OpenBCI-RAW-2026-06-05_15-20-10.txt,vertical-saccade-like,50367.0,201.468,,,,,12.858069869983193,274.05379442483314,positive
Video,video,1,OpenBCI-RAW-2026-06-05_15-20-10.txt,vertical-saccade-like,50708.0,202.832,,,,,-12.520116870184154,-242.90651000863483,negative
Video,video,1,OpenBCI-RAW-2026-06-05_15-20-10.txt,vertical-saccade-like,51477.0,205.908,,,,,8.398355786399076,154.26407189529812,positive
Video,video,1,OpenBCI-RAW-2026-06-05_15-20-10.txt,vertical-saccade-like,51540.0,206.16,,,,,7.2277481801436,132.38955358429195,positive
Video,video,1,OpenBCI-RAW-2026-06-05_15-20-10.txt,vertical-saccade-like,51647.0,206.588,,,,,-12.953819069838229,-234.3798701476574,negative
Video,video,1,OpenBCI-RAW-2026-06-05_15-20-10.txt,vertical-saccade-like,51979.0,207.916,,,,,10.203763816714508,198.55193507185922,positive
Video,video,1,OpenBCI-RAW-2026-06-05_15-20-10.txt,vertical-saccade-like,52088.0,208.352,,,,,6.589015601449696,117.95644644965198,positive
Video,video,1,OpenBCI-RAW-2026-06-05_15-20-10.txt,vertical-saccade-like,52452.0,209.808,,,,,-10.548169688016106,-185.0693932580701,negative
Video,video,1,OpenBCI-RAW-2026-06-05_15-20-10.txt,vertical-saccade-like,52615.0,210.46,,,,,-11.689525919330515,-214.01432038092878,negative
Video,video,1,OpenBCI-RAW-2026-06-05_15-20-10.txt,vertical-saccade-like,53527.0,214.108,,,,,-6.523663886036279,-110.6496855626318,negative
Video,video,1,OpenBCI-RAW-2026-06-05_15-20-10.txt,vertical-saccade-like,53599.0,214.396,,,,,6.4821564404530205,118.5731042823854,positive
Video,video,1,OpenBCI-RAW-2026-06-05_15-20-10.txt,vertical-saccade-like,53694.0,214.776,,,,,-7.237375470626255,-129.95352760957434,negative
Video,video,1,OpenBCI-RAW-2026-06-05_15-20-10.txt,vertical-saccade-like,55094.0,220.376,,,,,-13.573928272153145,-237.25875060994417,negative
Video,video,1,OpenBCI-RAW-2026-06-05_15-20-10.txt,vertical-saccade-like,55897.0,223.588,,,,,7.297069968823219,137.94803965310467,positive
Video,video,1,OpenBCI-RAW-2026-06-05_15-20-10.txt,vertical-saccade-like,56719.0,226.876,,,,,7.697485300944687,191.91204421882392,positive
Video,video,1,OpenBCI-RAW-2026-06-05_15-20-10.txt,vertical-saccade-like,57868.0,231.472,,,,,10.04904760463141,212.37266937578767,positive
Video,video,1,OpenBCI-RAW-2026-06-05_15-20-10.txt,vertical-saccade-like,57967.0,231.868,,,,,-7.998828903395916,-146.3895180236336,negative
Video,video,1,OpenBCI-RAW-2026-06-05_15-20-10.txt,vertical-saccade-like,58607.0,234.428,,,,,-12.496446446326514,-279.25707623618234,negative
Video,video,1,OpenBCI-RAW-2026-06-05_15-20-10.txt,vertical-saccade-like,58703.0,234.812,,,,,6.624601149024047,101.98797901215599,positive
Video,video,1,OpenBCI-RAW-2026-06-05_15-20-10.txt,vertical-saccade-like,59610.0,238.44,,,,,11.306487532953572,200.6306347248995,positive
Video,video,1,OpenBCI-RAW-2026-06-05_15-20-10.txt,vertical-saccade-like,60417.0,241.668,,,,,-7.9500414589589266,-173.10529372836913,negative
Video,video,1,OpenBCI-RAW-2026-06-05_15-20-10.txt,vertical-saccade-like,60486.0,241.944,,,,,-8.074795243928929,-180.2058787490613,negative
Video,video,1,OpenBCI-RAW-2026-06-05_15-20-10.txt,vertical-saccade-like,62248.0,248.992,,,,,-7.350159008700952,-156.78453614828837,negative
Video,video,1,OpenBCI-RAW-2026-06-05_15-20-10.txt,vertical-saccade-like,63543.0,254.172,,,,,9.65948120858728,207.9511670959634,positive
Video,video,1,OpenBCI-RAW-2026-06-05_15-20-10.txt,vertical-saccade-like,63613.0,254.452,,,,,-11.24215048802726,-218.76610942200517,negative
Video,video,1,OpenBCI-RAW-2026-06-05_15-20-10.txt,vertical-saccade-like,63694.0,254.776,,,,,-7.287152502543856,-120.40656284978779,negative
Video,video,1,OpenBCI-RAW-2026-06-05_15-20-10.txt,vertical-saccade-like,63993.0,255.972,,,,,11.45487709947292,208.98766047573952,positive
Video,video,1,OpenBCI-RAW-2026-06-05_15-20-10.txt,vertical-saccade-like,64080.0,256.32,,,,,-12.728486568773748,-251.0532990934243,negative
Video,video,1,OpenBCI-RAW-2026-06-05_15-20-10.txt,vertical-saccade-like,64211.0,256.844,,,,,6.615717834081815,122.44554648216507,positive
Video,video,1,OpenBCI-RAW-2026-06-05_15-20-10.txt,vertical-saccade-like,64347.0,257.388,,,,,-13.83909933841227,-251.41484761463812,negative
Video,video,1,OpenBCI-RAW-2026-06-05_15-20-10.txt,vertical-saccade-like,64553.0,258.212,,,,,12.334904537342442,243.3034215330179,positive
Video,video,1,OpenBCI-RAW-2026-06-05_15-20-10.txt,vertical-saccade-like,64673.0,258.692,,,,,-11.750737338020528,-215.5768690520035,negative
Video,video,1,OpenBCI-RAW-2026-06-05_15-20-10.txt,vertical-saccade-like,65027.0,260.108,,,,,6.410991275227709,127.8375797090856,positive
Video,video,1,OpenBCI-RAW-2026-06-05_15-20-10.txt,vertical-saccade-like,65624.0,262.496,,,,,6.539790119401545,122.60477732708034,positive
Video,video,1,OpenBCI-RAW-2026-06-05_15-20-10.txt,vertical-saccade-like,65666.0,262.664,,,,,-7.254630034693244,-128.29854984127337,negative
Video,video,1,OpenBCI-RAW-2026-06-05_15-20-10.txt,vertical-saccade-like,66772.0,267.088,,,,,13.674090527231694,286.3297351417567,positive
Video,video,1,OpenBCI-RAW-2026-06-05_15-20-10.txt,vertical-saccade-like,70490.0,281.96,,,,,17.62991367209345,410.4290201090628,positive
Video,video,1,OpenBCI-RAW-2026-06-05_15-20-10.txt,vertical-saccade-like,70925.0,283.7,,,,,10.536004050409323,199.316010735539,positive
Video,video,1,OpenBCI-RAW-2026-06-05_15-20-10.txt,vertical-saccade-like,71437.0,285.748,,,,,7.450133579909212,136.63377145583794,positive
Video,video,1,OpenBCI-RAW-2026-06-05_15-20-10.txt,vertical-saccade-like,72120.0,288.48,,,,,-8.966766186868869,-158.94516543649917,negative
Video,video,1,OpenBCI-RAW-2026-06-05_15-20-10.txt,vertical-saccade-like,73239.0,292.956,,,,,8.333189926335454,147.58246379095388,positive
Video,video,1,OpenBCI-RAW-2026-06-05_15-20-10.txt,vertical-saccade-like,73330.0,293.32,,,,,-14.876403523837892,-261.53628588713593,negative
Video,video,1,OpenBCI-RAW-2026-06-05_15-20-10.txt,vertical-saccade-like,73707.0,294.828,,,,,-13.606828510987931,-275.02012170302794,negative
Video,video,1,OpenBCI-RAW-2026-06-05_15-20-10.txt,vertical-saccade-like,74103.0,296.412,,,,,-10.664672787512167,-263.52667454331987,negative
Video,video,1,OpenBCI-RAW-2026-06-05_15-20-10.txt,vertical-saccade-like,74742.0,298.968,,,,,-12.775150015287728,-235.3330033187665,negative
Video,video,1,OpenBCI-RAW-2026-06-05_15-20-10.txt,vertical-saccade-like,75282.0,301.128,,,,,-11.596411591106126,-202.9835730081556,negative
Video,video,1,OpenBCI-RAW-2026-06-05_15-20-10.txt,vertical-saccade-like,75589.0,302.356,,,,,9.100397543245357,257.46834156994055,positive
Video,video,1,OpenBCI-RAW-2026-06-05_15-20-10.txt,vertical-saccade-like,75623.0,302.492,,,,,-17.651233581975305,-425.1059258680784,negative
Video,video,1,OpenBCI-RAW-2026-06-05_15-20-10.txt,vertical-saccade-like,76320.0,305.28,,,,,-13.609576272272445,-255.9601818655539,negative
Video,video,1,OpenBCI-RAW-2026-06-05_15-20-10.txt,vertical-saccade-like,76575.0,306.3,,,,,22.79294896141474,453.3268722505933,positive
Video,video,1,OpenBCI-RAW-2026-06-05_15-20-10.txt,vertical-saccade-like,76603.0,306.412,,,,,17.72956356015294,452.19144227613975,positive
Video,video,1,OpenBCI-RAW-2026-06-05_15-20-10.txt,vertical-saccade-like,76651.0,306.604,,,,,-30.72380169440767,-816.8115601107263,negative
Video,video,1,OpenBCI-RAW-2026-06-05_15-20-10.txt,vertical-saccade-like,77294.0,309.176,,,,,13.268906779940068,290.87077259358074,positive
Video,video,1,OpenBCI-RAW-2026-06-05_15-20-10.txt,vertical-saccade-like,77859.0,311.436,,,,,11.201805051678654,203.06385916999324,positive
Video,video,1,OpenBCI-RAW-2026-06-05_15-20-10.txt,vertical-saccade-like,78081.0,312.324,,,,,6.337909574879505,102.45793371089545,positive
Video,video,1,OpenBCI-RAW-2026-06-05_15-20-10.txt,vertical-saccade-like,78172.0,312.688,,,,,-11.335240235487491,-209.15655874771227,negative
Video,video,1,OpenBCI-RAW-2026-06-05_15-20-10.txt,vertical-saccade-like,78312.0,313.248,,,,,13.766065690441987,308.1782587642386,positive
Video,video,1,OpenBCI-RAW-2026-06-05_15-20-10.txt,vertical-saccade-like,78370.0,313.48,,,,,13.134967610030158,300.7692080393758,positive
Video,video,1,OpenBCI-RAW-2026-06-05_15-20-10.txt,vertical-saccade-like,78775.0,315.1,,,,,11.900285798258192,199.2261609456435,positive
Video,video,1,OpenBCI-RAW-2026-06-05_15-20-10.txt,vertical-saccade-like,78818.0,315.272,,,,,-9.00100565209458,-206.54938852315323,negative
Video,video,1,OpenBCI-RAW-2026-06-05_15-20-10.txt,vertical-saccade-like,80416.0,321.664,,,,,-11.374980042357048,-248.34104772029454,negative
Video,video,1,OpenBCI-RAW-2026-06-05_15-20-10.txt,vertical-saccade-like,80711.0,322.844,,,,,17.21209138066956,373.9841732727135,positive
Video,video,1,OpenBCI-RAW-2026-06-05_15-20-10.txt,vertical-saccade-like,81683.0,326.732,,,,,-9.321971728362014,-207.690688830855,negative
Video,video,1,OpenBCI-RAW-2026-06-05_15-20-10.txt,vertical-saccade-like,81912.0,327.648,,,,,7.759736517103388,140.7779624659911,positive
Video,video,1,OpenBCI-RAW-2026-06-05_15-20-10.txt,vertical-saccade-like,82328.0,329.312,,,,,-19.648145379164358,-372.0384905102695,negative
Video,video,1,OpenBCI-RAW-2026-06-05_15-20-10.txt,vertical-saccade-like,82744.0,330.976,,,,,-11.834559862079637,-207.67847735736464,negative
Video,video,1,OpenBCI-RAW-2026-06-05_15-20-10.txt,vertical-saccade-like,82889.0,331.556,,,,,9.398241823501245,182.11582926971136,positive
Video,video,1,OpenBCI-RAW-2026-06-05_15-20-10.txt,vertical-saccade-like,83129.0,332.516,,,,,8.94251481416393,138.1678568589332,positive
Video,video,1,OpenBCI-RAW-2026-06-05_15-20-10.txt,vertical-saccade-like,83268.0,333.072,,,,,8.620849439839166,166.27773778872233,positive
Video,video,1,OpenBCI-RAW-2026-06-05_15-20-10.txt,vertical-saccade-like,84503.0,338.012,,,,,-11.937007400507678,-258.03447574956033,negative
Video,video,1,OpenBCI-RAW-2026-06-05_15-20-10.txt,vertical-saccade-like,87106.0,348.424,,,,,7.715565011153518,144.65398715017488,positive
Video,video,1,OpenBCI-RAW-2026-06-05_15-20-10.txt,vertical-saccade-like,87497.0,349.988,,,,,9.049731558581108,151.26780621702144,positive
Video,video,1,OpenBCI-RAW-2026-06-05_15-20-10.txt,vertical-saccade-like,87593.0,350.372,,,,,-13.286226765330023,-237.71869171538123,negative
Video,video,1,OpenBCI-RAW-2026-06-05_15-20-10.txt,vertical-saccade-like,89140.0,356.56,,,,,12.254138143443514,311.27184626701853,positive
Video,video,1,OpenBCI-RAW-2026-06-05_15-20-10.txt,vertical-saccade-like,89298.0,357.192,,,,,-12.92440613338743,-237.39396067058817,negative
Video,video,1,OpenBCI-RAW-2026-06-05_15-20-10.txt,vertical-saccade-like,89385.0,357.54,,,,,7.356999852198994,166.60858415207338,positive
Video,video,1,OpenBCI-RAW-2026-06-05_15-20-10.txt,vertical-saccade-like,89476.0,357.904,,,,,6.186926941060862,132.47875679702133,positive
Video,video,1,OpenBCI-RAW-2026-06-05_15-20-10.txt,vertical-saccade-like,89704.0,358.816,,,,,10.439719676573791,254.47002974710097,positive
Video,video,1,OpenBCI-RAW-2026-06-05_15-20-10.txt,vertical-saccade-like,89924.0,359.696,,,,,-7.3300795904544644,-133.1301564851982,negative
Video,video,1,OpenBCI-RAW-2026-06-05_15-20-10.txt,vertical-saccade-like,90398.0,361.592,,,,,-8.223135492322953,-148.94535177540948,negative
Video,video,1,OpenBCI-RAW-2026-06-05_15-20-10.txt,vertical-saccade-like,91000.0,364.0,,,,,-10.312388228486371,-206.17396514849708,negative
Video,video,1,OpenBCI-RAW-2026-06-05_15-20-10.txt,vertical-saccade-like,91059.0,364.236,,,,,-8.297624088474718,-149.3062988808836,negative
Video,video,1,OpenBCI-RAW-2026-06-05_15-20-10.txt,vertical-saccade-like,91101.0,364.404,,,,,-7.422253850489714,-104.17510457984126,negative
Video,video,1,OpenBCI-RAW-2026-06-05_15-20-10.txt,vertical-saccade-like,91140.0,364.56,,,,,11.078683960579388,193.57978819988705,positive
Video,video,1,OpenBCI-RAW-2026-06-05_15-20-10.txt,vertical-saccade-like,91272.0,365.088,,,,,-10.656083425083583,-196.41471815788321,negative
Video,video,1,OpenBCI-RAW-2026-06-05_15-20-10.txt,vertical-saccade-like,91486.0,365.944,,,,,-14.005568670708914,-241.4795652911555,negative
Video,video,1,OpenBCI-RAW-2026-06-05_15-20-10.txt,vertical-saccade-like,91757.0,367.028,,,,,8.946229132795667,152.41315070751932,positive
Video,video,1,OpenBCI-RAW-2026-06-05_15-20-10.txt,vertical-saccade-like,91784.0,367.136,,,,,-6.520536655577232,-154.81890670372945,negative
Video,video,1,OpenBCI-RAW-2026-06-05_15-20-10.txt,vertical-saccade-like,91940.0,367.76,,,,,6.582275739827207,145.13135345364861,positive
Video,video,1,OpenBCI-RAW-2026-06-05_15-20-10.txt,vertical-saccade-like,92012.0,368.048,,,,,-19.92937672489675,-401.1495479274341,negative
Video,video,1,OpenBCI-RAW-2026-06-05_15-20-10.txt,vertical-saccade-like,92675.0,370.7,,,,,10.852089469549504,210.4401632764154,positive
Video,video,1,OpenBCI-RAW-2026-06-05_15-20-10.txt,vertical-saccade-like,92728.0,370.912,,,,,-18.796951720747565,-380.17409771696737,negative
Video,video,1,OpenBCI-RAW-2026-06-05_15-20-10.txt,vertical-saccade-like,93246.0,372.984,,,,,-6.651390089158909,-119.81519419078512,negative
Video,video,1,OpenBCI-RAW-2026-06-05_15-20-10.txt,vertical-saccade-like,93585.0,374.34,,,,,8.246405550672504,190.9874050280794,positive
Video,video,1,OpenBCI-RAW-2026-06-05_15-20-10.txt,vertical-saccade-like,93748.0,374.992,,,,,7.722665841064811,183.57557493058178,positive
Video,video,1,OpenBCI-RAW-2026-06-05_15-20-10.txt,vertical-saccade-like,94374.0,377.496,,,,,-8.509170072493625,-154.2694749415775,negative
Video,video,1,OpenBCI-RAW-2026-06-05_15-20-10.txt,vertical-saccade-like,94483.0,377.932,,,,,9.822762987486914,197.3590214496072,positive
Video,video,1,OpenBCI-RAW-2026-06-05_15-20-10.txt,vertical-saccade-like,94647.0,378.588,,,,,-18.700044895716925,-339.56018134307584,negative
Video,video,1,OpenBCI-RAW-2026-06-05_15-20-10.txt,vertical-saccade-like,95389.0,381.556,,,,,-6.091419928989729,-134.173186006044,negative
Video,video,1,OpenBCI-RAW-2026-06-05_15-20-10.txt,vertical-saccade-like,98277.0,393.108,,,,,-11.17571244405355,-233.71322545402018,negative
Video,video,1,OpenBCI-RAW-2026-06-05_15-20-10.txt,vertical-saccade-like,98794.0,395.176,,,,,-9.972285975583254,-172.88103073240654,negative
Video,video,1,OpenBCI-RAW-2026-06-05_15-20-10.txt,vertical-saccade-like,98830.0,395.32,,,,,16.102521374993916,365.68588045290903,positive
Video,video,1,OpenBCI-RAW-2026-06-05_15-20-10.txt,vertical-saccade-like,98929.0,395.716,,,,,-16.358853996610513,-309.7292379674134,negative
Video,video,1,OpenBCI-RAW-2026-06-05_15-20-10.txt,vertical-saccade-like,99442.0,397.768,,,,,9.292928258608148,158.7733108839683,positive
Video,video,1,OpenBCI-RAW-2026-06-05_15-20-10.txt,vertical-saccade-like,100002.0,400.008,,,,,-14.031304447835575,-280.3222549349023,negative
Video,video,1,OpenBCI-RAW-2026-06-05_15-20-10.txt,vertical-saccade-like,100381.0,401.524,,,,,-10.311751146843418,-210.09513648275328,negative
Video,video,1,OpenBCI-RAW-2026-06-05_15-20-10.txt,vertical-saccade-like,100620.0,402.48,,,,,10.257916381536667,180.1905626443778,positive
Video,video,1,OpenBCI-RAW-2026-06-05_15-20-10.txt,vertical-saccade-like,100691.0,402.764,,,,,-17.615561745647465,-328.3551217600077,negative
Video,video,1,OpenBCI-RAW-2026-06-05_15-20-10.txt,vertical-saccade-like,100827.0,403.308,,,,,6.232361336795131,109.4780558930805,positive
Video,video,1,OpenBCI-RAW-2026-06-05_15-20-10.txt,vertical-saccade-like,100868.0,403.472,,,,,-6.701500218659483,-118.5840878355449,negative
Video,video,1,OpenBCI-RAW-2026-06-05_15-20-10.txt,vertical-saccade-like,101110.0,404.44,,,,,6.840944537423001,120.36337305065047,positive
Video,video,1,OpenBCI-RAW-2026-06-05_15-20-10.txt,vertical-saccade-like,101536.0,406.144,,,,,-7.633392034732887,-148.56543917298106,negative
Video,video,1,OpenBCI-RAW-2026-06-05_15-20-10.txt,vertical-saccade-like,102174.0,408.696,,,,,7.172276722853003,124.36119853920098,positive
Video,video,1,OpenBCI-RAW-2026-06-05_15-20-10.txt,vertical-saccade-like,103393.0,413.572,,,,,15.937595953556253,298.30834089853096,positive
Video,video,1,OpenBCI-RAW-2026-06-05_15-20-10.txt,vertical-saccade-like,103466.0,413.864,,,,,-8.248868227986629,-148.71809664358892,negative
Video,video,1,OpenBCI-RAW-2026-06-05_15-20-10.txt,vertical-saccade-like,103576.0,414.304,,,,,-6.8306560742120945,-124.7014802558644,negative
Video,video,1,OpenBCI-RAW-2026-06-05_15-20-10.txt,vertical-saccade-like,103724.0,414.896,,,,,-12.908409918007859,-306.4533305049897,negative
Video,video,1,OpenBCI-RAW-2026-06-05_15-20-10.txt,vertical-saccade-like,103775.0,415.1,,,,,-13.990333214679342,-224.42124749917866,negative
Video,video,1,OpenBCI-RAW-2026-06-05_15-20-10.txt,vertical-saccade-like,103837.0,415.348,,,,,12.013776386016124,258.8641974600955,positive
Video,video,1,OpenBCI-RAW-2026-06-05_15-20-10.txt,vertical-saccade-like,103893.0,415.572,,,,,-7.369598762569241,-160.89066256472964,negative
Video,video,1,OpenBCI-RAW-2026-06-05_15-20-10.txt,vertical-saccade-like,105135.0,420.54,,,,,-12.612044932451473,-237.13150880331932,negative
Video,video,1,OpenBCI-RAW-2026-06-05_15-20-10.txt,vertical-saccade-like,105927.0,423.708,,,,,9.40997679443074,165.2296533580594,positive
Video,video,1,OpenBCI-RAW-2026-06-05_15-20-10.txt,vertical-saccade-like,106051.0,424.204,,,,,-7.329467537107132,-133.373114494004,negative
Video,video,1,OpenBCI-RAW-2026-06-05_15-20-10.txt,vertical-saccade-like,108169.0,432.676,,,,,-30.051226130635225,-635.1427097908083,negative
Video,video,1,OpenBCI-RAW-2026-06-05_15-20-10.txt,vertical-saccade-like,110085.0,440.34,,,,,-13.087983464102587,-234.50124653513373,negative
Video,video,1,OpenBCI-RAW-2026-06-05_15-20-10.txt,vertical-saccade-like,110426.0,441.704,,,,,6.687832711378149,128.8628309392755,positive
Video,video,1,OpenBCI-RAW-2026-06-05_15-20-10.txt,vertical-saccade-like,110981.0,443.924,,,,,-13.529587503194277,-255.43049955407093,negative
Video,video,1,OpenBCI-RAW-2026-06-05_15-20-10.txt,vertical-saccade-like,111090.0,444.36,,,,,7.402419815729392,130.09648975900882,positive
Video,video,1,OpenBCI-RAW-2026-06-05_15-20-10.txt,vertical-saccade-like,111145.0,444.58,,,,,-14.840941032789049,-267.78891858204395,negative
Video,video,1,OpenBCI-RAW-2026-06-05_15-20-10.txt,vertical-saccade-like,111401.0,445.604,,,,,8.352096512806336,190.3304645132462,positive
Video,video,1,OpenBCI-RAW-2026-06-05_15-20-10.txt,vertical-saccade-like,111683.0,446.732,,,,,9.897940159504435,165.41166335857264,positive
Video,video,1,OpenBCI-RAW-2026-06-05_15-20-10.txt,vertical-saccade-like,111772.0,447.088,,,,,-11.022277332852678,-226.9650928979793,negative
Video,video,1,OpenBCI-RAW-2026-06-05_15-20-10.txt,vertical-saccade-like,112619.0,450.476,,,,,6.399600854396469,109.77106596866265,positive
Video,video,1,OpenBCI-RAW-2026-06-05_15-20-10.txt,vertical-saccade-like,113121.0,452.484,,,,,-9.342527584475631,-164.79972887472096,negative
Video,video,1,OpenBCI-RAW-2026-06-05_15-20-10.txt,vertical-saccade-like,113323.0,453.292,,,,,-8.014870481590462,-160.0858651318518,negative
Video,video,1,OpenBCI-RAW-2026-06-05_15-20-10.txt,vertical-saccade-like,114111.0,456.444,,,,,9.588794182593425,188.86528890887269,positive
Video,video,1,OpenBCI-RAW-2026-06-05_15-20-10.txt,vertical-saccade-like,114160.0,456.64,,,,,-16.56861941353382,-291.1736302033502,negative
Video,video,1,OpenBCI-RAW-2026-06-05_15-20-10.txt,vertical-saccade-like,114631.0,458.524,,,,,-9.221038135111652,-153.8668122627169,negative
Video,video,1,OpenBCI-RAW-2026-06-05_15-20-10.txt,vertical-saccade-like,114680.0,458.72,,,,,7.542072410344865,146.83084813372915,positive
Video,video,1,OpenBCI-RAW-2026-06-05_15-20-10.txt,vertical-saccade-like,115765.0,463.06,,,,,-8.37666893030692,-130.66916792484378,negative
Video,video,1,OpenBCI-RAW-2026-06-05_15-20-10.txt,vertical-saccade-like,116098.0,464.392,,,,,-8.426146171349282,-161.11670021172102,negative
Video,video,1,OpenBCI-RAW-2026-06-05_15-20-10.txt,vertical-saccade-like,117520.0,470.08,,,,,-21.051391966363667,-424.6772391810932,negative
Video,video,1,OpenBCI-RAW-2026-06-05_15-20-10.txt,vertical-saccade-like,117600.0,470.4,,,,,-28.953211273843497,-552.0327692020469,negative
Video,video,1,OpenBCI-RAW-2026-06-05_15-20-10.txt,vertical-saccade-like,117964.0,471.856,,,,,-7.672471891939711,-160.8638326831705,negative
Video,video,1,OpenBCI-RAW-2026-06-05_15-20-10.txt,vertical-saccade-like,118237.0,472.948,,,,,-7.039151778104115,-137.65514167628766,negative
Video,video,1,OpenBCI-RAW-2026-06-05_15-20-10.txt,vertical-saccade-like,118357.0,473.428,,,,,-12.970068408768604,-259.3760595468831,negative
Video,video,1,OpenBCI-RAW-2026-06-05_15-20-10.txt,vertical-saccade-like,118646.0,474.584,,,,,-7.476950225556565,-131.2548241111345,negative
Video,video,1,OpenBCI-RAW-2026-06-05_15-20-10.txt,vertical-saccade-like,119446.0,477.784,,,,,-10.08729300213018,-187.08907810031963,negative
Video,video,1,OpenBCI-RAW-2026-06-05_15-20-10.txt,vertical-saccade-like,121500.0,486.0,,,,,6.917937592632854,144.26305039038746,positive
Video,video,1,OpenBCI-RAW-2026-06-05_15-20-10.txt,vertical-saccade-like,121805.0,487.22,,,,,-16.143431747626526,-335.6351147271486,negative
Video,video,1,OpenBCI-RAW-2026-06-05_15-20-10.txt,vertical-saccade-like,121929.0,487.716,,,,,9.866136821072663,160.4675546072473,positive
Video,video,1,OpenBCI-RAW-2026-06-05_15-20-10.txt,vertical-saccade-like,122090.0,488.36,,,,,-16.16713022373267,-300.79187823997717,negative
Video,video,1,OpenBCI-RAW-2026-06-05_15-20-10.txt,vertical-saccade-like,122341.0,489.364,,,,,-12.283984559527386,-249.11565042681724,negative
Video,video,1,OpenBCI-RAW-2026-06-05_15-20-10.txt,vertical-saccade-like,122826.0,491.304,,,,,10.157585240611436,204.13133659888095,positive
Video,video,1,OpenBCI-RAW-2026-06-05_15-20-10.txt,vertical-saccade-like,122881.0,491.524,,,,,-8.340487919465653,-137.7250592072103,negative
Video,video,1,OpenBCI-RAW-2026-06-05_15-20-10.txt,vertical-saccade-like,123171.0,492.684,,,,,13.813362618617468,250.7872271056149,positive
Video,video,1,OpenBCI-RAW-2026-06-05_15-20-10.txt,vertical-saccade-like,123405.0,493.62,,,,,-10.8455915275278,-218.27797919418344,negative
Video,video,1,OpenBCI-RAW-2026-06-05_15-20-10.txt,vertical-saccade-like,123448.0,493.792,,,,,13.341554874113196,268.4252876137244,positive
Video,video,1,OpenBCI-RAW-2026-06-05_15-20-10.txt,vertical-saccade-like,123508.0,494.032,,,,,-8.379779291769704,-153.48887710944763,negative
Video,video,1,OpenBCI-RAW-2026-06-05_15-20-10.txt,vertical-saccade-like,123551.0,494.204,,,,,-10.432405695383373,-184.31649545348137,negative
Video,video,1,OpenBCI-RAW-2026-06-05_15-20-10.txt,vertical-saccade-like,123732.0,494.928,,,,,-6.044786022533463,-133.86186727861605,negative
Video,video,1,OpenBCI-RAW-2026-06-05_15-20-10.txt,vertical-saccade-like,124487.0,497.948,,,,,-10.84350936521509,-205.961726457257,negative
Video,video,1,OpenBCI-RAW-2026-06-05_15-20-10.txt,vertical-saccade-like,124599.0,498.396,,,,,9.331117659658126,229.3715842339079,positive
Video,video,1,OpenBCI-RAW-2026-06-05_15-20-10.txt,vertical-saccade-like,125243.0,500.972,,,,,7.316702285682642,133.5994835896467,positive
Video,video,1,OpenBCI-RAW-2026-06-05_15-20-10.txt,vertical-saccade-like,125559.0,502.236,,,,,-9.740873873805135,-227.91182674309584,negative
Video,video,1,OpenBCI-RAW-2026-06-05_15-20-10.txt,vertical-saccade-like,125669.0,502.676,,,,,-10.72679261241947,-196.72601255009172,negative
Video,video,1,OpenBCI-RAW-2026-06-05_15-20-10.txt,vertical-saccade-like,126260.0,505.04,,,,,16.00970804165227,322.7064203099806,positive
Video,video,1,OpenBCI-RAW-2026-06-05_15-20-10.txt,vertical-saccade-like,128482.0,513.928,,,,,-6.546771614619658,-110.16003355615945,negative
Video,video,1,OpenBCI-RAW-2026-06-05_15-20-10.txt,vertical-saccade-like,128744.0,514.976,,,,,-8.100395071881382,-202.2609586743191,negative
Video,video,1,OpenBCI-RAW-2026-06-05_15-20-10.txt,vertical-saccade-like,128771.0,515.084,,,,,8.333762659681781,202.86181878891756,positive
Video,video,1,OpenBCI-RAW-2026-06-05_15-20-10.txt,vertical-saccade-like,131986.0,527.944,,,,,-23.974868420744645,-472.93461008388783,negative
Video,video,1,OpenBCI-RAW-2026-06-05_15-20-10.txt,vertical-saccade-like,132921.0,531.684,,,,,-7.678575110661979,-140.88518858670193,negative
Video,video,1,OpenBCI-RAW-2026-06-05_15-20-10.txt,vertical-saccade-like,134204.0,536.816,,,,,-14.53983305225128,-270.39006222051745,negative
Video,video,1,OpenBCI-RAW-2026-06-05_15-20-10.txt,vertical-saccade-like,134376.0,537.504,,,,,-8.923096498975703,-175.54580225288936,negative
Video,video,1,OpenBCI-RAW-2026-06-05_15-20-10.txt,vertical-saccade-like,134495.0,537.98,,,,,-13.99023304433669,-266.4821076616603,negative
Video,video,1,OpenBCI-RAW-2026-06-05_15-20-10.txt,vertical-saccade-like,134562.0,538.248,,,,,6.002051489298836,102.26191602013957,positive
Video,video,1,OpenBCI-RAW-2026-06-05_15-20-10.txt,vertical-saccade-like,135840.0,543.36,,,,,7.670000102821079,144.8155788919623,positive
Video,video,1,OpenBCI-RAW-2026-06-05_15-20-10.txt,vertical-saccade-like,136000.0,544.0,,,,,7.102026639851279,130.4051599976803,positive
Video,video,1,OpenBCI-RAW-2026-06-05_15-20-10.txt,vertical-saccade-like,138226.0,552.904,,,,,-9.557068133523318,-203.51389831658986,negative
Video,video,1,OpenBCI-RAW-2026-06-05_15-20-10.txt,vertical-saccade-like,138622.0,554.488,,,,,-8.763976719438915,-166.11562408955467,negative
Video,video,1,OpenBCI-RAW-2026-06-05_15-20-10.txt,vertical-saccade-like,138884.0,555.536,,,,,-6.43680269804896,-113.34196450840537,negative
Video,video,1,OpenBCI-RAW-2026-06-05_15-20-10.txt,vertical-saccade-like,140330.0,561.32,,,,,-12.855072902367196,-309.88166750774997,negative
Video,video,1,OpenBCI-RAW-2026-06-05_15-20-10.txt,vertical-saccade-like,140473.0,561.892,,,,,-6.696375550935773,-130.24498007034683,negative
Video,video,1,OpenBCI-RAW-2026-06-05_15-20-10.txt,vertical-saccade-like,140753.0,563.012,,,,,10.188284200528367,198.0106925297415,positive
Video,video,1,OpenBCI-RAW-2026-06-05_15-20-10.txt,vertical-saccade-like,141085.0,564.34,,,,,10.183149502839699,184.96012831399244,positive
Video,video,1,OpenBCI-RAW-2026-06-05_15-20-10.txt,vertical-saccade-like,141237.0,564.948,,,,,-18.15647988607356,-342.70211421591773,negative
Video,video,1,OpenBCI-RAW-2026-06-05_15-20-10.txt,vertical-saccade-like,141382.0,565.528,,,,,-11.827195675245424,-235.11127875379162,negative
Video,video,1,OpenBCI-RAW-2026-06-05_15-20-10.txt,vertical-saccade-like,141706.0,566.824,,,,,-14.834139766713895,-272.6145878772028,negative
Video,video,1,OpenBCI-RAW-2026-06-05_15-20-10.txt,vertical-saccade-like,141799.0,567.196,,,,,8.864617983908849,160.6297562324889,positive
Video,video,1,OpenBCI-RAW-2026-06-05_15-20-10.txt,vertical-saccade-like,141890.0,567.56,,,,,10.04361352072494,221.84048318071544,positive
Video,video,1,OpenBCI-RAW-2026-06-05_15-20-10.txt,vertical-saccade-like,142982.0,571.928,,,,,17.981107730786626,439.5702420997636,positive
Video,video,1,OpenBCI-RAW-2026-06-05_15-20-10.txt,vertical-saccade-like,143341.0,573.364,,,,,18.574901586655884,405.78305904302874,positive
Video,video,1,OpenBCI-RAW-2026-06-05_15-20-10.txt,vertical-saccade-like,143457.0,573.828,,,,,8.588080918577022,158.46521916841496,positive
Video,video,1,OpenBCI-RAW-2026-06-05_15-20-10.txt,vertical-saccade-like,145455.0,581.82,,,,,15.631631236337538,320.15875775736964,positive
Video,video,1,OpenBCI-RAW-2026-06-05_15-20-10.txt,vertical-saccade-like,145749.0,582.996,,,,,-6.011416515023088,-102.90795272390886,negative
Video,video,1,OpenBCI-RAW-2026-06-05_15-20-10.txt,vertical-saccade-like,146613.0,586.452,,,,,7.907110218042255,156.52346452031225,positive
Video,video,1,OpenBCI-RAW-2026-06-05_15-20-10.txt,vertical-saccade-like,146755.0,587.02,,,,,21.738709801011577,434.7280831151359,positive
Video,video,1,OpenBCI-RAW-2026-06-05_15-20-10.txt,vertical-saccade-like,149694.0,598.776,,,,,-6.499772468329581,-107.8170524798499,negative
Video,video,1,OpenBCI-RAW-2026-06-05_15-20-10.txt,vertical-saccade-like,151233.0,604.932,,,,,-13.586000309470311,-271.22414177660437,negative
Video,video,1,OpenBCI-RAW-2026-06-05_15-20-10.txt,vertical-saccade-like,155824.0,623.296,,,,,7.032202608056171,148.17247692301595,positive
Video,video,1,OpenBCI-RAW-2026-06-05_15-20-10.txt,vertical-saccade-like,155854.0,623.416,,,,,-14.075680591041438,-307.08277522799693,negative
Video,video,1,OpenBCI-RAW-2026-06-05_15-20-10.txt,vertical-saccade-like,156012.0,624.048,,,,,10.309880007033575,192.44251176562392,positive
Video,video,1,OpenBCI-RAW-2026-06-05_15-20-10.txt,vertical-saccade-like,156125.0,624.5,,,,,6.288591005233515,174.70340808143473,positive
Video,video,1,OpenBCI-RAW-2026-06-05_15-20-10.txt,vertical-saccade-like,156353.0,625.412,,,,,-6.612205153612283,-113.69204763577171,negative
Video,video,1,OpenBCI-RAW-2026-06-05_15-20-10.txt,vertical-saccade-like,158340.0,633.36,,,,,-6.678144197007986,-156.47853451796232,negative
Video,video,1,OpenBCI-RAW-2026-06-05_15-20-10.txt,vertical-saccade-like,159441.0,637.764,,,,,-17.379133536656013,-308.77465204159535,negative
Video,video,1,OpenBCI-RAW-2026-06-05_15-20-10.txt,vertical-saccade-like,162080.0,648.32,,,,,-18.2869782094891,-463.5803426538225,negative
Video,video,1,OpenBCI-RAW-2026-06-05_15-20-10.txt,vertical-saccade-like,162108.0,648.432,,,,,9.63008421613286,219.17095642681818,positive
Video,video,1,OpenBCI-RAW-2026-06-05_15-20-10.txt,vertical-saccade-like,162345.0,649.38,,,,,-7.276390781140181,-138.43908985153774,negative
Video,video,1,OpenBCI-RAW-2026-06-05_15-20-10.txt,vertical-saccade-like,162402.0,649.608,,,,,8.578718361635142,204.28749605413006,positive
Video,video,1,OpenBCI-RAW-2026-06-05_15-20-10.txt,vertical-saccade-like,162474.0,649.896,,,,,-7.238106696294388,-164.76033712877444,negative
Video,video,1,OpenBCI-RAW-2026-06-05_15-20-10.txt,vertical-saccade-like,162501.0,650.004,,,,,6.349489387076495,157.03200834794646,positive
Video,video,1,OpenBCI-RAW-2026-06-05_15-20-10.txt,vertical-saccade-like,165597.0,662.388,,,,,6.881052406519138,135.44564681894997,positive
Video,video,1,OpenBCI-RAW-2026-06-05_15-20-10.txt,vertical-saccade-like,166357.0,665.428,,,,,6.065472508052371,118.00852907417824,positive
Video,video,1,OpenBCI-RAW-2026-06-05_15-20-10.txt,vertical-saccade-like,167399.0,669.596,,,,,7.333502962369796,144.71623297248652,positive
Video,video,1,OpenBCI-RAW-2026-06-05_15-20-10.txt,vertical-saccade-like,167627.0,670.508,,,,,8.053399458434097,145.14659824920622,positive
Video,video,1,OpenBCI-RAW-2026-06-05_15-20-10.txt,vertical-saccade-like,168692.0,674.768,,,,,11.148174083996064,252.7966717194024,positive
Video,video,1,OpenBCI-RAW-2026-06-05_15-20-10.txt,vertical-saccade-like,169530.0,678.12,,,,,-9.265007360062611,-179.9846398311578,negative
Video,video,1,OpenBCI-RAW-2026-06-05_15-20-10.txt,vertical-saccade-like,171736.0,686.944,,,,,10.232299590858885,225.4385527124159,positive
Video,video,1,OpenBCI-RAW-2026-06-05_15-20-10.txt,vertical-saccade-like,171926.0,687.704,,,,,-6.133888923648511,-131.9271467799528,negative
Video,video,1,OpenBCI-RAW-2026-06-05_15-20-10.txt,vertical-saccade-like,171957.0,687.828,,,,,6.854586247851494,162.87811534330285,positive
Video,video,1,OpenBCI-RAW-2026-06-05_15-20-10.txt,vertical-saccade-like,173522.0,694.088,,,,,-14.981825752216771,-290.80188830750416,negative
Video,video,1,OpenBCI-RAW-2026-06-05_15-20-10.txt,vertical-saccade-like,175534.0,702.136,,,,,8.284915746809846,180.8508779185172,positive
Video,video,1,OpenBCI-RAW-2026-06-05_15-20-10.txt,vertical-saccade-like,177046.0,708.184,,,,,6.111695480853373,114.55799219887304,positive
Video,video,1,OpenBCI-RAW-2026-06-05_15-20-10.txt,vertical-saccade-like,177794.0,711.176,,,,,16.357863697662683,348.30462641554124,positive
Video,video,1,OpenBCI-RAW-2026-06-05_15-20-10.txt,vertical-saccade-like,179030.0,716.12,,,,,16.48835292248922,331.00094680745246,positive
Video,video,1,OpenBCI-RAW-2026-06-05_15-20-10.txt,vertical-saccade-like,184069.0,736.276,,,,,-8.164864979269986,-152.82868587865642,negative
Video,video,1,OpenBCI-RAW-2026-06-05_15-20-10.txt,vertical-saccade-like,185324.0,741.296,,,,,-14.572255880588221,-307.0961384772145,negative
Video,video,1,OpenBCI-RAW-2026-06-05_15-20-10.txt,vertical-saccade-like,185708.0,742.832,,,,,-12.533722239738132,-276.8757750074524,negative
Video,video,1,OpenBCI-RAW-2026-06-05_15-20-10.txt,vertical-saccade-like,185972.0,743.888,,,,,-11.811484199811094,-246.65176688661663,negative
Video,video,1,OpenBCI-RAW-2026-06-05_15-20-10.txt,vertical-saccade-like,186119.0,744.476,,,,,-18.63883919522838,-368.45498518572913,negative
Video,video,1,OpenBCI-RAW-2026-06-05_15-20-10.txt,vertical-saccade-like,186785.0,747.14,,,,,-12.311012863038107,-251.51651353920448,negative
Video,video,1,OpenBCI-RAW-2026-06-05_15-20-10.txt,vertical-saccade-like,188287.0,753.148,,,,,-11.165803003879244,-186.79405330781515,negative
Video,video,1,OpenBCI-RAW-2026-06-05_15-20-10.txt,vertical-saccade-like,188763.0,755.052,,,,,-14.258442920479641,-266.12652069502815,negative
Video,video,1,OpenBCI-RAW-2026-06-05_15-20-10.txt,vertical-saccade-like,192165.0,768.66,,,,,7.2316331018899875,144.71177212924286,positive
Video,video,1,OpenBCI-RAW-2026-06-05_15-20-10.txt,vertical-saccade-like,192906.0,771.624,,,,,8.55829910170719,169.39164264979559,positive
Video,video,1,OpenBCI-RAW-2026-06-05_15-20-10.txt,vertical-saccade-like,192987.0,771.948,,,,,-10.024171147583818,-187.85893265212277,negative
Video,video,1,OpenBCI-RAW-2026-06-05_15-20-10.txt,vertical-saccade-like,193132.0,772.528,,,,,-14.341784703832467,-285.07196207629084,negative
Video,video,1,OpenBCI-RAW-2026-06-05_15-20-10.txt,vertical-saccade-like,193209.0,772.836,,,,,-12.555890716537334,-258.77882042523885,negative
Video,video,1,OpenBCI-RAW-2026-06-05_15-20-10.txt,vertical-saccade-like,196339.0,785.356,,,,,-15.99478574717931,-355.03286610337943,negative
Video,video,1,OpenBCI-RAW-2026-06-05_15-20-10.txt,vertical-saccade-like,197329.0,789.316,,,,,-8.532705563395732,-206.7411269374767,negative
Video,video,1,OpenBCI-RAW-2026-06-05_15-20-10.txt,vertical-saccade-like,198061.0,792.244,,,,,-12.65823162684615,-254.57162556715718,negative
Video,video,1,OpenBCI-RAW-2026-06-05_15-20-10.txt,vertical-saccade-like,198741.0,794.964,,,,,-12.758069753064689,-248.98770449223778,negative
Video,video,1,OpenBCI-RAW-2026-06-05_15-20-10.txt,vertical-saccade-like,199889.0,799.556,,,,,-6.6163491336492095,-109.02196227564495,negative
Video,video,1,OpenBCI-RAW-2026-06-05_15-20-10.txt,vertical-saccade-like,202665.0,810.66,,,,,-11.310176352213757,-245.0262132105852,negative
Video,video,1,OpenBCI-RAW-2026-06-05_15-20-10.txt,vertical-saccade-like,204460.0,817.84,,,,,-11.974621726654824,-222.83322612484824,negative
Video,video,1,OpenBCI-RAW-2026-06-05_15-20-10.txt,vertical-saccade-like,208350.0,833.4,,,,,-15.81898802080637,-373.2152234828835,negative
Video,video,1,OpenBCI-RAW-2026-06-05_15-20-10.txt,vertical-saccade-like,208985.0,835.94,,,,,-12.374283339099627,-239.50938076283126,negative
Video,video,1,OpenBCI-RAW-2026-06-05_15-20-10.txt,vertical-saccade-like,209557.0,838.228,,,,,-16.061269124707614,-299.1093637628946,negative
Video,video,1,OpenBCI-RAW-2026-06-05_15-20-10.txt,vertical-saccade-like,211131.0,844.524,,,,,18.00458631544325,434.46714928348683,positive
Video,video,1,OpenBCI-RAW-2026-06-05_15-20-10.txt,vertical-saccade-like,212739.0,850.956,,,,,-8.015818125174322,-159.04876682142555,negative
Video,video,1,OpenBCI-RAW-2026-06-05_15-20-10.txt,vertical-saccade-like,213494.0,853.976,,,,,11.57991811453109,267.1095456259395,positive
Video,video,1,OpenBCI-RAW-2026-06-05_15-20-10.txt,vertical-saccade-like,213811.0,855.244,,,,,-9.147109458535706,-173.73630571016565,negative
Video,video,1,OpenBCI-RAW-2026-06-05_15-20-10.txt,vertical-saccade-like,214548.0,858.192,,,,,7.620926641836272,171.46264287964829,positive
Video,video,1,OpenBCI-RAW-2026-06-05_15-20-10.txt,vertical-saccade-like,214622.0,858.488,,,,,6.9690958298450125,118.85816558549536,positive
Video,video,1,OpenBCI-RAW-2026-06-05_15-20-10.txt,vertical-saccade-like,215379.0,861.516,,,,,-18.62093344700485,-374.6705979657218,negative
Video,video,1,OpenBCI-RAW-2026-06-05_15-20-10.txt,vertical-saccade-like,215638.0,862.552,,,,,-16.74554163877417,-311.7736691204637,negative
Video,video,1,OpenBCI-RAW-2026-06-05_15-20-10.txt,vertical-saccade-like,215719.0,862.876,,,,,-15.34634392921109,-319.2414045077677,negative
Video,video,1,OpenBCI-RAW-2026-06-05_15-20-10.txt,vertical-saccade-like,215928.0,863.712,,,,,6.5944126670569,152.79609240644055,positive
Video,video,1,OpenBCI-RAW-2026-06-05_15-20-10.txt,vertical-saccade-like,216880.0,867.52,,,,,-13.870382204141146,-278.9720577912421,negative
Video,video,1,OpenBCI-RAW-2026-06-05_15-20-10.txt,vertical-saccade-like,217243.0,868.972,,,,,-10.501713495367685,-219.98057736903996,negative
Video,video,1,OpenBCI-RAW-2026-06-05_15-20-10.txt,vertical-saccade-like,217269.0,869.076,,,,,6.217461428102154,165.6018378043004,positive
Video,video,1,OpenBCI-RAW-2026-06-05_15-20-10.txt,vertical-saccade-like,218126.0,872.504,,,,,-6.332775155559513,-142.421922869719,negative
Video,video,1,OpenBCI-RAW-2026-06-05_15-20-10.txt,vertical-saccade-like,218808.0,875.232,,,,,8.45567081064327,190.85564309787668,positive
Video,video,1,OpenBCI-RAW-2026-06-05_15-20-10.txt,vertical-saccade-like,218939.0,875.756,,,,,11.55024051137862,254.9606192296026,positive
Video,video,1,OpenBCI-RAW-2026-06-05_15-20-10.txt,vertical-saccade-like,220301.0,881.204,,,,,-7.256269032389305,-133.70688354049682,negative
Video,video,1,OpenBCI-RAW-2026-06-05_15-20-10.txt,vertical-saccade-like,221078.0,884.312,,,,,10.270908489775024,271.21349311425274,positive
Video,video,1,OpenBCI-RAW-2026-06-05_15-20-10.txt,vertical-saccade-like,221882.0,887.528,,,,,15.364709215555546,331.23064979125326,positive
Video,video,1,OpenBCI-RAW-2026-06-05_15-20-10.txt,vertical-saccade-like,221997.0,887.988,,,,,-16.442738929856564,-348.85410420845307,negative
Video,video,1,OpenBCI-RAW-2026-06-05_15-20-10.txt,vertical-saccade-like,223334.0,893.336,,,,,-7.529874968424614,-152.31271818978337,negative
Video,video,1,OpenBCI-RAW-2026-06-05_15-20-10.txt,vertical-saccade-like,224147.0,896.588,,,,,11.956065986768467,258.2196570669346,positive
Video,video,1,OpenBCI-RAW-2026-06-05_15-20-10.txt,vertical-saccade-like,224234.0,896.936,,,,,-8.097101390990547,-187.81607895733742,negative
Video,video,1,OpenBCI-RAW-2026-06-05_15-20-10.txt,vertical-saccade-like,224602.0,898.408,,,,,10.440855550026228,232.34853955600275,positive
Video,video,1,OpenBCI-RAW-2026-06-05_15-20-10.txt,vertical-saccade-like,226227.0,904.908,,,,,-13.27273159111811,-262.77164652710627,negative
Video,video,1,OpenBCI-RAW-2026-06-05_15-20-10.txt,vertical-saccade-like,227176.0,908.704,,,,,-9.146615587161033,-166.96625221384178,negative
Video,video,1,OpenBCI-RAW-2026-06-05_15-20-10.txt,vertical-saccade-like,227338.0,909.352,,,,,6.303913102657431,103.97360578415172,positive
Video,video,1,OpenBCI-RAW-2026-06-05_15-20-10.txt,vertical-saccade-like,230140.0,920.56,,,,,-6.3043236073452755,-108.11722579536946,negative
Video,video,1,OpenBCI-RAW-2026-06-05_15-20-10.txt,vertical-saccade-like,230512.0,922.048,,,,,-10.944404369576995,-211.95957139430968,negative
Video,video,1,OpenBCI-RAW-2026-06-05_15-20-10.txt,vertical-saccade-like,230559.0,922.236,,,,,-9.098961746360416,-154.30475601752792,negative
Video,video,1,OpenBCI-RAW-2026-06-05_15-20-10.txt,vertical-saccade-like,230644.0,922.576,,,,,10.267136802002833,188.1017327908325,positive
Video,video,1,OpenBCI-RAW-2026-06-05_15-20-10.txt,vertical-saccade-like,231610.0,926.44,,,,,-8.885298598524233,-186.44175223400944,negative
Video,video,1,OpenBCI-RAW-2026-06-05_15-20-10.txt,vertical-saccade-like,231652.0,926.608,,,,,-9.621491521798074,-190.2959056623905,negative
Video,video,1,OpenBCI-RAW-2026-06-05_15-20-10.txt,vertical-saccade-like,231749.0,926.996,,,,,10.694544039812737,221.42223788894563,positive
Video,video,1,OpenBCI-RAW-2026-06-05_15-20-10.txt,vertical-saccade-like,231811.0,927.244,,,,,-13.264484438630662,-249.3115680874492,negative
Video,video,1,OpenBCI-RAW-2026-06-05_15-20-10.txt,vertical-saccade-like,232266.0,929.064,,,,,-8.141063219433972,-207.23336336833768,negative
Video,video,1,OpenBCI-RAW-2026-06-05_15-20-10.txt,vertical-saccade-like,232353.0,929.412,,,,,-12.496445228866635,-257.5723524360069,negative
Video,video,1,OpenBCI-RAW-2026-06-05_15-20-10.txt,vertical-saccade-like,232547.0,930.188,,,,,9.553356006927931,189.28307145354836,positive
Video,video,1,OpenBCI-RAW-2026-06-05_15-20-10.txt,vertical-saccade-like,234152.0,936.608,,,,,-12.351292644552371,-232.93864627767974,negative
Video,video,1,OpenBCI-RAW-2026-06-05_15-20-10.txt,vertical-saccade-like,234941.0,939.764,,,,,-9.802379869659019,-176.45024810990031,negative
Video,video,1,OpenBCI-RAW-2026-06-05_15-20-10.txt,vertical-saccade-like,235133.0,940.532,,,,,-7.634277644110101,-163.30110802512596,negative
Video,video,1,OpenBCI-RAW-2026-06-05_15-20-10.txt,vertical-saccade-like,235200.0,940.8,,,,,11.917261871416512,292.3376249050541,positive
Video,video,1,OpenBCI-RAW-2026-06-05_15-20-10.txt,vertical-saccade-like,235348.0,941.392,,,,,-19.700692857981892,-401.4043001288114,negative
Video,video,1,OpenBCI-RAW-2026-06-05_15-20-10.txt,vertical-saccade-like,236431.0,945.724,,,,,-16.413641583981224,-317.47810258943974,negative
Video,video,1,OpenBCI-RAW-2026-06-05_15-20-10.txt,vertical-saccade-like,237372.0,949.488,,,,,6.4093194048009,120.66386160041964,positive
Video,video,1,OpenBCI-RAW-2026-06-05_15-20-10.txt,vertical-saccade-like,237883.0,951.532,,,,,7.176236625786236,134.99975731145298,positive
Video,video,1,OpenBCI-RAW-2026-06-05_15-20-10.txt,vertical-saccade-like,238612.0,954.448,,,,,-15.62730358220105,-284.18587389026544,negative
Video,video,1,OpenBCI-RAW-2026-06-05_15-20-10.txt,vertical-saccade-like,238762.0,955.048,,,,,-15.524954264411535,-306.8955116439142,negative
Video,video,1,OpenBCI-RAW-2026-06-05_15-20-10.txt,vertical-saccade-like,238853.0,955.412,,,,,-11.308563501108457,-212.19717498558836,negative
Video,video,1,OpenBCI-RAW-2026-06-05_15-20-10.txt,vertical-saccade-like,238901.0,955.604,,,,,-6.824219537737866,-116.15683186576894,negative
Video,video,1,OpenBCI-RAW-2026-06-05_15-20-10.txt,vertical-saccade-like,239345.0,957.38,,,,,-6.413295221150975,-114.2565444461724,negative
Video,video,1,OpenBCI-RAW-2026-06-05_15-20-10.txt,vertical-saccade-like,239949.0,959.796,,,,,-6.172085479599705,-110.80017723197639,negative
Video,video,1,OpenBCI-RAW-2026-06-05_15-20-10.txt,vertical-saccade-like,241879.0,967.516,,,,,-9.21339853393405,-177.60491797697074,negative
Video,video,1,OpenBCI-RAW-2026-06-05_15-20-10.txt,vertical-saccade-like,241994.0,967.976,,,,,-12.774733577225566,-232.22170044217177,negative
Video,video,1,OpenBCI-RAW-2026-06-05_15-20-10.txt,vertical-saccade-like,242328.0,969.312,,,,,-13.78828952474677,-260.81814489531484,negative
Video,video,1,OpenBCI-RAW-2026-06-05_15-20-10.txt,vertical-saccade-like,242442.0,969.768,,,,,10.539073107162993,225.03705923436206,positive
Video,video,1,OpenBCI-RAW-2026-06-05_15-20-10.txt,vertical-saccade-like,242479.0,969.916,,,,,-16.00333774899205,-295.50156766388966,negative
Video,video,1,OpenBCI-RAW-2026-06-05_15-20-10.txt,vertical-saccade-like,246125.0,984.5,,,,,8.58036495793041,199.70623224217826,positive
Video,video,1,OpenBCI-RAW-2026-06-05_15-20-10.txt,vertical-saccade-like,246184.0,984.736,,,,,15.843041074342716,339.20737114467767,positive
Video,video,1,OpenBCI-RAW-2026-06-05_15-20-10.txt,vertical-saccade-like,247327.0,989.308,,,,,-14.524904244323805,-305.8596603130192,negative
Video,video,1,OpenBCI-RAW-2026-06-05_15-20-10.txt,vertical-saccade-like,247483.0,989.932,,,,,-13.577680107106936,-283.6997113870517,negative
Video,video,1,OpenBCI-RAW-2026-06-05_15-20-10.txt,vertical-saccade-like,249971.0,999.884,,,,,-11.948283131495774,-218.84500364773604,negative
Video,video,1,OpenBCI-RAW-2026-06-05_15-20-10.txt,vertical-saccade-like,250801.0,1003.204,,,,,-12.652389615621699,-228.77612376738273,negative
Video,video,1,OpenBCI-RAW-2026-06-05_15-20-10.txt,vertical-saccade-like,250968.0,1003.872,,,,,6.742579567254297,164.5912744520154,positive
Video,video,1,OpenBCI-RAW-2026-06-05_15-20-10.txt,vertical-saccade-like,251011.0,1004.044,,,,,-11.15644287573505,-286.5403630855173,negative
Video,video,1,OpenBCI-RAW-2026-06-05_15-20-10.txt,vertical-saccade-like,251040.0,1004.16,,,,,7.631021432463021,171.98275916798377,positive
Video,video,1,OpenBCI-RAW-2026-06-05_15-20-10.txt,vertical-saccade-like,252045.0,1008.18,,,,,-7.235305898896083,-120.60299458783471,negative
Video,video,1,OpenBCI-RAW-2026-06-05_15-20-10.txt,vertical-saccade-like,252630.0,1010.52,,,,,-9.829385892567235,-185.8208102204503,negative
Video,video,1,OpenBCI-RAW-2026-06-05_15-20-10.txt,vertical-saccade-like,254062.0,1016.248,,,,,-16.65328741212862,-347.39626391601746,negative
Video,video,1,OpenBCI-RAW-2026-06-05_15-20-10.txt,vertical-saccade-like,254593.0,1018.372,,,,,-16.039215091764977,-301.7070492398104,negative
Video,video,1,OpenBCI-RAW-2026-06-05_15-20-10.txt,vertical-saccade-like,255855.0,1023.42,,,,,-14.15202048259283,-274.6288125912898,negative
Video,video,1,OpenBCI-RAW-2026-06-05_15-20-10.txt,vertical-saccade-like,256626.0,1026.504,,,,,-7.794707582723787,-140.72315403308798,negative
Video,video,1,OpenBCI-RAW-2026-06-05_15-20-10.txt,vertical-saccade-like,256713.0,1026.852,,,,,-10.043226184923894,-183.24466249088897,negative
Video,video,1,OpenBCI-RAW-2026-06-05_15-20-10.txt,vertical-saccade-like,257027.0,1028.108,,,,,6.765031128191096,122.70746324225566,positive
Video,video,1,OpenBCI-RAW-2026-06-05_15-20-10.txt,vertical-saccade-like,258435.0,1033.74,,,,,8.076081139248856,177.85075074770424,positive
Video,video,1,OpenBCI-RAW-2026-06-05_15-20-10.txt,vertical-saccade-like,258755.0,1035.02,,,,,-17.35038805500453,-375.6348597890526,negative
Video,video,1,OpenBCI-RAW-2026-06-05_15-20-10.txt,vertical-saccade-like,259568.0,1038.272,,,,,-11.128640705760782,-209.18217789301335,negative
Video,video,1,OpenBCI-RAW-2026-06-05_15-20-10.txt,vertical-saccade-like,260512.0,1042.048,,,,,10.56617557010312,194.8704466819842,positive
Video,video,1,OpenBCI-RAW-2026-06-05_15-20-10.txt,vertical-saccade-like,260620.0,1042.48,,,,,-16.98522027998749,-315.6249161091097,negative
Video,video,1,OpenBCI-RAW-2026-06-05_15-20-10.txt,vertical-saccade-like,260685.0,1042.74,,,,,6.288557008930124,106.03299534316268,positive
Video,video,1,OpenBCI-RAW-2026-06-05_15-20-10.txt,vertical-saccade-like,260853.0,1043.412,,,,,8.29172502607778,149.09417483787183,positive
Video,video,1,OpenBCI-RAW-2026-06-05_15-20-10.txt,vertical-saccade-like,260930.0,1043.72,,,,,-12.108321842331202,-238.0399310489116,negative
Video,video,1,OpenBCI-RAW-2026-06-05_15-20-10.txt,vertical-saccade-like,261259.0,1045.036,,,,,9.305348929785195,169.89424895799817,positive
Video,video,1,OpenBCI-RAW-2026-06-05_15-20-10.txt,vertical-saccade-like,261431.0,1045.724,,,,,-8.606281404185559,-166.1111796730114,negative
Video,video,1,OpenBCI-RAW-2026-06-05_15-20-10.txt,vertical-saccade-like,261974.0,1047.896,,,,,-6.380580450290329,-123.2159569087741,negative
Video,video,1,OpenBCI-RAW-2026-06-05_15-20-10.txt,vertical-saccade-like,262252.0,1049.008,,,,,19.129903180870876,400.81578800858205,positive
Video,video,1,OpenBCI-RAW-2026-06-05_15-20-10.txt,vertical-saccade-like,263957.0,1055.828,,,,,13.085463151483852,280.8216951524079,positive
Video,video,1,OpenBCI-RAW-2026-06-05_15-20-10.txt,vertical-saccade-like,264170.0,1056.68,,,,,8.084828896533574,141.75087982544505,positive
Video,video,1,OpenBCI-RAW-2026-06-05_15-20-10.txt,vertical-saccade-like,265390.0,1061.56,,,,,6.0249582329031535,109.17641460385998,positive
Video,video,1,OpenBCI-RAW-2026-06-05_15-20-10.txt,vertical-saccade-like,265707.0,1062.828,,,,,-6.279420946535294,-107.90124937582301,negative
Video,video,1,OpenBCI-RAW-2026-06-05_15-20-10.txt,vertical-saccade-like,267265.0,1069.06,,,,,10.78262593920634,255.4767633647911,positive
Video,video,1,OpenBCI-RAW-2026-06-05_15-20-10.txt,vertical-saccade-like,267372.0,1069.488,,,,,-17.46848646494322,-363.84291370912854,negative
Video,video,1,OpenBCI-RAW-2026-06-05_15-20-10.txt,vertical-saccade-like,268239.0,1072.956,,,,,-6.824101710793958,-120.68991384733087,negative
Video,video,1,OpenBCI-RAW-2026-06-05_15-20-10.txt,vertical-saccade-like,269837.0,1079.348,,,,,-7.065696983481051,-127.00102704294083,negative
Video,video,1,OpenBCI-RAW-2026-06-05_15-20-10.txt,vertical-saccade-like,269904.0,1079.616,,,,,7.358217077071853,128.65568318384211,positive
Video,video,1,OpenBCI-RAW-2026-06-05_15-20-10.txt,vertical-saccade-like,270727.0,1082.908,,,,,-15.971539446926094,-339.8285990121106,negative
Video,video,1,OpenBCI-RAW-2026-06-05_15-20-10.txt,vertical-saccade-like,271155.0,1084.62,,,,,-9.857067512471614,-199.4867867060101,negative
Video,video,1,OpenBCI-RAW-2026-06-05_15-20-10.txt,vertical-saccade-like,271208.0,1084.832,,,,,-13.944214732430302,-274.67454358588526,negative
Video,video,1,OpenBCI-RAW-2026-06-05_15-20-10.txt,vertical-saccade-like,271533.0,1086.132,,,,,9.039902266439594,191.96731108187117,positive
Video,video,1,OpenBCI-RAW-2026-06-05_15-20-10.txt,vertical-saccade-like,271843.0,1087.372,,,,,-13.541254248383014,-283.6290102531337,negative
Video,video,1,OpenBCI-RAW-2026-06-05_15-20-10.txt,vertical-saccade-like,272435.0,1089.74,,,,,-9.117183963667225,-185.21752987430355,negative
Video,video,1,OpenBCI-RAW-2026-06-05_15-20-10.txt,vertical-saccade-like,272478.0,1089.912,,,,,-7.885998406105038,-140.38280688609268,negative
Video,video,1,OpenBCI-RAW-2026-06-05_15-20-10.txt,vertical-saccade-like,273132.0,1092.528,,,,,9.388441449781006,160.88684811847625,positive
Video,video,1,OpenBCI-RAW-2026-06-05_15-20-10.txt,vertical-saccade-like,273193.0,1092.772,,,,,-9.94931408733046,-174.4309266947165,negative
Video,video,1,OpenBCI-RAW-2026-06-05_15-20-10.txt,vertical-saccade-like,273459.0,1093.836,,,,,13.67194818869002,256.4527517439195,positive
Video,video,1,OpenBCI-RAW-2026-06-05_15-20-10.txt,vertical-saccade-like,273549.0,1094.196,,,,,-11.060014425054783,-214.05922854242456,negative
Video,video,1,OpenBCI-RAW-2026-06-05_15-20-10.txt,vertical-saccade-like,273608.0,1094.432,,,,,-10.749798017650786,-197.56796244607028,negative
Video,video,1,OpenBCI-RAW-2026-06-05_15-20-10.txt,vertical-saccade-like,273848.0,1095.392,,,,,-9.079716536342936,-205.08183199847844,negative
Video,video,1,OpenBCI-RAW-2026-06-05_15-20-10.txt,vertical-saccade-like,273935.0,1095.74,,,,,-8.723394808766725,-146.20947157496659,negative
Video,video,1,OpenBCI-RAW-2026-06-05_15-20-10.txt,vertical-saccade-like,273983.0,1095.932,,,,,-13.215481377874283,-240.74479219833523,negative
Video,video,1,OpenBCI-RAW-2026-06-05_15-20-10.txt,vertical-saccade-like,274132.0,1096.528,,,,,-15.497495324879358,-316.2426440290982,negative
Video,video,1,OpenBCI-RAW-2026-06-05_15-20-10.txt,vertical-saccade-like,274327.0,1097.308,,,,,8.092082010108937,144.3244511022418,positive
Video,video,1,OpenBCI-RAW-2026-06-05_15-20-10.txt,vertical-saccade-like,274376.0,1097.504,,,,,8.671511830118122,163.983294837613,positive
Video,video,1,OpenBCI-RAW-2026-06-05_15-20-10.txt,vertical-saccade-like,274496.0,1097.984,,,,,-10.384430626942754,-178.74082422051322,negative
Video,video,1,OpenBCI-RAW-2026-06-05_15-20-10.txt,vertical-saccade-like,275073.0,1100.292,,,,,6.3292347431562614,124.0661584180854,positive
Video,video,1,OpenBCI-RAW-2026-06-05_15-20-10.txt,vertical-saccade-like,275711.0,1102.844,,,,,6.51752977352465,153.96087443388663,positive
Video,video,1,OpenBCI-RAW-2026-06-05_15-20-10.txt,vertical-saccade-like,276540.0,1106.16,,,,,-15.953327807849496,-292.47638552878993,negative
Video,video,1,OpenBCI-RAW-2026-06-05_15-20-10.txt,vertical-saccade-like,277918.0,1111.672,,,,,-13.33178022955889,-257.46664953831373,negative
Video,video,1,OpenBCI-RAW-2026-06-05_15-20-10.txt,vertical-saccade-like,279080.0,1116.32,,,,,-11.680617339325977,-227.24154329239747,negative
Video,video,1,OpenBCI-RAW-2026-06-05_15-20-10.txt,vertical-saccade-like,279230.0,1116.92,,,,,14.100339418755627,366.01604032953094,positive
Video,video,1,OpenBCI-RAW-2026-06-05_15-20-10.txt,vertical-saccade-like,280060.0,1120.24,,,,,6.523915721094503,124.4283994246593,positive
Video,video,1,OpenBCI-RAW-2026-06-05_15-20-10.txt,vertical-saccade-like,280368.0,1121.472,,,,,-10.257600006335167,-195.27372797332217,negative
Video,video,1,OpenBCI-RAW-2026-06-05_15-20-10.txt,vertical-saccade-like,280526.0,1122.104,,,,,6.1185226330465685,112.65099239303376,positive
Video,video,1,OpenBCI-RAW-2026-06-05_15-20-10.txt,vertical-saccade-like,280610.0,1122.44,,,,,-9.643736201572157,-202.6476524527426,negative
Video,video,1,OpenBCI-RAW-2026-06-05_15-20-10.txt,vertical-saccade-like,280693.0,1122.772,,,,,-10.817557209368882,-194.26006973679785,negative
Video,video,1,OpenBCI-RAW-2026-06-05_15-20-10.txt,vertical-saccade-like,280848.0,1123.392,,,,,8.069669406583026,150.68869751509547,positive
Video,video,1,OpenBCI-RAW-2026-06-05_15-20-10.txt,vertical-saccade-like,281412.0,1125.648,,,,,-6.510780692553248,-116.51037471500281,negative
Video,video,1,OpenBCI-RAW-2026-06-05_15-20-10.txt,vertical-saccade-like,281783.0,1127.132,,,,,-8.895032652895177,-172.4500566159665,negative
Video,video,1,OpenBCI-RAW-2026-06-05_15-20-10.txt,vertical-saccade-like,282009.0,1128.036,,,,,-7.645185518100249,-118.92490477190162,negative
Video,video,1,OpenBCI-RAW-2026-06-05_15-20-10.txt,vertical-saccade-like,282224.0,1128.896,,,,,-7.011184856248508,-121.53314748248908,negative
Video,video,1,OpenBCI-RAW-2026-06-05_15-20-10.txt,vertical-saccade-like,282330.0,1129.32,,,,,-13.561201447188422,-271.7473511539084,negative
Video,video,1,OpenBCI-RAW-2026-06-05_15-20-10.txt,vertical-saccade-like,283593.0,1134.372,,,,,6.857570268259767,126.08111152488145,positive
Video,video,1,OpenBCI-RAW-2026-06-05_15-20-10.txt,vertical-saccade-like,283664.0,1134.656,,,,,-6.388429596111368,-130.54099745074222,negative
Video,video,1,OpenBCI-RAW-2026-06-05_15-20-10.txt,vertical-saccade-like,284147.0,1136.588,,,,,-8.003643643142787,-138.134714154621,negative
Video,video,1,OpenBCI-RAW-2026-06-05_15-20-10.txt,vertical-saccade-like,285329.0,1141.316,,,,,-13.463973597354233,-256.50167503516917,negative
Video,video,1,OpenBCI-RAW-2026-06-05_15-20-10.txt,vertical-saccade-like,285402.0,1141.608,,,,,9.675638694828736,186.48971265459886,positive
Video,video,1,OpenBCI-RAW-2026-06-05_15-20-10.txt,vertical-saccade-like,285921.0,1143.684,,,,,6.073417150067351,108.4224912628309,positive
Video,video,1,OpenBCI-RAW-2026-06-05_15-20-10.txt,vertical-saccade-like,286226.0,1144.904,,,,,-9.235828157973279,-183.8077380023427,negative
Video,video,1,OpenBCI-RAW-2026-06-05_15-20-10.txt,vertical-saccade-like,287044.0,1148.176,,,,,-9.010669075088988,-170.26163259581054,negative
Video,video,1,OpenBCI-RAW-2026-06-05_15-20-10.txt,vertical-saccade-like,288342.0,1153.368,,,,,-8.993704842856374,-163.11457463098094,negative
Video,video,1,OpenBCI-RAW-2026-06-05_15-20-10.txt,vertical-saccade-like,288969.0,1155.876,,,,,8.849573002834552,160.30659038282184,positive
Video,video,1,OpenBCI-RAW-2026-06-05_15-20-10.txt,vertical-saccade-like,293051.0,1172.204,,,,,8.025745197962529,144.06428742917217,positive
Video,video,1,OpenBCI-RAW-2026-06-05_15-20-10.txt,vertical-saccade-like,293619.0,1174.476,,,,,-12.252238468490804,-235.47471777105326,negative
Video,video,1,OpenBCI-RAW-2026-06-05_15-20-10.txt,vertical-saccade-like,293722.0,1174.888,,,,,-7.986072180356215,-137.96818509692707,negative
Video,video,1,OpenBCI-RAW-2026-06-05_15-20-10.txt,vertical-saccade-like,298410.0,1193.64,,,,,-12.758066757342506,-235.61807076877668,negative
Video,video,1,OpenBCI-RAW-2026-06-05_15-20-10.txt,vertical-saccade-like,298828.0,1195.312,,,,,14.699196410231924,262.5315233685278,positive
Video,video,1,OpenBCI-RAW-2026-06-05_15-20-10.txt,vertical-saccade-like,299000.0,1196.0,,,,,8.899863864185082,160.0515093020123,positive
Video,video,1,OpenBCI-RAW-2026-06-05_15-20-10.txt,vertical-saccade-like,303137.0,1212.548,,,,,-8.165172875938888,-143.38956280068027,negative
Video,video,1,OpenBCI-RAW-2026-06-05_15-20-10.txt,vertical-saccade-like,303705.0,1214.82,,,,,-11.512392501890782,-222.19503001074466,negative
Video,video,1,OpenBCI-RAW-2026-06-05_15-20-10.txt,vertical-saccade-like,306571.0,1226.284,,,,,-21.63305238680178,-488.47263580845964,negative
Video,video,1,OpenBCI-RAW-2026-06-05_15-20-10.txt,vertical-saccade-like,306605.0,1226.42,,,,,9.197245733860358,210.27806074473938,positive
Video,video,1,OpenBCI-RAW-2026-06-05_15-20-10.txt,vertical-saccade-like,306638.0,1226.552,,,,,-11.049454789730047,-250.34680249286018,negative
Video,video,1,OpenBCI-RAW-2026-06-05_15-20-10.txt,vertical-saccade-like,306675.0,1226.7,,,,,9.877618888000232,258.24982253162267,positive
Video,video,1,OpenBCI-RAW-2026-06-05_15-20-10.txt,vertical-saccade-like,306733.0,1226.932,,,,,-6.407069522396042,-149.8140549901533,negative
Video,video,1,OpenBCI-RAW-2026-06-05_15-20-10.txt,vertical-saccade-like,306772.0,1227.088,,,,,-9.862775131499959,-199.47400170630425,negative
Video,video,1,OpenBCI-RAW-2026-06-05_15-20-10.txt,vertical-saccade-like,306803.0,1227.212,,,,,6.056267020655303,140.45866495630088,positive
Video,video,1,OpenBCI-RAW-2026-06-05_15-20-10.txt,vertical-saccade-like,307140.0,1228.56,,,,,8.183186605241662,171.12689017338027,positive
Video,video,1,OpenBCI-RAW-2026-06-05_15-20-10.txt,vertical-saccade-like,307886.0,1231.544,,,,,-14.84466165055623,-278.44972381727524,negative
Video,video,1,OpenBCI-RAW-2026-06-05_15-20-10.txt,vertical-saccade-like,308082.0,1232.328,,,,,-13.868156722712932,-256.3684027917656,negative
Video,video,1,OpenBCI-RAW-2026-06-05_15-20-10.txt,vertical-saccade-like,308690.0,1234.76,,,,,6.782837289966526,131.98342778392657,positive
Video,video,1,OpenBCI-RAW-2026-06-05_15-20-10.txt,vertical-saccade-like,308746.0,1234.984,,,,,-6.7069449488049715,-139.3028271397727,negative
Video,video,1,OpenBCI-RAW-2026-06-05_15-20-10.txt,vertical-saccade-like,309274.0,1237.096,,,,,8.447331479973505,156.49946377366567,positive
Video,video,1,OpenBCI-RAW-2026-06-05_15-20-10.txt,vertical-saccade-like,309489.0,1237.956,,,,,8.31672829733826,157.52972752965246,positive
Video,video,1,OpenBCI-RAW-2026-06-05_15-20-10.txt,vertical-saccade-like,309723.0,1238.892,,,,,-10.489306083340054,-195.1516494176968,negative
Video,video,1,OpenBCI-RAW-2026-06-05_15-20-10.txt,vertical-saccade-like,309869.0,1239.476,,,,,9.936191132338594,178.60087874858107,positive
Video,video,1,OpenBCI-RAW-2026-06-05_15-20-10.txt,vertical-saccade-like,310314.0,1241.256,,,,,-6.060492800047895,-100.71002598611064,negative
Video,video,1,OpenBCI-RAW-2026-06-05_15-20-10.txt,vertical-saccade-like,310371.0,1241.484,,,,,-15.544878704927301,-278.24510712633776,negative
Video,video,1,OpenBCI-RAW-2026-06-05_15-20-10.txt,vertical-saccade-like,310475.0,1241.9,,,,,-16.574516288413623,-296.55018062683706,negative
Video,video,1,OpenBCI-RAW-2026-06-05_15-20-10.txt,vertical-saccade-like,311643.0,1246.572,,,,,-6.144774610720432,-98.05410983742752,negative
Video,video,1,OpenBCI-RAW-2026-06-05_15-20-10.txt,vertical-saccade-like,315028.0,1260.112,,,,,9.128498877411433,179.7205676732304,positive
Video,video,1,OpenBCI-RAW-2026-06-05_15-20-10.txt,vertical-saccade-like,315096.0,1260.384,,,,,-12.21271681682977,-223.4135203879094,negative
Video,video,1,OpenBCI-RAW-2026-06-05_15-20-10.txt,vertical-saccade-like,319395.0,1277.58,,,,,-6.209062667003861,-123.35255025005982,negative
Video,video,1,OpenBCI-RAW-2026-06-05_15-20-10.txt,vertical-saccade-like,319491.0,1277.964,,,,,8.48883821403929,157.60755790069214,positive
Video,video,1,OpenBCI-RAW-2026-06-05_15-20-10.txt,vertical-saccade-like,319565.0,1278.26,,,,,-12.206287232970723,-223.5746412558396,negative
Video,video,1,OpenBCI-RAW-2026-06-05_15-20-10.txt,vertical-saccade-like,320738.0,1282.952,,,,,-13.634275040105521,-253.24163505933296,negative
Video,video,1,OpenBCI-RAW-2026-06-05_15-20-10.txt,vertical-saccade-like,321186.0,1284.744,,,,,-14.07795650442059,-271.7889367693496,negative
Video,video,1,OpenBCI-RAW-2026-06-05_15-20-10.txt,vertical-saccade-like,322826.0,1291.304,,,,,-13.672641295390589,-257.5199911108423,negative
Video,video,1,OpenBCI-RAW-2026-06-05_15-20-10.txt,vertical-saccade-like,323048.0,1292.192,,,,,-12.00725625408026,-232.86045742420526,negative
Video,video,1,OpenBCI-RAW-2026-06-05_15-20-10.txt,vertical-saccade-like,324629.0,1298.516,,,,,-7.777124887066153,-159.41880976013042,negative
Video,video,1,OpenBCI-RAW-2026-06-05_15-20-10.txt,vertical-saccade-like,324933.0,1299.732,,,,,-9.724505271959407,-178.6124672993331,negative
Video,video,1,OpenBCI-RAW-2026-06-05_15-20-10.txt,vertical-saccade-like,325312.0,1301.248,,,,,-16.730057531890665,-311.56518715577704,negative
Video,video,1,OpenBCI-RAW-2026-06-05_15-20-10.txt,vertical-saccade-like,327315.0,1309.26,,,,,-13.818180505925106,-275.50949796614145,negative
Video,video,1,OpenBCI-RAW-2026-06-05_15-20-10.txt,vertical-saccade-like,327624.0,1310.496,,,,,-13.088664350317732,-257.50252096843656,negative
Video,video,1,OpenBCI-RAW-2026-06-05_15-20-10.txt,vertical-saccade-like,330162.0,1320.648,,,,,-12.403297146920643,-239.05252526230402,negative
Video,video,1,OpenBCI-RAW-2026-06-05_15-20-10.txt,vertical-saccade-like,331081.0,1324.324,,,,,-14.960929834552871,-287.0503160994459,negative
Video,video,1,OpenBCI-RAW-2026-06-05_15-20-10.txt,vertical-saccade-like,336469.0,1345.876,,,,,-13.853601178007711,-268.6424017434361,negative
Video,video,1,OpenBCI-RAW-2026-06-05_15-20-10.txt,vertical-saccade-like,337128.0,1348.512,,,,,-13.381571154876635,-255.01623489162273,negative
Video,video,1,OpenBCI-RAW-2026-06-05_15-20-10.txt,vertical-saccade-like,337348.0,1349.392,,,,,-14.41149768102945,-285.3871344295773,negative
Video,video,1,OpenBCI-RAW-2026-06-05_15-20-10.txt,vertical-saccade-like,338193.0,1352.772,,,,,-10.820308948528556,-205.96046106684938,negative
Video,video,1,OpenBCI-RAW-2026-06-05_15-20-10.txt,vertical-saccade-like,338354.0,1353.416,,,,,-13.507653058216832,-255.01315452632014,negative
Video,video,1,OpenBCI-RAW-2026-06-05_15-20-10.txt,vertical-saccade-like,339145.0,1356.58,,,,,-14.069357648325875,-263.54124907296585,negative
Video,video,1,OpenBCI-RAW-2026-06-05_15-20-10.txt,vertical-saccade-like,340869.0,1363.476,,,,,8.90008184201669,192.37750757732263,positive
Video,video,1,OpenBCI-RAW-2026-06-05_15-20-10.txt,vertical-saccade-like,343566.0,1374.264,,,,,6.261148475773826,123.80817166297514,positive
Video,video,1,OpenBCI-RAW-2026-06-05_15-20-10.txt,vertical-saccade-like,344003.0,1376.012,,,,,6.174531663993248,116.95119900609646,positive
Video,video,1,OpenBCI-RAW-2026-06-05_15-20-10.txt,vertical-saccade-like,345909.0,1383.636,,,,,-13.118357885853461,-236.50594575390588,negative
Video,video,1,OpenBCI-RAW-2026-06-05_15-20-10.txt,vertical-saccade-like,346861.0,1387.444,,,,,-6.926537140658122,-122.68084319400873,negative
Video,video,1,OpenBCI-RAW-2026-06-05_15-20-10.txt,vertical-saccade-like,347883.0,1391.532,,,,,7.476998797610713,141.11478098487765,positive
Video,video,1,OpenBCI-RAW-2026-06-05_15-20-10.txt,vertical-saccade-like,351165.0,1404.66,,,,,-7.060832956593722,-136.11159051520923,negative
Video,video,1,OpenBCI-RAW-2026-06-05_15-20-10.txt,vertical-saccade-like,351644.0,1406.576,,,,,-7.196568234023436,-128.38603518874385,negative
Video,video,1,OpenBCI-RAW-2026-06-05_15-20-10.txt,vertical-saccade-like,352748.0,1410.992,,,,,-9.564848055264953,-176.8728605876854,negative
Video,video,1,OpenBCI-RAW-2026-06-05_15-20-10.txt,vertical-saccade-like,352866.0,1411.464,,,,,7.2520524364341865,135.6475265220635,positive
Video,video,1,OpenBCI-RAW-2026-06-05_15-20-10.txt,vertical-saccade-like,354440.0,1417.76,,,,,-14.602497441248667,-273.0569113931548,negative
Video,video,1,OpenBCI-RAW-2026-06-05_15-20-10.txt,vertical-saccade-like,354911.0,1419.644,,,,,6.388772633724052,114.52461016837874,positive
Video,video,1,OpenBCI-RAW-2026-06-05_15-20-10.txt,vertical-saccade-like,355107.0,1420.428,,,,,-12.923805321530967,-265.8066500656629,negative
Video,video,1,OpenBCI-RAW-2026-06-05_15-20-10.txt,vertical-saccade-like,358883.0,1435.532,,,,,-14.384453529549194,-272.4080236351365,negative
Video,video,1,OpenBCI-RAW-2026-06-05_15-20-10.txt,vertical-saccade-like,359055.0,1436.22,,,,,-6.950635710440691,-125.57079468591041,negative
Video,video,1,OpenBCI-RAW-2026-06-05_15-20-10.txt,vertical-saccade-like,359577.0,1438.308,,,,,6.171910293467094,121.07303198366208,positive
Video,video,1,OpenBCI-RAW-2026-06-05_15-20-10.txt,vertical-saccade-like,361000.0,1444.0,,,,,-6.416927870933938,-118.06443730779836,negative
Video,video,1,OpenBCI-RAW-2026-06-05_15-20-10.txt,vertical-saccade-like,361623.0,1446.492,,,,,-12.917903604998969,-254.22728416019265,negative
Video,video,1,OpenBCI-RAW-2026-06-05_15-20-10.txt,vertical-saccade-like,365082.0,1460.328,,,,,-9.950546569189086,-205.33455379784488,negative
Video,video,1,OpenBCI-RAW-2026-06-05_15-20-10.txt,vertical-saccade-like,365148.0,1460.592,,,,,-14.271965144606206,-255.5755480882942,negative
Video,video,1,OpenBCI-RAW-2026-06-05_15-20-10.txt,vertical-saccade-like,365837.0,1463.348,,,,,-17.335087005212362,-330.40723223174945,negative
Video,video,1,OpenBCI-RAW-2026-06-05_15-20-10.txt,vertical-saccade-like,368152.0,1472.608,,,,,-18.24539630580518,-358.5432651973771,negative
Video,video,1,OpenBCI-RAW-2026-06-05_15-20-10.txt,vertical-saccade-like,369028.0,1476.112,,,,,-6.432320077573111,-110.59218931468286,negative
Video,video,1,OpenBCI-RAW-2026-06-05_15-20-10.txt,vertical-saccade-like,369700.0,1478.8,,,,,-6.639117566607202,-126.76137893566842,negative
Video,video,1,OpenBCI-RAW-2026-06-05_15-20-10.txt,vertical-saccade-like,373516.0,1494.064,,,,,-10.794100051613281,-225.37436420412746,negative
Video,video,1,OpenBCI-RAW-2026-06-05_15-20-10.txt,vertical-saccade-like,373927.0,1495.708,,,,,-8.84567773892096,-158.29211426855562,negative
Video,video,1,OpenBCI-RAW-2026-06-05_15-20-10.txt,vertical-saccade-like,374277.0,1497.108,,,,,-6.501106416953498,-116.62837273502893,negative
Video,video,1,OpenBCI-RAW-2026-06-05_15-20-10.txt,vertical-saccade-like,376284.0,1505.136,,,,,-6.136588439645253,-113.27650104080925,negative
Video,video,1,OpenBCI-RAW-2026-06-05_15-20-10.txt,vertical-saccade-like,376951.0,1507.804,,,,,-13.579756019616894,-270.9109302044591,negative
Video,video,1,OpenBCI-RAW-2026-06-05_15-20-10.txt,vertical-saccade-like,388913.0,1555.652,,,,,-11.018220860491496,-209.2342673516185,negative
Video,video,1,OpenBCI-RAW-2026-06-05_15-20-10.txt,vertical-saccade-like,390650.0,1562.6,,,,,-6.0083749233103205,-110.65602840993009,negative
Video,video,1,OpenBCI-RAW-2026-06-05_15-20-10.txt,vertical-saccade-like,391592.0,1566.368,,,,,-11.820562020135329,-237.78152354363107,negative
Video,video,1,OpenBCI-RAW-2026-06-05_15-20-10.txt,vertical-saccade-like,392088.0,1568.352,,,,,6.03043381009107,109.9212556059091,positive
Video,video,1,OpenBCI-RAW-2026-06-05_15-20-10.txt,vertical-saccade-like,394283.0,1577.132,,,,,-13.534241769999474,-249.8470608066204,negative
Video,video,1,OpenBCI-RAW-2026-06-05_15-20-10.txt,vertical-saccade-like,400151.0,1600.604,,,,,7.366572659011204,140.01734611841647,positive
Video,video,1,OpenBCI-RAW-2026-06-05_15-20-10.txt,vertical-saccade-like,400317.0,1601.268,,,,,-11.522352908029962,-210.17904008403917,negative
Video,video,1,OpenBCI-RAW-2026-06-05_15-20-10.txt,vertical-saccade-like,400441.0,1601.764,,,,,8.069777249333036,157.56620652921933,positive
Video,video,1,OpenBCI-RAW-2026-06-05_15-20-10.txt,vertical-saccade-like,400572.0,1602.288,,,,,-11.604313579056656,-237.1633696165021,negative
Video,video,1,OpenBCI-RAW-2026-06-05_15-20-10.txt,vertical-saccade-like,400907.0,1603.628,,,,,-10.548186034679567,-230.82930339986484,negative
Video,video,1,OpenBCI-RAW-2026-06-05_15-20-10.txt,vertical-saccade-like,402719.0,1610.876,,,,,-13.058929985928298,-239.70412087137785,negative
Video,video,1,OpenBCI-RAW-2026-06-05_15-20-10.txt,vertical-saccade-like,402992.0,1611.968,,,,,6.741690801154056,133.1466880729023,positive
Video,video,1,OpenBCI-RAW-2026-06-05_15-20-10.txt,vertical-saccade-like,403942.0,1615.768,,,,,6.436362867356298,126.16556308123482,positive
Video,video,1,OpenBCI-RAW-2026-06-05_15-20-10.txt,vertical-saccade-like,405635.0,1622.54,,,,,-6.130790480117462,-108.57862950489272,negative
Video,video,1,OpenBCI-RAW-2026-06-05_15-20-10.txt,vertical-saccade-like,406435.0,1625.74,,,,,-7.978120177635903,-134.53030270586356,negative
Video,video,1,OpenBCI-RAW-2026-06-05_15-20-10.txt,vertical-saccade-like,407422.0,1629.688,,,,,-6.648100739085063,-121.89208607636644,negative
Video,video,1,OpenBCI-RAW-2026-06-05_15-20-10.txt,vertical-saccade-like,410340.0,1641.36,,,,,-8.13181386945293,-154.4764063664571,negative
Video,video,1,OpenBCI-RAW-2026-06-05_15-20-10.txt,vertical-saccade-like,411887.0,1647.548,,,,,-10.116013380458527,-176.3055657080534,negative
Video,video,1,OpenBCI-RAW-2026-06-05_15-20-10.txt,vertical-saccade-like,412160.0,1648.64,,,,,-6.611713439983841,-117.65073742365547,negative
Video,video,1,OpenBCI-RAW-2026-06-05_15-20-10.txt,vertical-saccade-like,416031.0,1664.124,,,,,6.868125927592343,163.6786990485943,positive
Video,video,1,OpenBCI-RAW-2026-06-05_15-20-10.txt,vertical-saccade-like,422345.0,1689.38,,,,,-6.8100061017696065,-117.7885236251506,negative
Video,video,1,OpenBCI-RAW-2026-06-05_15-20-10.txt,vertical-saccade-like,426636.0,1706.544,,,,,6.060124241775851,123.85674464168675,positive
Video,video,1,OpenBCI-RAW-2026-06-05_15-20-10.txt,vertical-saccade-like,429569.0,1718.276,,,,,-10.196179781119437,-179.6589141655519,negative
Video,video,1,OpenBCI-RAW-2026-06-05_15-20-10.txt,vertical-saccade-like,429972.0,1719.888,,,,,8.257335508799681,147.46776139250625,positive
Video,video,1,OpenBCI-RAW-2026-06-05_15-20-10.txt,vertical-saccade-like,432039.0,1728.156,,,,,-9.676493499056381,-186.57243601819636,negative
Video,video,1,OpenBCI-RAW-2026-06-05_15-20-10.txt,vertical-saccade-like,432649.0,1730.596,,,,,-10.428611693817988,-182.37197060990405,negative
Video,video,1,OpenBCI-RAW-2026-06-05_15-20-10.txt,vertical-saccade-like,438199.0,1752.796,,,,,8.807726459942764,177.14089258540554,positive
Video,video,1,OpenBCI-RAW-2026-06-05_15-20-10.txt,vertical-saccade-like,438973.0,1755.892,,,,,-6.796203085885536,-120.6768566243866,negative
Video,video,1,OpenBCI-RAW-2026-06-05_15-20-10.txt,vertical-saccade-like,441421.0,1765.684,,,,,-12.855840017174117,-237.97034288065302,negative
Video,video,1,OpenBCI-RAW-2026-06-05_15-20-10.txt,vertical-saccade-like,442341.0,1769.364,,,,,-6.756732415570619,-121.09821014103707,negative
Video,video,1,OpenBCI-RAW-2026-06-05_15-20-10.txt,vertical-saccade-like,442463.0,1769.852,,,,,9.312917215028424,177.50727324380796,positive
Video,video,1,OpenBCI-RAW-2026-06-05_15-20-10.txt,vertical-saccade-like,443003.0,1772.012,,,,,-7.667023542048716,-137.15108553070513,negative
Video,video,1,OpenBCI-RAW-2026-06-05_15-20-10.txt,vertical-saccade-like,443388.0,1773.552,,,,,-9.934135558571864,-185.60170818022283,negative
Video,video,1,OpenBCI-RAW-2026-06-05_15-20-10.txt,vertical-saccade-like,446386.0,1785.544,,,,,-19.720320104417212,-337.5171992034555,negative
Video,video,1,OpenBCI-RAW-2026-06-05_15-20-10.txt,vertical-saccade-like,452454.0,1809.816,,,,,-9.392346786101292,-174.4592131720421,negative
Video,video,1,OpenBCI-RAW-2026-06-05_15-20-10.txt,vertical-saccade-like,456332.0,1825.328,,,,,-8.147311252720769,-145.89167943210384,negative
Video,video,1,OpenBCI-RAW-2026-06-05_15-20-10.txt,vertical-saccade-like,457001.0,1828.004,,,,,-9.73200973140243,-192.88699950407056,negative
Video,video,1,OpenBCI-RAW-2026-06-05_15-20-10.txt,vertical-saccade-like,461678.0,1846.712,,,,,-17.823241816917147,-327.5797407516809,negative
Video,video,1,OpenBCI-RAW-2026-06-05_15-20-10.txt,vertical-saccade-like,462235.0,1848.94,,,,,-18.2701365782172,-357.74776155184145,negative
Video,video,1,OpenBCI-RAW-2026-06-05_15-20-10.txt,vertical-saccade-like,463593.0,1854.372,,,,,-9.25834478638712,-202.9011667304368,negative
Video,video,1,OpenBCI-RAW-2026-06-05_15-20-10.txt,vertical-saccade-like,463999.0,1855.996,,,,,7.456338014436607,132.9486937510326,positive
Video,video,1,OpenBCI-RAW-2026-06-05_15-20-10.txt,vertical-saccade-like,468718.0,1874.872,,,,,6.492518043757046,118.55135765703426,positive
Video,video,1,OpenBCI-RAW-2026-06-05_15-20-10.txt,vertical-saccade-like,470368.0,1881.472,,,,,-8.101150103917389,-189.26167765106908,negative
Video,video,1,OpenBCI-RAW-2026-06-05_15-20-10.txt,vertical-saccade-like,471787.0,1887.148,,,,,-9.972626343950814,-168.9333289780248,negative
Video,video,1,OpenBCI-RAW-2026-06-05_15-20-10.txt,vertical-saccade-like,472469.0,1889.876,,,,,-11.353763782210626,-213.54225560124456,negative
Video,video,1,OpenBCI-RAW-2026-06-05_15-20-10.txt,vertical-saccade-like,472996.0,1891.984,,,,,12.155378342661068,314.11276995176615,positive
Eyes open,eyes_open,1,OpenBCI-RAW-2026-06-05_16-32-02.txt,blink-like,504.0,2.016,-986.2487544545398,-222.50099977681478,0.3386205377313697,0.6632609358252617,,,
Eyes open,eyes_open,1,OpenBCI-RAW-2026-06-05_16-32-02.txt,blink-like,768.0,3.072,306.014993934035,68.96298182168083,0.33263001297163763,0.670137804631699,,,
Eyes open,eyes_open,1,OpenBCI-RAW-2026-06-05_16-32-02.txt,blink-like,1051.0,4.204,-312.203190830426,-70.4732082383864,1.1052933509601783,0.09935003798270281,,,
Eyes open,eyes_open,1,OpenBCI-RAW-2026-06-05_16-32-02.txt,blink-like,1223.0,4.892,-343.3421651173619,-77.49645673535998,4.542450030390061,0.07532536490906477,,,
Eyes open,eyes_open,1,OpenBCI-RAW-2026-06-05_16-32-02.txt,blink-like,2519.0,10.076,-261.75873023999907,-59.09569853759332,18.159452976094187,0.07802613962602299,,,
Eyes open,eyes_open,1,OpenBCI-RAW-2026-06-05_16-32-02.txt,blink-like,2676.0,10.704,-416.8081009174585,-94.06635137711308,13.859278105999024,0.08244399243377484,,,
Eyes open,eyes_open,1,OpenBCI-RAW-2026-06-05_16-32-02.txt,blink-like,4644.0,18.576,-542.3317498698262,-122.3776172112359,14.029017869349742,0.10798492411016923,,,
Eyes open,eyes_open,1,OpenBCI-RAW-2026-06-05_16-32-02.txt,blink-like,4949.0,19.796,-235.3694303040593,-53.14371664495175,13.166066245770098,0.08601038317997155,,,
Eyes open,eyes_open,1,OpenBCI-RAW-2026-06-05_16-32-02.txt,blink-like,6954.0,27.816,-314.2537333198024,-70.93569840661699,15.429401188231234,0.0772894029540039,,,
Eyes open,eyes_open,1,OpenBCI-RAW-2026-06-05_16-32-02.txt,blink-like,8288.0,33.152,-155.29838788247798,-35.08407141847387,2.25795945328253,0.21764210838226428,,,
Eyes open,eyes_open,1,OpenBCI-RAW-2026-06-05_16-32-02.txt,blink-like,8383.0,33.532,96.48309001250756,21.704051077058413,9.219672616850179,0.4603641383670838,,,
Eyes open,eyes_open,1,OpenBCI-RAW-2026-06-05_16-32-02.txt,blink-like,8485.0,33.94,-287.8360042327972,-64.97730445330025,18.09982695292846,0.08145216214972606,,,
Eyes open,eyes_open,1,OpenBCI-RAW-2026-06-05_16-32-02.txt,blink-like,14954.0,59.816,-222.92318330920227,-50.33652445248878,11.222639116242354,0.0800576522194242,,,
Eyes open,eyes_open,1,OpenBCI-RAW-2026-06-05_16-32-02.txt,blink-like,17043.0,68.172,23.644833800128666,5.275726600089741,8.562682857928475,0.10217427573383611,,,
Eyes open,eyes_open,1,OpenBCI-RAW-2026-06-05_16-32-02.txt,blink-like,18304.0,73.216,-174.9058876093125,-39.5064503227037,13.517475587324085,0.08826580291618302,,,
Eyes open,eyes_open,1,OpenBCI-RAW-2026-06-05_16-32-02.txt,blink-like,20960.0,83.84,-330.8845090608042,-74.68669128294623,12.33096002718781,0.08332108627505659,,,
Eyes open,eyes_open,1,OpenBCI-RAW-2026-06-05_16-32-02.txt,blink-like,26782.0,107.128,-330.5362369039543,-74.60814014379841,6.913381074350077,0.09297023544927652,,,
Eyes open,eyes_open,1,OpenBCI-RAW-2026-06-05_16-32-02.txt,blink-like,27775.0,111.1,24.134356472952025,5.386136125607849,2.7548645415945554,0.146347759214259,,,
Eyes open,eyes_open,1,OpenBCI-RAW-2026-06-05_16-32-02.txt,blink-like,29330.0,117.32,-414.56602250953546,-93.56066118759554,8.565580066635,0.10732555491522362,,,
Eyes open,eyes_open,1,OpenBCI-RAW-2026-06-05_16-32-02.txt,horizontal-saccade-like,1700.0,6.8,,,,,54.166764418726174,359.3100060250781,positive
Eyes open,eyes_open,1,OpenBCI-RAW-2026-06-05_16-32-02.txt,horizontal-saccade-like,1750.0,7.0,,,,,55.67295966079752,366.74911919907845,positive
Eyes open,eyes_open,1,OpenBCI-RAW-2026-06-05_16-32-02.txt,horizontal-saccade-like,1879.0,7.516,,,,,50.951267336342084,337.2867683782033,positive
Eyes open,eyes_open,1,OpenBCI-RAW-2026-06-05_16-32-02.txt,horizontal-saccade-like,2815.0,11.26,,,,,-13.077410677987421,-82.55996543091942,negative
Eyes open,eyes_open,1,OpenBCI-RAW-2026-06-05_16-32-02.txt,horizontal-saccade-like,3016.0,12.064,,,,,-16.93048226566425,-105.37111782217698,negative
Eyes open,eyes_open,1,OpenBCI-RAW-2026-06-05_16-32-02.txt,horizontal-saccade-like,3209.0,12.836,,,,,-15.003302643065725,-100.45402414826822,negative
Eyes open,eyes_open,1,OpenBCI-RAW-2026-06-05_16-32-02.txt,horizontal-saccade-like,3275.0,13.1,,,,,-13.706600204952833,-88.25072461936861,negative
Eyes open,eyes_open,1,OpenBCI-RAW-2026-06-05_16-32-02.txt,horizontal-saccade-like,3349.0,13.396,,,,,-13.250455224008359,-86.50017646529386,negative
Eyes open,eyes_open,1,OpenBCI-RAW-2026-06-05_16-32-02.txt,horizontal-saccade-like,3412.0,13.648,,,,,-11.618656870365227,-76.38389888186589,negative
Eyes open,eyes_open,1,OpenBCI-RAW-2026-06-05_16-32-02.txt,horizontal-saccade-like,3537.0,14.148,,,,,-8.057365159590628,-47.62597282648312,negative
Eyes open,eyes_open,1,OpenBCI-RAW-2026-06-05_16-32-02.txt,vertical-saccade-like,1711.0,6.844,,,,,-24.65491871416259,-127.6668006779546,negative
Eyes open,eyes_open,1,OpenBCI-RAW-2026-06-05_16-32-02.txt,vertical-saccade-like,2852.0,11.408,,,,,7.278308750176314,35.08743306289375,positive
Eyes open,eyes_open,1,OpenBCI-RAW-2026-06-05_16-32-02.txt,vertical-saccade-like,2912.0,11.648,,,,,7.695443102997277,35.372307481901316,positive
Eyes open,eyes_open,1,OpenBCI-RAW-2026-06-05_16-32-02.txt,vertical-saccade-like,3232.0,12.928,,,,,7.869932077568052,39.206643107156424,positive
Eyes open,eyes_open,1,OpenBCI-RAW-2026-06-05_16-32-02.txt,vertical-saccade-like,7083.0,28.332,,,,,-6.2417372016339066,-21.119517228448416,negative
Eyes open,eyes_open,1,OpenBCI-RAW-2026-06-05_16-32-02.txt,vertical-saccade-like,24517.0,98.068,,,,,6.077310488896083,17.84422540653022,positive
